id,repo,target_file,kind,signature,base_status,base_compiles,base_files,base_secs,base_hash,new_status,new_compiles,new_files,new_secs,new_hash
checkstyle-0001,checkstyle,com/puppycrawl/tools/checkstyle/checks/coding/FinalLocalVariableCheck.java,method,"com.puppycrawl.tools.checkstyle.checks.coding.FinalLocalVariableCheck#removeFinalVariableCandidateFromStack(DetailAST)",ok,compiles,8,15.0,50f1a0e6528f,ok,compiles,8,26.0,50f1a0e6528f
checkstyle-0002,checkstyle,com/puppycrawl/tools/checkstyle/checks/imports/AvoidStaticImportCheck.java,method,"com.puppycrawl.tools.checkstyle.checks.imports.AvoidStaticImportCheck#isExempt(String)",ok,compiles,7,17.7,fed266485130,ok,compiles,7,22.6,fed266485130
checkstyle-0003,checkstyle,com/puppycrawl/tools/checkstyle/checks/regexp/RegexpSinglelineJavaCheck.java,field,"com.puppycrawl.tools.checkstyle.checks.regexp.RegexpSinglelineJavaCheck#MSG_REGEXP_EXCEEDED",ok,compiles,7,20.7,21aaec2cb519,ok,compiles,7,23.2,21aaec2cb519
checkstyle-0004,checkstyle,com/puppycrawl/tools/checkstyle/utils/CheckUtil.java,method,"com.puppycrawl.tools.checkstyle.utils.CheckUtil#getSmallestIndent(Collection<String>)",ok,compiles,2,19.8,b1782fcf6334,ok,compiles,2,23.7,b1782fcf6334
checkstyle-0005,checkstyle,com/puppycrawl/tools/checkstyle/site/SearchIndexGenerator.java,field,"com.puppycrawl.tools.checkstyle.site.SearchIndexGenerator#SPACE",ok,compiles,1,20.1,285db01f00d4,ok,compiles,1,24.1,285db01f00d4
checkstyle-0006,checkstyle,com/puppycrawl/tools/checkstyle/checks/metrics/ClassFanOutComplexityCheck.java,method,"com.puppycrawl.tools.checkstyle.checks.metrics.ClassFanOutComplexityCheck#setExcludedClasses(String...)",ok,compiles,8,23.5,5b5741d648ab,ok,compiles,8,24.5,5b5741d648ab
checkstyle-0007,checkstyle,com/puppycrawl/tools/checkstyle/checks/NoCodeInFileCheck.java,method,"com.puppycrawl.tools.checkstyle.checks.NoCodeInFileCheck#finishTree(DetailAST)",ok,compiles,8,22.2,0b757337ac63,ok,compiles,8,20.3,0b757337ac63
checkstyle-0008,checkstyle,com/puppycrawl/tools/checkstyle/checks/metrics/JavaNCSSCheck.java,method,"com.puppycrawl.tools.checkstyle.checks.metrics.JavaNCSSCheck#setClassMaximum(int)",ok,compiles,7,23.1,ef9618704ea5,ok,compiles,7,20.5,ef9618704ea5
checkstyle-0009,checkstyle,com/puppycrawl/tools/checkstyle/checks/header/MultiFileRegexpHeaderCheck.java,field,"com.puppycrawl.tools.checkstyle.checks.header.MultiFileRegexpHeaderCheck#MSG_HEADER_MISMATCH",ok,compiles,9,23.2,418a640b0213,ok,compiles,9,21.2,418a640b0213
checkstyle-0010,checkstyle,com/puppycrawl/tools/checkstyle/checks/regexp/MultilineDetector.java,field,"com.puppycrawl.tools.checkstyle.checks.regexp.MultilineDetector#emptyMessage",ok,compiles,1,21.8,2e15a1674378,ok,compiles,1,20.2,2e15a1674378
checkstyle-0011,checkstyle,com/puppycrawl/tools/checkstyle/checks/javadoc/JavadocContentLocationCheck.java,field,"com.puppycrawl.tools.checkstyle.checks.javadoc.JavadocContentLocationCheck#MSG_JAVADOC_CONTENT_FIRST_LINE",ok,compiles,7,23.5,f611549eb6ce,ok,compiles,7,23.7,f611549eb6ce
checkstyle-0012,checkstyle,com/puppycrawl/tools/checkstyle/checks/javadoc/JavadocTag.java,field,"com.puppycrawl.tools.checkstyle.checks.javadoc.JavadocTag#lineNo",ok,compiles,1,18.7,285177ac908d,ok,compiles,1,19.8,285177ac908d
checkstyle-0013,checkstyle,com/puppycrawl/tools/checkstyle/JavadocCommentsAstVisitor.java,method,"com.puppycrawl.tools.checkstyle.JavadocCommentsAstVisitor#create(Token)",ok,compiles,8,24.0,71a669a9f0ae,ok,compiles,8,23.9,71a669a9f0ae
checkstyle-0014,checkstyle,com/puppycrawl/tools/checkstyle/checks/whitespace/EmptyLineSeparatorCheck.java,method,"com.puppycrawl.tools.checkstyle.checks.whitespace.EmptyLineSeparatorCheck#EmptyLineSeparatorCheck()",ok,compiles,7,20.9,8b5b12552c3e,ok,compiles,7,21.6,8b5b12552c3e
checkstyle-0015,checkstyle,com/puppycrawl/tools/checkstyle/checks/coding/UnusedLambdaParameterShouldBeUnnamedCheck.java,method,"com.puppycrawl.tools.checkstyle.checks.coding.UnusedLambdaParameterShouldBeUnnamedCheck.LambdaParameterDetails#LambdaParameterDetails(DetailAST,DetailAST)",ok,compiles,8,19.7,7cdb4a303fa2,ok,compiles,8,20.9,7cdb4a303fa2
checkstyle-0016,checkstyle,com/puppycrawl/tools/checkstyle/DetailAstImpl.java,method,"com.puppycrawl.tools.checkstyle.DetailAstImpl#getChildCount(int)",ok,compiles,2,19.4,73f599829489,ok,compiles,2,20.6,73f599829489
checkstyle-0017,checkstyle,com/puppycrawl/tools/checkstyle/JavadocCommentsAstVisitor.java,field,"com.puppycrawl.tools.checkstyle.JavadocCommentsAstVisitor#firstNonTightHtmlTag",ok,compiles,4,20.2,acb2311cb819,ok,compiles,4,20.3,acb2311cb819
checkstyle-0018,checkstyle,com/puppycrawl/tools/checkstyle/checks/indentation/AbstractExpressionHandler.java,method,"com.puppycrawl.tools.checkstyle.checks.indentation.AbstractExpressionHandler#getIndentCheck()",ok,compiles,8,20.7,269421139744,ok,compiles,8,19.0,269421139744
checkstyle-0019,checkstyle,com/puppycrawl/tools/checkstyle/checks/javadoc/JavadocParagraphCheck.java,field,"com.puppycrawl.tools.checkstyle.checks.javadoc.JavadocParagraphCheck#MSG_MISPLACED_TAG",ok,compiles,8,20.5,2da3e2d1a968,ok,compiles,8,23.3,2da3e2d1a968
checkstyle-0020,checkstyle,com/puppycrawl/tools/checkstyle/checks/javadoc/IllegalBlockTagCheck.java,method,"com.puppycrawl.tools.checkstyle.checks.javadoc.IllegalBlockTagCheck#visitJavadocToken(DetailNode)",crash,na,0,20.7,da39a3ee5e6b,crash,na,0,21.6,da39a3ee5e6b
checkstyle-0021,checkstyle,com/puppycrawl/tools/checkstyle/checks/indentation/AbstractExpressionHandler.java,method,"com.puppycrawl.tools.checkstyle.checks.indentation.AbstractExpressionHandler#getFirstAstNode(DetailAST)",ok,compiles,2,20.2,44e96659e67f,ok,compiles,2,22.8,44e96659e67f
checkstyle-0022,checkstyle,com/puppycrawl/tools/checkstyle/checks/coding/UnnecessaryParenthesesCheck.java,field,"com.puppycrawl.tools.checkstyle.checks.coding.UnnecessaryParenthesesCheck#RELATIONAL_OPERATOR",ok,compiles,8,21.2,5972c7e0f387,ok,compiles,8,22.5,5972c7e0f387
checkstyle-0023,checkstyle,com/puppycrawl/tools/checkstyle/site/SearchIndexGenerator.java,field,"com.puppycrawl.tools.checkstyle.site.SearchIndexGenerator#entries",ok,compiles,2,17.3,357fa2c9b487,ok,compiles,2,18.8,357fa2c9b487
checkstyle-0024,checkstyle,com/puppycrawl/tools/checkstyle/PackageNamesLoader.java,field,"com.puppycrawl.tools.checkstyle.PackageNamesLoader#DTD_PUBLIC_CS_ID",ok,compiles,2,20.9,b45296eda2b8,ok,compiles,2,19.4,b45296eda2b8
checkstyle-0025,checkstyle,com/puppycrawl/tools/checkstyle/checks/imports/UnnecessaryFullyQualifiedTypeCheck.java,method,"com.puppycrawl.tools.checkstyle.checks.imports.UnnecessaryFullyQualifiedTypeCheck#resolvesToQualifiedReference(String)",ok,fails,7,21.2,dc1f64087b41,ok,fails,7,25.3,dc1f64087b41
checkstyle-0026,checkstyle,com/puppycrawl/tools/checkstyle/api/FileContents.java,method,"com.puppycrawl.tools.checkstyle.api.FileContents#reportBlockComment(int,int,int,int)",ok,compiles,4,24.6,058e53cf4123,ok,compiles,4,23.6,058e53cf4123
checkstyle-0027,checkstyle,com/puppycrawl/tools/checkstyle/checks/whitespace/TypecastParenPadCheck.java,method,"com.puppycrawl.tools.checkstyle.checks.whitespace.TypecastParenPadCheck#visitToken(DetailAST)",ok,compiles,11,28.8,c0f734b21b58,ok,compiles,11,26.8,c0f734b21b58
checkstyle-0028,checkstyle,com/puppycrawl/tools/checkstyle/checks/naming/ParameterNameCheck.java,method,"com.puppycrawl.tools.checkstyle.checks.naming.ParameterNameCheck#setIgnoreOverridden(boolean)",ok,compiles,8,27.3,1b23533d46f6,ok,compiles,8,25.3,1b23533d46f6
checkstyle-0029,checkstyle,com/puppycrawl/tools/checkstyle/checks/coding/ArrayTrailingCommaCheck.java,method,"com.puppycrawl.tools.checkstyle.checks.coding.ArrayTrailingCommaCheck#getDefaultTokens()",crash,na,0,25.9,da39a3ee5e6b,crash,na,0,19.1,da39a3ee5e6b
checkstyle-0030,checkstyle,com/puppycrawl/tools/checkstyle/checks/coding/OneStatementPerLineCheck.java,field,"com.puppycrawl.tools.checkstyle.checks.coding.OneStatementPerLineCheck#isInLambda",ok,compiles,7,26.4,d17ea7f595cf,ok,compiles,7,22.1,d17ea7f595cf
checkstyle-0031,checkstyle,com/puppycrawl/tools/checkstyle/checks/naming/InterfaceTypeParameterNameCheck.java,method,"com.puppycrawl.tools.checkstyle.checks.naming.InterfaceTypeParameterNameCheck#getDefaultTokens()",crash,na,0,21.0,da39a3ee5e6b,crash,na,0,18.2,da39a3ee5e6b
checkstyle-0032,checkstyle,com/puppycrawl/tools/checkstyle/DefaultConfiguration.java,method,"com.puppycrawl.tools.checkstyle.DefaultConfiguration#addChild(Configuration)",ok,compiles,2,19.7,650d884c4c5b,ok,compiles,2,20.1,650d884c4c5b
checkstyle-0033,checkstyle,com/puppycrawl/tools/checkstyle/gui/ParseTreeTablePresentation.java,field,"com.puppycrawl.tools.checkstyle.gui.ParseTreeTablePresentation#root",ok,compiles,2,15.8,e21ee1cb1862,ok,compiles,2,16.7,e21ee1cb1862
checkstyle-0034,checkstyle,com/puppycrawl/tools/checkstyle/checks/coding/FinalLocalVariableCheck.java,field,"com.puppycrawl.tools.checkstyle.checks.coding.FinalLocalVariableCheck#scopeStack",ok,compiles,7,19.8,aa48e215555c,ok,compiles,7,19.2,aa48e215555c
checkstyle-0035,checkstyle,com/puppycrawl/tools/checkstyle/xpath/RootNode.java,method,"com.puppycrawl.tools.checkstyle.xpath.RootNode#createChildren()",crash,na,0,18.6,da39a3ee5e6b,crash,na,0,17.8,da39a3ee5e6b
checkstyle-0036,checkstyle,com/puppycrawl/tools/checkstyle/api/TokenTypes.java,field,"com.puppycrawl.tools.checkstyle.api.TokenTypes#MODULE_IMPORT",ok,compiles,2,20.1,2690e0a50a2b,ok,compiles,2,18.8,2690e0a50a2b
checkstyle-0037,checkstyle,com/puppycrawl/tools/checkstyle/filters/SuppressWithNearbyTextFilter.java,field,"com.puppycrawl.tools.checkstyle.filters.SuppressWithNearbyTextFilter.Suppression#firstLine",ok,compiles,5,16.7,66ab53d7f83b,ok,compiles,5,19.0,66ab53d7f83b
checkstyle-0038,checkstyle,com/puppycrawl/tools/checkstyle/checks/coding/ParameterAssignmentCheck.java,field,"com.puppycrawl.tools.checkstyle.checks.coding.ParameterAssignmentCheck#parameterNamesStack",ok,compiles,7,23.1,46138899a247,ok,compiles,7,27.2,46138899a247
checkstyle-0039,checkstyle,com/puppycrawl/tools/checkstyle/checks/coding/IllegalTypeCheck.java,method,"com.puppycrawl.tools.checkstyle.checks.coding.IllegalTypeCheck#checkTypeParameters(DetailAST)",ok,compiles,11,23.6,8a00f5a3da31,ok,compiles,11,27.9,8a00f5a3da31
checkstyle-0040,checkstyle,com/puppycrawl/tools/checkstyle/utils/InlineConfigUtils.java,field,"com.puppycrawl.tools.checkstyle.utils.InlineConfigUtils#JAVA_XML_CONFIG_START",ok,compiles,1,20.7,736806fd80ad,ok,compiles,1,23.0,736806fd80ad
checkstyle-0041,checkstyle,com/puppycrawl/tools/checkstyle/checks/javadoc/MissingJavadocMethodCheck.java,method,"com.puppycrawl.tools.checkstyle.checks.javadoc.MissingJavadocMethodCheck#getDefaultTokens()",crash,na,0,18.5,da39a3ee5e6b,crash,na,0,25.0,da39a3ee5e6b
checkstyle-0042,checkstyle,com/puppycrawl/tools/checkstyle/checks/design/DesignForExtensionCheck.java,method,"com.puppycrawl.tools.checkstyle.checks.design.DesignForExtensionCheck#canBeSubclassed(DetailAST)",ok,compiles,10,23.0,dfd10b94925b,ok,compiles,10,23.8,dfd10b94925b
checkstyle-0043,checkstyle,com/puppycrawl/tools/checkstyle/checks/DescendantTokenCheck.java,method,"com.puppycrawl.tools.checkstyle.checks.DescendantTokenCheck#getRequiredTokens()",crash,na,0,20.7,da39a3ee5e6b,crash,na,0,19.7,da39a3ee5e6b
checkstyle-0044,checkstyle,com/puppycrawl/tools/checkstyle/TreeWalker.java,field,"com.puppycrawl.tools.checkstyle.TreeWalker#tokenToCommentChecks",crash,na,0,17.3,da39a3ee5e6b,crash,na,0,16.5,da39a3ee5e6b
checkstyle-0045,checkstyle,com/puppycrawl/tools/checkstyle/api/JavadocCommentsTokenTypes.java,field,"com.puppycrawl.tools.checkstyle.api.JavadocCommentsTokenTypes#TYPE_ARGUMENT",ok,compiles,2,21.3,8ab41a6d3ed7,ok,compiles,2,21.5,8ab41a6d3ed7
checkstyle-0046,checkstyle,com/puppycrawl/tools/checkstyle/XmlLoader.java,method,"com.puppycrawl.tools.checkstyle.XmlLoader#XmlLoader(Map<String,String>)",ok,compiles,1,22.3,1c4d38b8fbb9,ok,compiles,1,23.8,1c4d38b8fbb9
checkstyle-0047,checkstyle,com/puppycrawl/tools/checkstyle/utils/BlockCommentPosition.java,method,"com.puppycrawl.tools.checkstyle.utils.BlockCommentPosition#isOnConstructor(DetailAST)",ok,compiles,3,19.6,f9cc0dafc8a9,ok,compiles,3,20.7,f9cc0dafc8a9
checkstyle-0048,checkstyle,com/puppycrawl/tools/checkstyle/api/DetailAST.java,method,"com.puppycrawl.tools.checkstyle.api.DetailAST#findFirstToken(int)",ok,compiles,2,20.7,dea902a915f2,ok,compiles,2,23.9,dea902a915f2
checkstyle-0049,checkstyle,com/puppycrawl/tools/checkstyle/checks/indentation/ObjectBlockHandler.java,method,"com.puppycrawl.tools.checkstyle.checks.indentation.ObjectBlockHandler#getRightCurly()",ok,compiles,6,25.0,726004c1a4e7,ok,compiles,6,22.2,726004c1a4e7
checkstyle-0050,checkstyle,com/puppycrawl/tools/checkstyle/checks/blocks/RightCurlyCheck.java,field,"com.puppycrawl.tools.checkstyle.checks.blocks.RightCurlyCheck#MSG_KEY_LINE_BREAK_BEFORE",ok,compiles,7,23.9,5e27b75beeca,ok,compiles,7,23.1,5e27b75beeca
checkstyle-0051,checkstyle,com/puppycrawl/tools/checkstyle/checks/sizes/AnonInnerLengthCheck.java,method,"com.puppycrawl.tools.checkstyle.checks.sizes.AnonInnerLengthCheck#setMax(int)",ok,compiles,7,21.7,a3d2cab1c510,ok,compiles,7,21.6,a3d2cab1c510
checkstyle-0052,checkstyle,com/puppycrawl/tools/checkstyle/api/TokenTypes.java,field,"com.puppycrawl.tools.checkstyle.api.TokenTypes#LITERAL_INT",ok,compiles,2,22.2,a64815cb5258,ok,compiles,2,21.4,a64815cb5258
checkstyle-0053,checkstyle,com/puppycrawl/tools/checkstyle/api/DetailNode.java,method,"com.puppycrawl.tools.checkstyle.api.DetailNode#getFirstChild()",ok,compiles,1,19.8,71ce0c6ab17f,ok,compiles,1,18.4,71ce0c6ab17f
checkstyle-0054,checkstyle,com/puppycrawl/tools/checkstyle/checks/whitespace/GenericWhitespaceCheck.java,field,"com.puppycrawl.tools.checkstyle.checks.whitespace.GenericWhitespaceCheck#MSG_WS_NOT_PRECEDED",ok,compiles,7,24.1,64954a3472ab,ok,compiles,7,23.6,64954a3472ab
checkstyle-0055,checkstyle,com/puppycrawl/tools/checkstyle/filters/SuppressionXpathFilter.java,field,"com.puppycrawl.tools.checkstyle.filters.SuppressionXpathFilter#file",ok,compiles,6,20.5,54763eda347d,ok,compiles,6,21.5,54763eda347d
checkstyle-0056,checkstyle,com/puppycrawl/tools/checkstyle/filters/SuppressionCommentFilter.java,field,"com.puppycrawl.tools.checkstyle.filters.SuppressionCommentFilter.Tag#tagType",ok,compiles,5,20.9,497b7b48ac14,ok,compiles,5,22.3,497b7b48ac14
checkstyle-0057,checkstyle,com/puppycrawl/tools/checkstyle/checks/coding/RequireThisCheck.java,method,"com.puppycrawl.tools.checkstyle.checks.coding.RequireThisCheck.AnonymousClassFrame#AnonymousClassFrame(AbstractFrame,String)",ok,compiles,8,26.0,4ff54d5a6def,ok,compiles,8,22.0,4ff54d5a6def
checkstyle-0058,checkstyle,com/puppycrawl/tools/checkstyle/JavadocCommentsAstVisitor.java,method,"com.puppycrawl.tools.checkstyle.JavadocCommentsAstVisitor#isJavadocTag(int)",ok,compiles,4,27.7,6c60761d25b0,ok,compiles,4,23.6,6c60761d25b0
checkstyle-0059,checkstyle,com/puppycrawl/tools/checkstyle/checks/javadoc/JavadocMethodCheck.java,method,"com.puppycrawl.tools.checkstyle.checks.javadoc.JavadocMethodCheck#collectInheritDoc()",ok,compiles,9,25.1,38158f25a768,ok,compiles,9,22.6,38158f25a768
checkstyle-0060,checkstyle,com/puppycrawl/tools/checkstyle/checks/DescendantTokenCheck.java,method,"com.puppycrawl.tools.checkstyle.checks.DescendantTokenCheck#setMinimumMessage(String)",ok,compiles,7,22.3,c41ec8649836,ok,compiles,7,18.9,c41ec8649836
checkstyle-0061,checkstyle,com/puppycrawl/tools/checkstyle/api/AbstractFileSetCheck.java,method,"com.puppycrawl.tools.checkstyle.api.AbstractFileSetCheck#setFileExtensions(String...)",ok,compiles,6,19.5,4799e7d4819b,ok,compiles,6,17.9,4799e7d4819b
checkstyle-0062,checkstyle,com/puppycrawl/tools/checkstyle/checks/naming/LocalVariableNameCheck.java,method,"com.puppycrawl.tools.checkstyle.checks.naming.LocalVariableNameCheck#isForLoopVariable(DetailAST)",ok,compiles,10,20.7,929730f71559,ok,compiles,10,21.3,929730f71559
checkstyle-0063,checkstyle,com/puppycrawl/tools/checkstyle/checks/indentation/AbstractExpressionHandler.java,method,"com.puppycrawl.tools.checkstyle.checks.indentation.AbstractExpressionHandler#getParent()",ok,compiles,1,16.2,a42c2cb06346,ok,compiles,1,16.4,a42c2cb06346
checkstyle-0064,checkstyle,com/puppycrawl/tools/checkstyle/checks/whitespace/EmptyLineSeparatorCheck.java,field,"com.puppycrawl.tools.checkstyle.checks.whitespace.EmptyLineSeparatorCheck#TOKENS_TO_CHECK_FOR_PRECEDING_COMMENTS",ok,compiles,8,21.5,a144fbb4945e,ok,compiles,8,20.7,a144fbb4945e
checkstyle-0065,checkstyle,com/puppycrawl/tools/checkstyle/checks/coding/SimplifyBooleanExpressionCheck.java,method,"com.puppycrawl.tools.checkstyle.checks.coding.SimplifyBooleanExpressionCheck#visitToken(DetailAST)",ok,fails,10,22.8,914e8c819842,ok,fails,10,23.3,914e8c819842
checkstyle-0066,checkstyle,com/puppycrawl/tools/checkstyle/JavadocCommentsAstVisitor.java,method,"com.puppycrawl.tools.checkstyle.JavadocCommentsAstVisitor#buildImaginaryNode(int,ParserRuleContext)",ok,compiles,6,19.3,df79f84258bc,ok,compiles,6,19.5,df79f84258bc
checkstyle-0067,checkstyle,com/puppycrawl/tools/checkstyle/XmlLoader.java,field,"com.puppycrawl.tools.checkstyle.XmlLoader#parser",ok,compiles,1,18.4,c99a35381e1e,ok,compiles,1,19.8,c99a35381e1e
checkstyle-0068,checkstyle,com/puppycrawl/tools/checkstyle/site/SearchIndexGenerator.java,field,"com.puppycrawl.tools.checkstyle.site.SearchIndexGenerator#DOC_EXTENSION",ok,compiles,1,17.3,9d93e7ff208a,ok,compiles,1,16.2,9d93e7ff208a
checkstyle-0069,checkstyle,com/puppycrawl/tools/checkstyle/checks/naming/LambdaParameterNameCheck.java,method,"com.puppycrawl.tools.checkstyle.checks.naming.LambdaParameterNameCheck#getDefaultTokens()",crash,na,0,18.7,da39a3ee5e6b,crash,na,0,18.3,da39a3ee5e6b
checkstyle-0070,checkstyle,com/puppycrawl/tools/checkstyle/checks/naming/MemberNameCheck.java,method,"com.puppycrawl.tools.checkstyle.checks.naming.MemberNameCheck#MemberNameCheck()",ok,compiles,9,20.7,b4814493f86d,ok,compiles,9,20.4,b4814493f86d
checkstyle-0071,checkstyle,com/puppycrawl/tools/checkstyle/checks/coding/ModifiedControlVariableCheck.java,method,"com.puppycrawl.tools.checkstyle.checks.coding.ModifiedControlVariableCheck#findChildrenOfExpressionType(DetailAST)",ok,compiles,10,22.6,dc6267aa81c5,ok,compiles,10,22.4,dc6267aa81c5
checkstyle-0072,checkstyle,com/puppycrawl/tools/checkstyle/checks/coding/MagicNumberCheck.java,method,"com.puppycrawl.tools.checkstyle.checks.coding.MagicNumberCheck#setIgnoreHashCodeMethod(boolean)",ok,compiles,7,19.8,eb4646d68bbc,ok,compiles,7,20.3,eb4646d68bbc
checkstyle-0073,checkstyle,com/puppycrawl/tools/checkstyle/gui/TreeTable.java,method,"com.puppycrawl.tools.checkstyle.gui.TreeTable#setRowHeight(int)",ok,compiles,2,22.5,e3f3c5c1997e,ok,compiles,2,20.9,e3f3c5c1997e
checkstyle-0074,checkstyle,com/puppycrawl/tools/checkstyle/checks/naming/AbbreviationAsWordInNameCheck.java,method,"com.puppycrawl.tools.checkstyle.checks.naming.AbbreviationAsWordInNameCheck#getDefaultTokens()",crash,na,0,19.4,da39a3ee5e6b,crash,na,0,19.0,da39a3ee5e6b
checkstyle-0075,checkstyle,com/puppycrawl/tools/checkstyle/SarifLogger.java,field,"com.puppycrawl.tools.checkstyle.SarifLogger#A_QUOTE_PATTERN",ok,compiles,5,19.4,2e68d9686d3d,ok,compiles,5,21.4,2e68d9686d3d
checkstyle-0076,checkstyle,com/puppycrawl/tools/checkstyle/checks/coding/UnnecessarySemicolonInTryWithResourcesCheck.java,method,"com.puppycrawl.tools.checkstyle.checks.coding.UnnecessarySemicolonInTryWithResourcesCheck#getDefaultTokens()",crash,na,0,20.8,da39a3ee5e6b,crash,na,0,22.0,da39a3ee5e6b
checkstyle-0077,checkstyle,com/puppycrawl/tools/checkstyle/checks/coding/StringLiteralEqualityCheck.java,field,"com.puppycrawl.tools.checkstyle.checks.coding.StringLiteralEqualityCheck#MSG_KEY",ok,compiles,7,25.3,d97a53fe23df,ok,compiles,7,27.2,d97a53fe23df
checkstyle-0078,checkstyle,com/puppycrawl/tools/checkstyle/api/TokenTypes.java,field,"com.puppycrawl.tools.checkstyle.api.TokenTypes#LITERAL_CLASS",ok,compiles,2,23.0,7ec82489d52f,ok,compiles,2,21.1,7ec82489d52f
checkstyle-0079,checkstyle,com/puppycrawl/tools/checkstyle/checks/design/DesignForExtensionCheck.java,method,"com.puppycrawl.tools.checkstyle.checks.design.DesignForExtensionCheck#canBeOverridden(DetailAST)",ok,compiles,12,26.8,c1cb883d0fd3,ok,compiles,12,23.6,c1cb883d0fd3
checkstyle-0080,checkstyle,com/puppycrawl/tools/checkstyle/checks/whitespace/EmptyLineSeparatorCheck.java,method,"com.puppycrawl.tools.checkstyle.checks.whitespace.EmptyLineSeparatorCheck#hasEmptyLineBefore(DetailAST)",ok,compiles,9,23.9,b8b236874955,ok,compiles,9,24.5,b8b236874955
checkstyle-0081,checkstyle,com/puppycrawl/tools/checkstyle/checks/naming/GoogleMethodNameCheck.java,method,"com.puppycrawl.tools.checkstyle.checks.naming.GoogleMethodNameCheck#getRequiredTokens()",crash,na,0,23.0,da39a3ee5e6b,crash,na,0,21.1,da39a3ee5e6b
checkstyle-0082,checkstyle,com/puppycrawl/tools/checkstyle/checks/whitespace/SeparatorWrapCheck.java,field,"com.puppycrawl.tools.checkstyle.checks.whitespace.SeparatorWrapCheck#MSG_LINE_NEW",ok,compiles,7,23.5,2c3e354dbba5,ok,compiles,7,21.4,2c3e354dbba5
checkstyle-0083,checkstyle,com/puppycrawl/tools/checkstyle/api/JavadocCommentsTokenTypes.java,field,"com.puppycrawl.tools.checkstyle.api.JavadocCommentsTokenTypes#COMMA",ok,compiles,2,20.7,475522956b53,ok,compiles,2,20.0,475522956b53
checkstyle-0084,checkstyle,com/puppycrawl/tools/checkstyle/checks/header/RegexpHeaderCheck.java,method,"com.puppycrawl.tools.checkstyle.checks.header.RegexpHeaderCheck#isMultiLine(int)",ok,compiles,10,21.8,c59b269879f9,ok,compiles,10,22.1,c59b269879f9
checkstyle-0085,checkstyle,com/puppycrawl/tools/checkstyle/checks/whitespace/ArrayBracketNoWhitespaceCheck.java,method,"com.puppycrawl.tools.checkstyle.checks.whitespace.ArrayBracketNoWhitespaceCheck#findNextToken(DetailAST)",ok,compiles,9,22.7,65920a58b264,ok,compiles,9,23.2,65920a58b264
checkstyle-0086,checkstyle,com/puppycrawl/tools/checkstyle/api/JavadocCommentsTokenTypes.java,field,"com.puppycrawl.tools.checkstyle.api.JavadocCommentsTokenTypes#RPAREN",ok,compiles,2,21.0,5946f9dcbe4d,ok,compiles,2,21.8,5946f9dcbe4d
checkstyle-0087,checkstyle,com/puppycrawl/tools/checkstyle/filters/XpathFilterElement.java,field,"com.puppycrawl.tools.checkstyle.filters.XpathFilterElement#xpathQuery",ok,compiles,2,20.8,67c33b78c120,ok,compiles,2,21.6,67c33b78c120
checkstyle-0088,checkstyle,com/puppycrawl/tools/checkstyle/SuppressionsStringPrinter.java,field,"com.puppycrawl.tools.checkstyle.SuppressionsStringPrinter#LINE_SEPARATOR",ok,compiles,1,21.3,1f592a7c63a8,ok,compiles,1,22.5,1f592a7c63a8
checkstyle-0089,checkstyle,com/puppycrawl/tools/checkstyle/checks/design/OneTopLevelClassCheck.java,method,"com.puppycrawl.tools.checkstyle.checks.design.OneTopLevelClassCheck#isPublic(DetailAST)",ok,compiles,10,24.2,68dac04da4c8,ok,compiles,10,23.6,68dac04da4c8
checkstyle-0090,checkstyle,com/puppycrawl/tools/checkstyle/checks/coding/OverloadMethodsDeclarationOrderCheck.java,method,"com.puppycrawl.tools.checkstyle.checks.coding.OverloadMethodsDeclarationOrderCheck#getDefaultTokens()",crash,na,0,23.5,da39a3ee5e6b,crash,na,0,21.7,da39a3ee5e6b
checkstyle-0091,checkstyle,com/puppycrawl/tools/checkstyle/checks/imports/UnnecessaryFullyQualifiedTypeCheck.java,method,"com.puppycrawl.tools.checkstyle.checks.imports.UnnecessaryFullyQualifiedTypeCheck#resolveViaOnDemandImport(String)",ok,compiles,8,24.4,4e5982bd8096,ok,compiles,8,25.9,4e5982bd8096
checkstyle-0092,checkstyle,com/puppycrawl/tools/checkstyle/checks/sizes/LineLengthCheck.java,field,"com.puppycrawl.tools.checkstyle.checks.sizes.LineLengthCheck#max",ok,compiles,8,23.7,52122511402d,ok,compiles,8,24.7,52122511402d
checkstyle-0093,checkstyle,com/puppycrawl/tools/checkstyle/site/SearchIndexGenerator.java,field,"com.puppycrawl.tools.checkstyle.site.SearchIndexGenerator#BODY",ok,compiles,1,24.2,7daae7f0d103,ok,compiles,1,23.1,7daae7f0d103
checkstyle-0094,checkstyle,com/puppycrawl/tools/checkstyle/checks/imports/AvoidStaticImportCheck.java,method,"com.puppycrawl.tools.checkstyle.checks.imports.AvoidStaticImportCheck#getRequiredTokens()",crash,na,0,23.2,da39a3ee5e6b,crash,na,0,23.1,da39a3ee5e6b
checkstyle-0095,checkstyle,com/puppycrawl/tools/checkstyle/checks/javadoc/JavadocParamOrderCheck.java,method,"com.puppycrawl.tools.checkstyle.checks.javadoc.JavadocParamOrderCheck#getDefaultJavadocTokens()",crash,na,0,24.0,da39a3ee5e6b,crash,na,0,23.8,da39a3ee5e6b
checkstyle-0096,checkstyle,com/puppycrawl/tools/checkstyle/api/JavadocCommentsTokenTypes.java,field,"com.puppycrawl.tools.checkstyle.api.JavadocCommentsTokenTypes#PARAM_BLOCK_TAG",ok,compiles,2,23.4,a9eb5905f679,ok,compiles,2,19.8,a9eb5905f679
checkstyle-0097,checkstyle,com/puppycrawl/tools/checkstyle/JavaAstVisitor.java,method,"com.puppycrawl.tools.checkstyle.JavaAstVisitor#buildExpressionNode(ParseTree)",ok,compiles,7,24.7,c7de57fc7548,ok,compiles,7,18.6,c7de57fc7548
checkstyle-0098,checkstyle,com/puppycrawl/tools/checkstyle/utils/CheckUtil.java,method,"com.puppycrawl.tools.checkstyle.utils.CheckUtil#parseClassNames(String...)",ok,compiles,2,22.9,25619d5ba096,ok,compiles,2,16.8,25619d5ba096
checkstyle-0099,checkstyle,com/puppycrawl/tools/checkstyle/checks/coding/EqualsAvoidNullCheck.java,method,"com.puppycrawl.tools.checkstyle.checks.coding.EqualsAvoidNullCheck#astTypeIsClassOrEnumOrRecordDef(int)",ok,compiles,8,22.6,5c4d1c16ff8f,ok,compiles,8,17.1,5c4d1c16ff8f
checkstyle-0100,checkstyle,com/puppycrawl/tools/checkstyle/filters/SuppressionsLoader.java,field,"com.puppycrawl.tools.checkstyle.filters.SuppressionsLoader#DTD_PUBLIC_CS_ID_1_2_XPATH_EXPERIMENTAL",ok,compiles,2,20.7,d6e04dafcf58,ok,compiles,2,14.9,d6e04dafcf58
commons-io-0001,commons-io,org/apache/commons/io/input/CountingInputStream.java,method,"org.apache.commons.io.input.CountingInputStream#CountingInputStream(InputStream)",ok,compiles,2,13.3,39919d53e689,ok,compiles,2,14.5,39919d53e689
commons-io-0002,commons-io,org/apache/commons/io/input/UncheckedFilterInputStream.java,method,"org.apache.commons.io.input.UncheckedFilterInputStream#available()",ok,fails,3,13.3,264555cccb68,ok,fails,3,13.8,264555cccb68
commons-io-0003,commons-io,org/apache/commons/io/function/IOStream.java,method,"org.apache.commons.io.function.IOStream#sorted(IOComparator<?superT>)",crash,na,0,11.8,da39a3ee5e6b,crash,na,0,13.0,da39a3ee5e6b
commons-io-0004,commons-io,org/apache/commons/io/monitor/FileAlterationObserver.java,method,"org.apache.commons.io.monitor.FileAlterationObserver.Builder#setIOCase(IOCase)",ok,compiles,5,13.7,067440f8951d,ok,compiles,5,12.4,067440f8951d
commons-io-0005,commons-io,org/apache/commons/io/filefilter/PrefixFileFilter.java,method,"org.apache.commons.io.filefilter.PrefixFileFilter#PrefixFileFilter(String,IOCase)",ok,compiles,6,18.0,7cf7815de44c,ok,compiles,6,14.3,7cf7815de44c
commons-io-0006,commons-io,org/apache/commons/io/output/UncheckedAppendableImpl.java,method,"org.apache.commons.io.output.UncheckedAppendableImpl#UncheckedAppendableImpl(Appendable)",ok,compiles,2,13.9,c42b812aec20,ok,compiles,2,12.0,c42b812aec20
commons-io-0007,commons-io,org/apache/commons/io/Charsets.java,method,"org.apache.commons.io.Charsets#toCharset(Charset)",ok,compiles,1,11.0,fa00755ebb06,ok,compiles,1,9.9,fa00755ebb06
commons-io-0008,commons-io,org/apache/commons/io/HexDump.java,method,"org.apache.commons.io.HexDump#dump(byte[],long,OutputStream,int)",ok,compiles,3,12.4,ede7d11fcd48,ok,compiles,3,11.2,ede7d11fcd48
commons-io-0009,commons-io,org/apache/commons/io/file/CopyDirectoryVisitor.java,method,"org.apache.commons.io.file.CopyDirectoryVisitor#getCopyOptions()",ok,compiles,4,11.6,d6ee1f1f2acc,ok,compiles,4,11.4,d6ee1f1f2acc
commons-io-0010,commons-io,org/apache/commons/io/FileUtils.java,method,"org.apache.commons.io.FileUtils#copyFileToDirectory(File,File,boolean)",ok,compiles,1,10.4,21b25c35eefc,ok,compiles,1,11.3,21b25c35eefc
commons-io-0011,commons-io,org/apache/commons/io/filefilter/AbstractFileFilter.java,method,"org.apache.commons.io.filefilter.AbstractFileFilter#toString()",ok,compiles,4,12.4,10e148737811,ok,compiles,4,12.6,10e148737811
commons-io-0012,commons-io,org/apache/commons/io/file/Counters.java,method,"org.apache.commons.io.file.Counters.LongPathCounters#LongPathCounters()",ok,compiles,1,10.2,b12aa1ac856c,ok,compiles,1,10.4,b12aa1ac856c
commons-io-0013,commons-io,org/apache/commons/io/DirectoryWalker.java,method,"org.apache.commons.io.DirectoryWalker.CancelException#CancelException(File,int)",ok,compiles,1,11.4,3c042abc7b3e,ok,compiles,1,10.7,3c042abc7b3e
commons-io-0014,commons-io,org/apache/commons/io/filefilter/SymbolicLinkFileFilter.java,method,"org.apache.commons.io.filefilter.SymbolicLinkFileFilter#SymbolicLinkFileFilter(FileVisitResult,FileVisitResult)",ok,compiles,5,12.4,07c5f5ddf907,ok,compiles,5,11.1,07c5f5ddf907
commons-io-0015,commons-io,org/apache/commons/io/input/ProxyReader.java,method,"org.apache.commons.io.input.ProxyReader#markSupported()",ok,compiles,1,9.6,24dd818b4b28,ok,compiles,1,8.7,24dd818b4b28
commons-io-0016,commons-io,org/apache/commons/io/input/ProxyReader.java,method,"org.apache.commons.io.input.ProxyReader#read()",ok,compiles,2,11.3,ad5ff89112aa,ok,compiles,2,12.7,ad5ff89112aa
commons-io-0017,commons-io,org/apache/commons/io/FileUtils.java,method,"org.apache.commons.io.FileUtils#listFiles(File,List<File>,boolean,FilenameFilter)",ok,compiles,1,11.4,023ddab679d1,ok,compiles,1,12.4,023ddab679d1
commons-io-0018,commons-io,org/apache/commons/io/file/CopyDirectoryVisitor.java,method,"org.apache.commons.io.file.CopyDirectoryVisitor#getTargetDirectory()",ok,compiles,4,12.3,b3de74c0a1f0,ok,compiles,4,13.6,b3de74c0a1f0
commons-io-0019,commons-io,org/apache/commons/io/input/MessageDigestInputStream.java,method,"org.apache.commons.io.input.MessageDigestInputStream#MessageDigestInputStream(Builder)",ok,compiles,7,13.4,b8c02030cd69,ok,compiles,7,14.7,b8c02030cd69
commons-io-0020,commons-io,org/apache/commons/io/function/IOSpliterator.java,method,"org.apache.commons.io.function.IOSpliterator#tryAdvance(IOConsumer<?superT>)",ok,fails,2,11.0,03732415e327,ok,fails,2,12.6,03732415e327
commons-io-0021,commons-io,org/apache/commons/io/comparator/PathFileComparator.java,field,"org.apache.commons.io.comparator.PathFileComparator#PATH_INSENSITIVE_COMPARATOR",ok,compiles,3,11.5,3521f323fc11,ok,compiles,3,11.8,3521f323fc11
commons-io-0022,commons-io,org/apache/commons/io/serialization/ValidatingObjectInputStream.java,method,"org.apache.commons.io.serialization.ValidatingObjectInputStream.Builder#accept(Pattern)",ok,fails,6,12.3,c9022def49c9,ok,fails,6,12.0,c9022def49c9
commons-io-0023,commons-io,org/apache/commons/io/output/AbstractByteArrayOutputStream.java,field,"org.apache.commons.io.output.AbstractByteArrayOutputStream#count",ok,compiles,1,12.3,314f19bf83dd,ok,compiles,1,11.1,314f19bf83dd
commons-io-0024,commons-io,org/apache/commons/io/function/IOSpliterator.java,method,"org.apache.commons.io.function.IOSpliterator#getComparator()",ok,compiles,2,11.8,03ee0b3877c0,ok,compiles,2,10.5,03ee0b3877c0
commons-io-0025,commons-io,org/apache/commons/io/filefilter/PathVisitorFileFilter.java,method,"org.apache.commons.io.filefilter.PathVisitorFileFilter#visitFile(Path,BasicFileAttributes)",ok,compiles,5,15.6,14d1787372df,ok,compiles,5,15.5,14d1787372df
commons-io-0026,commons-io,org/apache/commons/io/EndianUtils.java,method,"org.apache.commons.io.EndianUtils#writeSwappedDouble(OutputStream,double)",ok,compiles,1,12.3,100d248e4870,ok,compiles,1,11.1,100d248e4870
commons-io-0027,commons-io,org/apache/commons/io/filefilter/AbstractFileFilter.java,method,"org.apache.commons.io.filefilter.AbstractFileFilter#visitFile(Path,BasicFileAttributes)",ok,compiles,4,12.8,9745f6837d61,ok,compiles,4,14.3,9745f6837d61
commons-io-0028,commons-io,org/apache/commons/io/file/CountingPathVisitor.java,method,"org.apache.commons.io.file.CountingPathVisitor#toString()",ok,compiles,4,12.6,76357d1634c1,ok,compiles,4,13.0,76357d1634c1
commons-io-0029,commons-io,org/apache/commons/io/IOUtils.java,field,"org.apache.commons.io.IOUtils.ScratchBytes#INSTANCE",ok,compiles,1,12.3,ae9bbfa32a41,ok,compiles,1,13.1,ae9bbfa32a41
commons-io-0030,commons-io,org/apache/commons/io/input/TailerListenerAdapter.java,method,"org.apache.commons.io.input.TailerListenerAdapter#handle(Exception)",ok,compiles,2,12.2,9ae605d6c5f4,ok,compiles,2,14.5,9ae605d6c5f4
commons-io-0031,commons-io,org/apache/commons/io/input/UnsynchronizedBufferedReader.java,method,"org.apache.commons.io.input.UnsynchronizedBufferedReader#mark(int)",ok,compiles,2,11.4,460631ffd480,ok,compiles,2,12.3,460631ffd480
commons-io-0032,commons-io,org/apache/commons/io/input/ProxyReader.java,method,"org.apache.commons.io.input.ProxyReader#beforeRead(int)",ok,compiles,1,13.5,d3e50edf9f54,ok,compiles,1,12.5,d3e50edf9f54
commons-io-0033,commons-io,org/apache/commons/io/filefilter/MagicNumberFileFilter.java,method,"org.apache.commons.io.filefilter.MagicNumberFileFilter#toString()",ok,compiles,5,16.1,148541693c5b,ok,compiles,5,17.0,148541693c5b
commons-io-0034,commons-io,org/apache/commons/io/input/UnsynchronizedReader.java,method,"org.apache.commons.io.input.UnsynchronizedReader#checkOpen()",ok,compiles,2,9.9,c8c9ed526d4c,ok,compiles,2,12.8,c8c9ed526d4c
commons-io-0035,commons-io,org/apache/commons/io/input/UnsynchronizedBufferedInputStream.java,method,"org.apache.commons.io.input.UnsynchronizedBufferedInputStream#close()",ok,compiles,2,9.6,b9301d51be5d,ok,compiles,2,11.9,b9301d51be5d
commons-io-0036,commons-io,org/apache/commons/io/output/UncheckedFilterWriter.java,method,"org.apache.commons.io.output.UncheckedFilterWriter#close()",ok,fails,3,13.7,d6fc3e688532,ok,fails,3,12.7,d6fc3e688532
commons-io-0037,commons-io,org/apache/commons/io/file/Counters.java,method,"org.apache.commons.io.file.Counters.AbstractPathCounters#equals(Object)",ok,compiles,1,13.6,a6f081f9339e,ok,compiles,1,12.7,a6f081f9339e
commons-io-0038,commons-io,org/apache/commons/io/output/ClosedWriter.java,method,"org.apache.commons.io.output.ClosedWriter#flush()",ok,compiles,1,11.4,8fb432802637,ok,compiles,1,11.2,8fb432802637
commons-io-0039,commons-io,org/apache/commons/io/build/AbstractOrigin.java,field,"org.apache.commons.io.build.AbstractOrigin.URIOrigin.URIOpenOption#connectTimeout",ok,compiles,3,12.8,6e03440a352b,ok,compiles,3,12.9,6e03440a352b
commons-io-0040,commons-io,org/apache/commons/io/FileCleaner.java,method,"org.apache.commons.io.FileCleaner#track(String,Object,FileDeleteStrategy)",ok,compiles,3,12.2,07b15e7b5f59,ok,compiles,3,14.1,07b15e7b5f59
commons-io-0041,commons-io,org/apache/commons/io/IOUtils.java,method,"org.apache.commons.io.IOUtils#toBufferedInputStream(InputStream)",ok,compiles,3,13.7,b9547bb626ce,ok,compiles,3,14.5,b9547bb626ce
commons-io-0042,commons-io,org/apache/commons/io/output/UnsynchronizedByteArrayOutputStream.java,method,"org.apache.commons.io.output.UnsynchronizedByteArrayOutputStream#reset()",ok,compiles,2,12.9,4a91ad4e539a,ok,compiles,2,12.1,4a91ad4e539a
commons-io-0043,commons-io,org/apache/commons/io/filefilter/DelegateFileFilter.java,field,"org.apache.commons.io.filefilter.DelegateFileFilter#fileFilter",ok,compiles,5,15.4,0e4cbe358f1d,ok,compiles,5,13.8,0e4cbe358f1d
commons-io-0044,commons-io,org/apache/commons/io/output/NullOutputStream.java,field,"org.apache.commons.io.output.NullOutputStream#NULL_OUTPUT_STREAM",ok,compiles,1,14.3,043c8204c647,ok,compiles,1,12.8,043c8204c647
commons-io-0045,commons-io,org/apache/commons/io/monitor/FileAlterationListener.java,method,"org.apache.commons.io.monitor.FileAlterationListener#onStart(FileAlterationObserver)",ok,compiles,2,10.2,89e296f7bdfd,ok,compiles,2,10.4,89e296f7bdfd
commons-io-0046,commons-io,org/apache/commons/io/input/UnsynchronizedFilterInputStream.java,method,"org.apache.commons.io.input.UnsynchronizedFilterInputStream#read(byte[])",ok,compiles,1,13.3,2c6f275da913,ok,compiles,1,12.2,2c6f275da913
commons-io-0047,commons-io,org/apache/commons/io/input/CountingInputStream.java,method,"org.apache.commons.io.input.CountingInputStream#CountingInputStream(InputStream,ProxyInputStream.AbstractBuilder<?,?>)",ok,compiles,6,14.4,bf81d0ad63e2,ok,compiles,6,12.4,bf81d0ad63e2
commons-io-0048,commons-io,org/apache/commons/io/RandomAccessFileMode.java,method,"org.apache.commons.io.RandomAccessFileMode#create(String)",ok,compiles,2,12.0,73a18feb5a15,ok,compiles,2,11.1,73a18feb5a15
commons-io-0049,commons-io,org/apache/commons/io/IOUtils.java,method,"org.apache.commons.io.IOUtils#read(Reader,char[],int,int)",ok,compiles,1,11.4,864f87cd0376,ok,compiles,1,10.9,864f87cd0376
commons-io-0050,commons-io,org/apache/commons/io/output/WriterOutputStream.java,field,"org.apache.commons.io.output.WriterOutputStream#decoderOut",ok,compiles,1,9.1,5d8b90735efa,ok,compiles,1,9.6,5d8b90735efa
commons-io-0051,commons-io,org/apache/commons/io/IOUtils.java,method,"org.apache.commons.io.IOUtils#closeQuietly(Writer)",ok,compiles,1,9.8,63608e5052cf,ok,compiles,1,9.4,63608e5052cf
commons-io-0052,commons-io,org/apache/commons/io/FileSystem.java,method,"org.apache.commons.io.FileSystem#getReservedFileNames()",ok,compiles,1,11.0,51464f4f4e61,ok,compiles,1,12.3,51464f4f4e61
commons-io-0053,commons-io,org/apache/commons/io/input/ClosedReader.java,method,"org.apache.commons.io.input.ClosedReader#close()",ok,compiles,1,9.2,16ba9b40d72e,ok,compiles,1,11.5,16ba9b40d72e
commons-io-0054,commons-io,org/apache/commons/io/comparator/NameFileComparator.java,field,"org.apache.commons.io.comparator.NameFileComparator#NAME_INSENSITIVE_COMPARATOR",ok,compiles,3,11.3,260453a99fe4,ok,compiles,3,12.3,260453a99fe4
commons-io-0055,commons-io,org/apache/commons/io/input/CircularInputStream.java,method,"org.apache.commons.io.input.CircularInputStream#read()",ok,compiles,3,11.4,b7e0e26a4a7c,ok,compiles,3,11.1,b7e0e26a4a7c
commons-io-0056,commons-io,org/apache/commons/io/filefilter/WildcardFileFilter.java,method,"org.apache.commons.io.filefilter.WildcardFileFilter#requireWildcards(T)",ok,compiles,5,16.8,de325b8f64da,ok,compiles,5,17.2,de325b8f64da
commons-io-0057,commons-io,org/apache/commons/io/LineIterator.java,method,"org.apache.commons.io.LineIterator#next()",ok,compiles,1,12.8,72ada9224ec1,ok,compiles,1,13.1,72ada9224ec1
commons-io-0058,commons-io,org/apache/commons/io/FileSystemUtils.java,method,"org.apache.commons.io.FileSystemUtils#FileSystemUtils()",ok,compiles,1,12.5,cde5b0599150,ok,compiles,1,11.8,cde5b0599150
commons-io-0059,commons-io,org/apache/commons/io/FileUtils.java,method,"org.apache.commons.io.FileUtils#copyDirectory(File,File)",ok,compiles,1,12.4,0c8bdd1fae0f,ok,compiles,1,10.2,0c8bdd1fae0f
commons-io-0060,commons-io,org/apache/commons/io/CloseableURLConnection.java,method,"org.apache.commons.io.CloseableURLConnection#getInputStream()",ok,compiles,1,12.1,136ed6735567,ok,compiles,1,12.5,136ed6735567
commons-io-0061,commons-io,org/apache/commons/io/file/attribute/FileTimes.java,field,"org.apache.commons.io.file.attribute.FileTimes#HUNDRED_NANOS_PER_SECOND_BD",ok,compiles,1,10.6,f71d6c8e8f9d,ok,compiles,1,10.7,f71d6c8e8f9d
commons-io-0062,commons-io,org/apache/commons/io/IOUtils.java,method,"org.apache.commons.io.IOUtils#copyToOutputStream(InputStream,long,int)",ok,compiles,9,18.7,260b1f998408,ok,compiles,9,20.8,260b1f998408
commons-io-0063,commons-io,org/apache/commons/io/input/Tailer.java,method,"org.apache.commons.io.input.Tailer#create(File,TailerListener,long,boolean)",ok,compiles,6,15.0,b16dbbaace5d,ok,compiles,6,17.0,b16dbbaace5d
commons-io-0064,commons-io,org/apache/commons/io/input/SwappedDataInputStream.java,method,"org.apache.commons.io.input.SwappedDataInputStream#readUTF()",ok,compiles,3,14.0,0cffe79a4061,ok,compiles,3,15.8,0cffe79a4061
commons-io-0065,commons-io,org/apache/commons/io/monitor/FileEntry.java,field,"org.apache.commons.io.monitor.FileEntry#exists",ok,compiles,1,10.3,f93e19b2d3cb,ok,compiles,1,12.0,f93e19b2d3cb
commons-io-0066,commons-io,org/apache/commons/io/comparator/ReverseFileComparator.java,field,"org.apache.commons.io.comparator.ReverseFileComparator#serialVersionUID",ok,compiles,2,11.0,747218e299c0,ok,compiles,2,10.6,747218e299c0
commons-io-0067,commons-io,org/apache/commons/io/file/CountingPathVisitor.java,method,"org.apache.commons.io.file.CountingPathVisitor#CountingPathVisitor(AbstractBuilder<?,?>)",ok,compiles,7,15.2,0e0d1a582b41,ok,compiles,7,14.3,0e0d1a582b41
commons-io-0068,commons-io,org/apache/commons/io/FileUtils.java,method,"org.apache.commons.io.FileUtils#isFileNewer(File,File)",ok,fails,4,13.9,1dbc51846121,ok,fails,4,12.3,1dbc51846121
commons-io-0069,commons-io,org/apache/commons/io/channels/CloseShieldChannelHandler.java,method,"org.apache.commons.io.channels.CloseShieldChannelHandler#invoke(Object,Method,Object[])",ok,compiles,1,13.4,5998bc8ee6d6,ok,compiles,1,12.5,5998bc8ee6d6
commons-io-0070,commons-io,org/apache/commons/io/input/MessageDigestCalculatingInputStream.java,method,"org.apache.commons.io.input.MessageDigestCalculatingInputStream#getDefaultMessageDigest()",ok,compiles,3,14.3,672f4675e82d,ok,compiles,3,14.4,672f4675e82d
commons-io-0071,commons-io,org/apache/commons/io/FilenameUtils.java,method,"org.apache.commons.io.FilenameUtils#wildcardMatchOnSystem(String,String)",ok,compiles,3,12.7,6726118e28f8,ok,compiles,3,13.3,6726118e28f8
commons-io-0072,commons-io,org/apache/commons/io/file/PathUtils.java,method,"org.apache.commons.io.file.PathUtils#toFileVisitOptionSet(FileVisitOption...)",ok,compiles,1,10.3,5dec07c0f929,ok,compiles,1,11.8,5dec07c0f929
commons-io-0073,commons-io,org/apache/commons/io/filefilter/PrefixFileFilter.java,method,"org.apache.commons.io.filefilter.PrefixFileFilter#accept(Path,BasicFileAttributes)",ok,compiles,6,16.7,0d9f4aa1a42f,ok,compiles,6,17.5,0d9f4aa1a42f
commons-io-0074,commons-io,org/apache/commons/io/output/ProxyCollectionWriter.java,method,"org.apache.commons.io.output.ProxyCollectionWriter#ProxyCollectionWriter(Collection<Writer>)",ok,compiles,2,10.7,2e3da827b166,ok,compiles,2,12.8,2e3da827b166
commons-io-0075,commons-io,org/apache/commons/io/FileUtils.java,method,"org.apache.commons.io.FileUtils#copyFile(File,OutputStream)",ok,compiles,2,11.2,b9ad3d6fc0fe,ok,compiles,2,11.9,b9ad3d6fc0fe
commons-io-0076,commons-io,org/apache/commons/io/serialization/ValidatingObjectInputStream.java,method,"org.apache.commons.io.serialization.ValidatingObjectInputStream#accept(Class<?>...)",ok,fails,2,13.2,6a9399926666,ok,fails,2,14.0,6a9399926666
commons-io-0077,commons-io,org/apache/commons/io/input/ChecksumInputStream.java,method,"org.apache.commons.io.input.ChecksumInputStream#afterRead(int)",ok,compiles,4,14.6,e4766ab684e6,ok,compiles,4,16.1,e4766ab684e6
commons-io-0078,commons-io,org/apache/commons/io/build/AbstractOrigin.java,method,"org.apache.commons.io.build.AbstractOrigin#getRandomAccessFile(OpenOption...)",ok,compiles,4,13.7,09f86402c645,ok,compiles,4,15.1,09f86402c645
commons-io-0079,commons-io,org/apache/commons/io/filefilter/IOFileFilter.java,method,"org.apache.commons.io.filefilter.IOFileFilter#matches(Path)",ok,compiles,2,14.5,8d075c641d84,ok,compiles,2,14.3,8d075c641d84
commons-io-0080,commons-io,org/apache/commons/io/IOUtils.java,method,"org.apache.commons.io.IOUtils#length(CharSequence)",ok,compiles,1,13.2,d30f3406d317,ok,compiles,1,13.6,d30f3406d317
commons-io-0081,commons-io,org/apache/commons/io/filefilter/SuffixFileFilter.java,method,"org.apache.commons.io.filefilter.SuffixFileFilter#accept(File)",ok,compiles,5,18.1,91cbaab0b3db,ok,compiles,5,16.8,91cbaab0b3db
commons-io-0082,commons-io,org/apache/commons/io/function/IOStream.java,method,"org.apache.commons.io.function.IOStream#distinct()",ok,fails,2,14.5,7f479cc0c4c1,ok,fails,2,12.7,7f479cc0c4c1
commons-io-0083,commons-io,org/apache/commons/io/output/LockableFileWriter.java,method,"org.apache.commons.io.output.LockableFileWriter.Builder#checkOriginFile()",ok,compiles,6,14.5,550500b091ac,ok,compiles,6,13.8,550500b091ac
commons-io-0084,commons-io,org/apache/commons/io/input/XmlStreamReader.java,method,"org.apache.commons.io.input.XmlStreamReader#toEncodingLenient(String,XmlStreamReaderException)",ok,compiles,2,15.0,70cf1e95e7f0,ok,compiles,2,14.5,70cf1e95e7f0
commons-io-0085,commons-io,org/apache/commons/io/input/BoundedInputStream.java,method,"org.apache.commons.io.input.BoundedInputStream#read(byte[],int,int)",ok,compiles,3,14.3,128848b1fb17,ok,compiles,3,16.0,128848b1fb17
commons-io-0086,commons-io,org/apache/commons/io/IOUtils.java,method,"org.apache.commons.io.IOUtils#write(String,OutputStream,Charset)",ok,compiles,2,13.2,36f794fdac0a,ok,compiles,2,14.2,36f794fdac0a
commons-io-0087,commons-io,org/apache/commons/io/monitor/FileAlterationMonitor.java,field,"org.apache.commons.io.monitor.FileAlterationMonitor#EMPTY_ARRAY",ok,compiles,2,12.0,dbf635386a7d,ok,compiles,2,12.0,dbf635386a7d
commons-io-0088,commons-io,org/apache/commons/io/file/PathUtils.java,method,"org.apache.commons.io.file.PathUtils#getPath(String,String)",ok,compiles,1,12.7,35af449d4270,ok,compiles,1,13.0,35af449d4270
commons-io-0089,commons-io,org/apache/commons/io/file/PathUtils.java,field,"org.apache.commons.io.file.PathUtils#EMPTY_DELETE_OPTION_ARRAY",ok,compiles,2,10.8,ebc45c3c9ccb,ok,compiles,2,10.2,ebc45c3c9ccb
commons-io-0090,commons-io,org/apache/commons/io/IOUtils.java,method,"org.apache.commons.io.IOUtils#closeQuietly(Socket)",ok,compiles,1,12.3,30a29d4035b1,ok,compiles,1,10.9,30a29d4035b1
commons-io-0091,commons-io,org/apache/commons/io/filefilter/FileFileFilter.java,field,"org.apache.commons.io.filefilter.FileFileFilter#serialVersionUID",ok,compiles,5,15.4,5dffb080a0ef,ok,compiles,5,14.9,5dffb080a0ef
commons-io-0092,commons-io,org/apache/commons/io/input/InfiniteCircularInputStream.java,method,"org.apache.commons.io.input.InfiniteCircularInputStream#InfiniteCircularInputStream(byte[])",ok,compiles,3,10.6,39d655af0781,ok,compiles,3,9.4,39d655af0781
commons-io-0093,commons-io,org/apache/commons/io/filefilter/OrFileFilter.java,field,"org.apache.commons.io.filefilter.OrFileFilter#serialVersionUID",ok,compiles,6,15.6,241d9610feae,ok,compiles,6,16.3,241d9610feae
commons-io-0094,commons-io,org/apache/commons/io/function/UncheckedIOIterable.java,method,"org.apache.commons.io.function.UncheckedIOIterable#iterator()",ok,compiles,4,12.2,be91cc50e216,ok,compiles,4,13.0,be91cc50e216
commons-io-0095,commons-io,org/apache/commons/io/output/DeferredFileOutputStream.java,field,"org.apache.commons.io.output.DeferredFileOutputStream#directory",ok,compiles,2,11.9,b131ad8fc0b9,ok,compiles,2,13.2,b131ad8fc0b9
commons-io-0096,commons-io,org/apache/commons/io/file/attribute/FileTimes.java,method,"org.apache.commons.io.file.attribute.FileTimes#ntfsTimeToFileTime(long)",ok,compiles,1,9.9,ce9c5906d053,ok,compiles,1,11.0,ce9c5906d053
commons-io-0097,commons-io,org/apache/commons/io/FileUtils.java,method,"org.apache.commons.io.FileUtils#toSuffixFileFilter(String...)",ok,compiles,6,17.4,df6e275304fa,ok,compiles,6,16.8,df6e275304fa
commons-io-0098,commons-io,org/apache/commons/io/FileCleaningTracker.java,field,"org.apache.commons.io.FileCleaningTracker#refQueue",ok,compiles,1,11.9,df89bd08da79,ok,compiles,1,12.0,df89bd08da79
commons-io-0099,commons-io,org/apache/commons/io/filefilter/FileFilterUtils.java,method,"org.apache.commons.io.filefilter.FileFilterUtils#prefixFileFilter(String,IOCase)",ok,compiles,7,15.3,b5f4eac72e78,ok,compiles,7,16.6,b5f4eac72e78
commons-io-0100,commons-io,org/apache/commons/io/input/XmlStreamReader.java,field,"org.apache.commons.io.input.XmlStreamReader#XML_GUESS_BYTES",ok,compiles,2,13.3,463726bb39b5,ok,compiles,2,15.0,463726bb39b5
commons-lang-0001,commons-lang,org/apache/commons/lang3/time/DateUtils.java,method,"org.apache.commons.lang3.time.DateUtils#truncatedCompareTo(Calendar,Calendar,int)",ok,compiles,1,15.2,ac131365b629,ok,compiles,1,19.6,ac131365b629
commons-lang-0002,commons-lang,org/apache/commons/lang3/SystemProperties.java,method,"org.apache.commons.lang3.SystemProperties#getFtpProxyHost()",ok,compiles,1,21.7,f4335566ecf1,ok,compiles,1,19.7,f4335566ecf1
commons-lang-0003,commons-lang,org/apache/commons/lang3/text/StrMatcher.java,method,"org.apache.commons.lang3.text.StrMatcher#charSetMatcher(char...)",ok,compiles,2,22.4,a773b4712f71,ok,compiles,2,21.6,a773b4712f71
commons-lang-0004,commons-lang,org/apache/commons/lang3/mutable/MutableByte.java,method,"org.apache.commons.lang3.mutable.MutableByte#incrementAndGet()",ok,compiles,2,22.7,636b7e9a7678,ok,compiles,2,21.3,636b7e9a7678
commons-lang-0005,commons-lang,org/apache/commons/lang3/ArrayUtils.java,method,"org.apache.commons.lang3.ArrayUtils#removeAllOccurences(char[],char)",ok,compiles,1,24.7,114a127d54b7,ok,compiles,1,23.3,114a127d54b7
commons-lang-0006,commons-lang,org/apache/commons/lang3/text/StrBuilder.java,method,"org.apache.commons.lang3.text.StrBuilder#append(char)",ok,compiles,2,25.2,777be227248c,ok,compiles,2,24.1,777be227248c
commons-lang-0007,commons-lang,org/apache/commons/lang3/SystemUtils.java,field,"org.apache.commons.lang3.SystemUtils#IS_OS_WINDOWS_NT",ok,compiles,1,19.8,55de321fa9d4,ok,compiles,1,19.1,55de321fa9d4
commons-lang-0008,commons-lang,org/apache/commons/lang3/builder/ToStringStyle.java,method,"org.apache.commons.lang3.builder.ToStringStyle#appendDetail(StringBuffer,String,byte[])",ok,compiles,1,21.1,97199c6af33d,ok,compiles,1,19.8,97199c6af33d
commons-lang-0009,commons-lang,org/apache/commons/lang3/builder/ReflectionDiffBuilder.java,method,"org.apache.commons.lang3.builder.ReflectionDiffBuilder#build()",ok,compiles,7,23.0,db58a35128aa,ok,compiles,7,23.3,db58a35128aa
commons-lang-0010,commons-lang,org/apache/commons/lang3/mutable/MutableFloat.java,method,"org.apache.commons.lang3.mutable.MutableFloat#subtract(float)",ok,compiles,2,20.2,394822e60d96,ok,compiles,2,19.5,394822e60d96
commons-lang-0011,commons-lang,org/apache/commons/lang3/SystemUtils.java,field,"org.apache.commons.lang3.SystemUtils#IS_JAVA_10",ok,compiles,1,20.8,78e0b44a0765,ok,compiles,1,20.7,78e0b44a0765
commons-lang-0012,commons-lang,org/apache/commons/lang3/SystemProperties.java,field,"org.apache.commons.lang3.SystemProperties#JAVA_VERSION",ok,compiles,1,20.6,52f270cb064f,ok,compiles,1,20.3,52f270cb064f
commons-lang-0013,commons-lang,org/apache/commons/lang3/mutable/MutableInt.java,method,"org.apache.commons.lang3.mutable.MutableInt#MutableInt(Number)",ok,compiles,2,18.7,3724e6402480,ok,compiles,2,19.4,3724e6402480
commons-lang-0014,commons-lang,org/apache/commons/lang3/builder/ToStringStyle.java,method,"org.apache.commons.lang3.builder.ToStringStyle.DefaultToStringStyle#DefaultToStringStyle()",ok,compiles,1,21.1,c2906c484dae,ok,compiles,1,20.2,c2906c484dae
commons-lang-0015,commons-lang,org/apache/commons/lang3/BooleanUtils.java,method,"org.apache.commons.lang3.BooleanUtils#toBooleanDefaultIfNull(Boolean,boolean)",ok,compiles,1,20.0,d7c9ef7f57a0,ok,compiles,1,18.2,d7c9ef7f57a0
commons-lang-0016,commons-lang,org/apache/commons/lang3/builder/AbstractReflection.java,method,"org.apache.commons.lang3.builder.AbstractReflection#isRegistered(Object,Object,Set<Pair<IDKey,IDKey>>)",ok,compiles,3,24.2,6db8e6462aaa,ok,compiles,3,20.8,6db8e6462aaa
commons-lang-0017,commons-lang,org/apache/commons/lang3/function/FailableToIntFunction.java,method,"org.apache.commons.lang3.function.FailableToIntFunction#applyAsInt(T)",ok,compiles,1,22.1,c06b480efcd2,ok,compiles,1,19.7,c06b480efcd2
commons-lang-0018,commons-lang,org/apache/commons/lang3/text/StrTokenizer.java,field,"org.apache.commons.lang3.text.StrTokenizer#ignoreEmptyTokens",ok,compiles,1,22.5,4e59da3fe120,ok,compiles,1,20.8,4e59da3fe120
commons-lang-0019,commons-lang,org/apache/commons/lang3/exception/CloneFailedException.java,field,"org.apache.commons.lang3.exception.CloneFailedException#serialVersionUID",ok,compiles,1,20.2,c349dcfb4f05,ok,compiles,1,17.2,c349dcfb4f05
commons-lang-0020,commons-lang,org/apache/commons/lang3/JavaVersion.java,method,"org.apache.commons.lang3.JavaVersion#atLeast(JavaVersion)",ok,compiles,1,15.3,61d0ba535274,ok,compiles,1,20.0,61d0ba535274
commons-lang-0021,commons-lang,org/apache/commons/lang3/concurrent/AbstractFutureProxy.java,method,"org.apache.commons.lang3.concurrent.AbstractFutureProxy#getFuture()",ok,compiles,1,19.2,d836d4268e7b,ok,compiles,1,21.5,d836d4268e7b
commons-lang-0022,commons-lang,org/apache/commons/lang3/mutable/MutableShort.java,method,"org.apache.commons.lang3.mutable.MutableShort#add(short)",ok,compiles,2,23.8,1fe2d2a6a6c6,ok,compiles,2,21.7,1fe2d2a6a6c6
commons-lang-0023,commons-lang,org/apache/commons/lang3/ArrayUtils.java,method,"org.apache.commons.lang3.ArrayUtils#reverse(short[],int,int)",ok,compiles,1,22.7,a91b4b4fa660,ok,compiles,1,21.7,a91b4b4fa660
commons-lang-0024,commons-lang,org/apache/commons/lang3/ArrayUtils.java,method,"org.apache.commons.lang3.ArrayUtils#add(long[],long)",ok,compiles,1,23.2,3eca1dcf2125,ok,compiles,1,22.8,3eca1dcf2125
commons-lang-0025,commons-lang,org/apache/commons/lang3/builder/StandardToStringStyle.java,method,"org.apache.commons.lang3.builder.StandardToStringStyle#getSizeEndText()",ok,compiles,2,25.1,89e1f1933f12,ok,compiles,2,23.9,89e1f1933f12
commons-lang-0026,commons-lang,org/apache/commons/lang3/concurrent/CallableBackgroundInitializer.java,field,"org.apache.commons.lang3.concurrent.CallableBackgroundInitializer#callable",ok,compiles,6,23.4,177c04c66a3a,ok,compiles,6,19.3,177c04c66a3a
commons-lang-0027,commons-lang,org/apache/commons/lang3/builder/EqualsBuilder.java,method,"org.apache.commons.lang3.builder.EqualsBuilder#reflectionEquals(Object,Object,boolean,Class<?>,String...)",ok,compiles,3,20.4,c5571ccf395e,ok,compiles,3,17.8,c5571ccf395e
commons-lang-0028,commons-lang,org/apache/commons/lang3/ArrayUtils.java,method,"org.apache.commons.lang3.ArrayUtils#contains(float[],float)",ok,compiles,1,18.9,679f2339cb49,ok,compiles,1,18.2,679f2339cb49
commons-lang-0029,commons-lang,org/apache/commons/lang3/exception/ContextedRuntimeException.java,method,"org.apache.commons.lang3.exception.ContextedRuntimeException#getFirstContextValue(String)",ok,compiles,2,18.4,2d4268d77439,ok,compiles,2,17.9,2d4268d77439
commons-lang-0030,commons-lang,org/apache/commons/lang3/SystemProperties.java,method,"org.apache.commons.lang3.SystemProperties#getJavaSystemClassLoader()",ok,compiles,1,18.9,a6bc0290d97b,ok,compiles,1,17.6,a6bc0290d97b
commons-lang-0031,commons-lang,org/apache/commons/lang3/time/DateUtils.java,field,"org.apache.commons.lang3.time.DateUtils#RANGE_MONTH_MONDAY",ok,compiles,1,15.1,b8ee2e19b919,ok,compiles,1,14.4,b8ee2e19b919
commons-lang-0032,commons-lang,org/apache/commons/lang3/text/StrBuilder.java,method,"org.apache.commons.lang3.text.StrBuilder#indexOf(String)",ok,compiles,2,18.0,b2c3aabfd86c,ok,compiles,2,18.2,b2c3aabfd86c
commons-lang-0033,commons-lang,org/apache/commons/lang3/tuple/MutablePair.java,method,"org.apache.commons.lang3.tuple.MutablePair#MutablePair()",ok,compiles,2,17.1,1ae3d9ac231f,ok,compiles,2,18.2,1ae3d9ac231f
commons-lang-0034,commons-lang,org/apache/commons/lang3/BitField.java,field,"org.apache.commons.lang3.BitField#mask",ok,compiles,1,14.1,1f4f19671eac,ok,compiles,1,13.6,1f4f19671eac
commons-lang-0035,commons-lang,org/apache/commons/lang3/mutable/MutableBoolean.java,method,"org.apache.commons.lang3.mutable.MutableBoolean#setValue(Boolean)",ok,compiles,2,18.3,1fc75d832058,ok,compiles,2,19.0,1fc75d832058
commons-lang-0036,commons-lang,org/apache/commons/lang3/concurrent/AtomicInitializer.java,method,"org.apache.commons.lang3.concurrent.AtomicInitializer#isInitialized()",ok,compiles,5,19.4,21c391718c4b,ok,compiles,5,19.4,21c391718c4b
commons-lang-0037,commons-lang,org/apache/commons/lang3/text/CompositeFormat.java,method,"org.apache.commons.lang3.text.CompositeFormat#reformat(String)",ok,compiles,1,18.3,cfb325179fc3,ok,compiles,1,19.7,cfb325179fc3
commons-lang-0038,commons-lang,org/apache/commons/lang3/builder/HashCodeBuilder.java,method,"org.apache.commons.lang3.builder.HashCodeBuilder#isRegistered(Object)",ok,compiles,4,23.2,f9e8ab858b49,ok,compiles,4,16.4,f9e8ab858b49
commons-lang-0039,commons-lang,org/apache/commons/lang3/reflect/TypeUtils.java,method,"org.apache.commons.lang3.reflect.TypeUtils.WildcardTypeImpl#getLowerBounds()",ok,compiles,1,25.2,34c2585370c0,ok,compiles,1,17.8,34c2585370c0
commons-lang-0040,commons-lang,org/apache/commons/lang3/time/FastDatePrinter.java,method,"org.apache.commons.lang3.time.FastDatePrinter#init()",ok,compiles,2,24.5,c14b1a779d7a,ok,compiles,2,17.8,c14b1a779d7a
commons-lang-0041,commons-lang,org/apache/commons/lang3/builder/ToStringStyle.java,method,"org.apache.commons.lang3.builder.ToStringStyle.JsonToStringStyle#append(StringBuffer,String,double[],Boolean)",ok,compiles,1,20.9,60e9262fbbbb,ok,compiles,1,20.3,60e9262fbbbb
commons-lang-0042,commons-lang,org/apache/commons/lang3/SystemProperties.java,method,"org.apache.commons.lang3.SystemProperties#getJavaxSecurityAuthUseSubjectCredsOnly()",ok,compiles,1,19.6,bf3bb7655925,ok,compiles,1,19.3,bf3bb7655925
commons-lang-0043,commons-lang,org/apache/commons/lang3/function/Failable.java,method,"org.apache.commons.lang3.function.Failable#applyNonNull(T,FailableFunction<?superT,?extendsU,E1>,FailableFunction<?superU,?extendsV,E2>,FailableFunction<?superV,?extendsR,E3>)",ok,compiles,2,19.3,699715d988fe,ok,compiles,2,19.7,699715d988fe
commons-lang-0044,commons-lang,org/apache/commons/lang3/time/DurationUtils.java,method,"org.apache.commons.lang3.time.DurationUtils#getLong(String,long)",ok,compiles,2,18.9,28897fd09778,ok,compiles,2,17.3,28897fd09778
commons-lang-0045,commons-lang,org/apache/commons/lang3/builder/ToStringStyle.java,method,"org.apache.commons.lang3.builder.ToStringStyle#ToStringStyle()",ok,compiles,1,19.1,2bdd5fcf3842,ok,compiles,1,19.2,2bdd5fcf3842
commons-lang-0046,commons-lang,org/apache/commons/lang3/text/StrSubstitutor.java,method,"org.apache.commons.lang3.text.StrSubstitutor#StrSubstitutor(Map<String,V>,String,String)",ok,compiles,2,17.7,1413640e1c40,ok,compiles,2,17.1,1413640e1c40
commons-lang-0047,commons-lang,org/apache/commons/lang3/text/translate/UnicodeEscaper.java,field,"org.apache.commons.lang3.text.translate.UnicodeEscaper#below",ok,compiles,3,19.0,d135858cffe9,ok,compiles,3,18.6,d135858cffe9
commons-lang-0048,commons-lang,org/apache/commons/lang3/NumberRange.java,method,"org.apache.commons.lang3.NumberRange#NumberRange(N,N,Comparator<N>)",ok,compiles,2,17.7,c0ec155f948d,ok,compiles,2,17.3,c0ec155f948d
commons-lang-0049,commons-lang,org/apache/commons/lang3/builder/ReflectionToStringBuilder.java,method,"org.apache.commons.lang3.builder.ReflectionToStringBuilder#toStringExclude(Object,String...)",ok,compiles,5,19.2,52970b6e39f1,ok,compiles,5,19.6,52970b6e39f1
commons-lang-0050,commons-lang,org/apache/commons/lang3/builder/CompareToBuilder.java,method,"org.apache.commons.lang3.builder.CompareToBuilder#isRegistered(Object,Object)",ok,compiles,5,18.9,6bc8674a5171,ok,compiles,5,18.5,6bc8674a5171
commons-lang-0051,commons-lang,org/apache/commons/lang3/StringUtils.java,method,"org.apache.commons.lang3.StringUtils#abbreviate(String,int)",ok,compiles,1,18.9,5d292261573e,ok,compiles,1,19.3,5d292261573e
commons-lang-0052,commons-lang,org/apache/commons/lang3/builder/Diff.java,field,"org.apache.commons.lang3.builder.Diff#type",ok,compiles,2,17.8,df7a1b254cb6,ok,compiles,2,19.2,df7a1b254cb6
commons-lang-0053,commons-lang,org/apache/commons/lang3/tuple/Pair.java,method,"org.apache.commons.lang3.tuple.Pair#of(L,R)",ok,compiles,2,18.0,f29fb2b4e590,ok,compiles,2,18.7,f29fb2b4e590
commons-lang-0054,commons-lang,org/apache/commons/lang3/util/FluentBitSet.java,method,"org.apache.commons.lang3.util.FluentBitSet#or(BitSet)",ok,compiles,1,17.7,836739a6ae12,ok,compiles,1,17.9,836739a6ae12
commons-lang-0055,commons-lang,org/apache/commons/lang3/builder/HashCodeBuilder.java,method,"org.apache.commons.lang3.builder.HashCodeBuilder#appendArray(Object)",ok,compiles,3,18.7,020285015d8b,ok,compiles,3,19.5,81c157e733a7
commons-lang-0056,commons-lang,org/apache/commons/lang3/CharUtils.java,field,"org.apache.commons.lang3.CharUtils#NUL",ok,compiles,1,14.1,7e54d31055a3,ok,compiles,1,16.4,7e54d31055a3
commons-lang-0057,commons-lang,org/apache/commons/lang3/StringEscapeUtils.java,method,"org.apache.commons.lang3.StringEscapeUtils#unescapeJava(String)",ok,compiles,2,20.3,903558763076,ok,compiles,2,21.3,903558763076
commons-lang-0058,commons-lang,org/apache/commons/lang3/text/WordUtils.java,method,"org.apache.commons.lang3.text.WordUtils#containsAllWords(CharSequence,CharSequence...)",ok,compiles,3,20.2,0b053cf334df,ok,compiles,3,21.6,0b053cf334df
commons-lang-0059,commons-lang,org/apache/commons/lang3/mutable/MutableDouble.java,method,"org.apache.commons.lang3.mutable.MutableDouble#getAndAdd(double)",ok,compiles,2,19.5,c96a0f5f5ed9,ok,compiles,2,26.1,c96a0f5f5ed9
commons-lang-0060,commons-lang,org/apache/commons/lang3/text/StrBuilder.java,method,"org.apache.commons.lang3.text.StrBuilder#replaceImpl(StrMatcher,String,int,int,int)",ok,compiles,4,21.2,c3cfd0d376a3,ok,compiles,4,28.8,c3cfd0d376a3
commons-lang-0061,commons-lang,org/apache/commons/lang3/Conversion.java,method,"org.apache.commons.lang3.Conversion#longToBinary(long,int,boolean[],int,int)",ok,compiles,1,20.6,77a1caf7ad1e,ok,compiles,1,26.1,77a1caf7ad1e
commons-lang-0062,commons-lang,org/apache/commons/lang3/ObjectUtils.java,method,"org.apache.commons.lang3.ObjectUtils#isNotEmpty(Object)",ok,compiles,1,25.6,cc718e9da6bf,ok,compiles,1,21.0,cc718e9da6bf
commons-lang-0063,commons-lang,org/apache/commons/lang3/Conversion.java,field,"org.apache.commons.lang3.Conversion#TTTT",ok,compiles,1,20.0,601400093cb9,ok,compiles,1,17.8,601400093cb9
commons-lang-0064,commons-lang,org/apache/commons/lang3/time/ImmutableTimeZone.java,method,"org.apache.commons.lang3.time.ImmutableTimeZone#toString()",ok,compiles,1,22.6,dff0948ef80e,ok,compiles,1,22.9,dff0948ef80e
commons-lang-0065,commons-lang,org/apache/commons/lang3/concurrent/LazyInitializer.java,field,"org.apache.commons.lang3.concurrent.LazyInitializer#object",ok,compiles,5,22.7,8c5f717afe30,ok,compiles,5,20.1,8c5f717afe30
commons-lang-0066,commons-lang,org/apache/commons/lang3/text/StrSubstitutor.java,method,"org.apache.commons.lang3.text.StrSubstitutor#replaceIn(StrBuilder)",ok,compiles,3,25.5,ba7d0a6c5a6b,ok,compiles,3,23.1,ba7d0a6c5a6b
commons-lang-0067,commons-lang,org/apache/commons/lang3/StringUtils.java,method,"org.apache.commons.lang3.StringUtils#convertRemainingAccentCharacters(StringBuilder)",ok,compiles,1,23.6,e6458c9e56f0,ok,compiles,1,21.9,e6458c9e56f0
commons-lang-0068,commons-lang,org/apache/commons/lang3/CharRange.java,method,"org.apache.commons.lang3.CharRange#isEndMax()",ok,compiles,1,20.2,e047a01c7b9f,ok,compiles,1,19.3,e047a01c7b9f
commons-lang-0069,commons-lang,org/apache/commons/lang3/ClassUtils.java,method,"org.apache.commons.lang3.ClassUtils#toCleanName(String)",ok,compiles,2,21.0,f166a2236df5,ok,compiles,2,20.8,f166a2236df5
commons-lang-0070,commons-lang,org/apache/commons/lang3/time/FastDatePrinter.java,field,"org.apache.commons.lang3.time.FastDatePrinter.Iso8601_Rule#ISO8601_HOURS",ok,compiles,2,20.0,d82f3041649a,ok,compiles,2,21.4,d82f3041649a
commons-lang-0071,commons-lang,org/apache/commons/lang3/concurrent/TimedSemaphore.java,field,"org.apache.commons.lang3.concurrent.TimedSemaphore#executorService",ok,compiles,1,14.7,83f6cc10cda9,ok,compiles,1,15.9,83f6cc10cda9
commons-lang-0072,commons-lang,org/apache/commons/lang3/Streams.java,method,"org.apache.commons.lang3.Streams#stream(Stream<O>)",ok,compiles,1,19.7,35dd10eb11a2,ok,compiles,1,19.2,35dd10eb11a2
commons-lang-0073,commons-lang,org/apache/commons/lang3/SystemProperties.java,method,"org.apache.commons.lang3.SystemProperties#getHttpAuthDigestReenabledAlgorithms()",ok,compiles,1,19.5,b8c9ebe73faf,ok,compiles,1,21.0,b8c9ebe73faf
commons-lang-0074,commons-lang,org/apache/commons/lang3/time/DateFormatUtils.java,method,"org.apache.commons.lang3.time.DateFormatUtils#getTimeZone(Calendar)",ok,compiles,1,15.5,8ff25f98f0b3,ok,compiles,1,16.9,8ff25f98f0b3
commons-lang-0075,commons-lang,org/apache/commons/lang3/builder/Diff.java,method,"org.apache.commons.lang3.builder.Diff#toString()",ok,compiles,2,21.8,eae45af96d16,ok,compiles,2,17.4,eae45af96d16
commons-lang-0076,commons-lang,org/apache/commons/lang3/Validate.java,method,"org.apache.commons.lang3.Validate#isTrue(boolean)",ok,compiles,1,21.1,014a18c223d7,ok,compiles,1,16.9,014a18c223d7
commons-lang-0077,commons-lang,org/apache/commons/lang3/ArrayFill.java,method,"org.apache.commons.lang3.ArrayFill#fill(char[],char)",ok,compiles,1,17.2,0182ec8bc8aa,ok,compiles,1,13.2,0182ec8bc8aa
commons-lang-0078,commons-lang,org/apache/commons/lang3/concurrent/locks/LockingVisitors.java,method,"org.apache.commons.lang3.concurrent.locks.LockingVisitors#reentrantReadWriteLockVisitor(O)",ok,compiles,1,13.1,a968f2cdb4fc,ok,compiles,1,14.8,a968f2cdb4fc
commons-lang-0079,commons-lang,org/apache/commons/lang3/function/Failable.java,method,"org.apache.commons.lang3.function.Failable#Failable()",ok,compiles,1,13.0,532a15558573,ok,compiles,1,14.1,532a15558573
commons-lang-0080,commons-lang,org/apache/commons/lang3/reflect/TypeUtils.java,method,"org.apache.commons.lang3.reflect.TypeUtils#classToString(Class<T>)",ok,compiles,2,17.9,382f8a780173,ok,compiles,2,20.5,382f8a780173
commons-lang-0081,commons-lang,org/apache/commons/lang3/time/FastDatePrinter.java,method,"org.apache.commons.lang3.time.FastDatePrinter.TwoDigitNumberField#appendTo(Appendable,int)",ok,compiles,2,21.3,7525f446dc96,ok,compiles,2,21.0,7525f446dc96
commons-lang-0082,commons-lang,org/apache/commons/lang3/ArrayUtils.java,method,"org.apache.commons.lang3.ArrayUtils#indexOf(long[],long,int)",ok,compiles,1,19.4,8616fe3c73f4,ok,compiles,1,22.0,8616fe3c73f4
commons-lang-0083,commons-lang,org/apache/commons/lang3/StringUtils.java,method,"org.apache.commons.lang3.StringUtils#isBlank(CharSequence)",ok,compiles,1,19.5,6881f8f3cb63,ok,compiles,1,20.2,6881f8f3cb63
commons-lang-0084,commons-lang,org/apache/commons/lang3/text/translate/UnicodeUnpairedSurrogateRemover.java,method,"org.apache.commons.lang3.text.translate.UnicodeUnpairedSurrogateRemover#translate(int,Writer)",ok,compiles,3,21.4,bb65d078c5f2,ok,compiles,3,22.9,bb65d078c5f2
commons-lang-0085,commons-lang,org/apache/commons/lang3/Strings.java,method,"org.apache.commons.lang3.Strings#containsAny(CharSequence,CharSequence...)",ok,fails,2,20.6,9c847641950a,ok,fails,2,22.3,9c847641950a
commons-lang-0086,commons-lang,org/apache/commons/lang3/LocaleUtils.java,field,"org.apache.commons.lang3.LocaleUtils#cLanguagesByCountry",ok,compiles,1,19.9,d86602e85a86,ok,compiles,1,20.6,d86602e85a86
commons-lang-0087,commons-lang,org/apache/commons/lang3/SystemProperties.java,method,"org.apache.commons.lang3.SystemProperties#getNetworkAddressCacheStaleTtl()",ok,compiles,1,21.4,c46bca37178e,ok,compiles,1,19.4,c46bca37178e
commons-lang-0088,commons-lang,org/apache/commons/lang3/SystemProperties.java,field,"org.apache.commons.lang3.SystemProperties#JDK_VIRTUAL_THREAD_SCHEDULER_MAXPOOLSIZE",ok,compiles,1,21.8,ab1f25b104f6,ok,compiles,1,19.8,ab1f25b104f6
commons-lang-0089,commons-lang,org/apache/commons/lang3/SystemProperties.java,method,"org.apache.commons.lang3.SystemProperties#getJavaTimeZoneDefaultZoneRulesProvider()",ok,compiles,1,21.2,7cc2a5c49e2d,ok,compiles,1,20.3,7cc2a5c49e2d
commons-lang-0090,commons-lang,org/apache/commons/lang3/reflect/ConstructorUtils.java,method,"org.apache.commons.lang3.reflect.ConstructorUtils#invokeConstructor(Class<T>,Object...)",ok,compiles,3,23.5,6b193e1a5ba5,ok,compiles,3,20.0,6b193e1a5ba5
commons-lang-0091,commons-lang,org/apache/commons/lang3/ObjectUtils.java,method,"org.apache.commons.lang3.ObjectUtils#requireNonEmpty(T)",ok,compiles,1,22.1,4db0d51f39c5,ok,compiles,1,18.6,4db0d51f39c5
commons-lang-0092,commons-lang,org/apache/commons/lang3/ArrayUtils.java,method,"org.apache.commons.lang3.ArrayUtils#isEmpty(short[])",ok,compiles,1,19.9,dc110bd201f1,ok,compiles,1,20.1,dc110bd201f1
commons-lang-0093,commons-lang,org/apache/commons/lang3/math/NumberUtils.java,method,"org.apache.commons.lang3.math.NumberUtils#accept(Consumer<T>,T)",ok,compiles,1,18.9,84bd2a1e1294,ok,compiles,1,17.9,84bd2a1e1294
commons-lang-0094,commons-lang,org/apache/commons/lang3/ClassUtils.java,method,"org.apache.commons.lang3.ClassUtils#getAbbreviatedName(Class<?>,int)",ok,compiles,2,20.2,abd676bfbf15,ok,compiles,2,17.2,abd676bfbf15
commons-lang-0095,commons-lang,org/apache/commons/lang3/StringUtils.java,method,"org.apache.commons.lang3.StringUtils#splitPreserveAllTokens(String,char)",ok,compiles,1,19.8,d9a9f3efc621,ok,compiles,1,18.8,d9a9f3efc621
commons-lang-0096,commons-lang,org/apache/commons/lang3/time/DateUtils.java,method,"org.apache.commons.lang3.time.DateUtils#toLocalDateTime(Date)",ok,compiles,1,13.8,9b926f44a49f,ok,compiles,1,14.4,9b926f44a49f
commons-lang-0097,commons-lang,org/apache/commons/lang3/time/CalendarUtils.java,method,"org.apache.commons.lang3.time.CalendarUtils#toLocalDateTime(Calendar)",ok,compiles,1,18.0,a7f729fb492f,ok,compiles,1,19.9,a7f729fb492f
commons-lang-0098,commons-lang,org/apache/commons/lang3/SystemProperties.java,field,"org.apache.commons.lang3.SystemProperties#JDK_MODULE_UPGRADE_PATH",ok,compiles,1,18.5,f24a29e88cf7,ok,compiles,1,20.5,f24a29e88cf7
commons-lang-0099,commons-lang,org/apache/commons/lang3/SystemProperties.java,method,"org.apache.commons.lang3.SystemProperties#getJdkHttpClientKeepAliveTimeout()",ok,compiles,1,18.7,8e927d6b39d0,ok,compiles,1,18.4,8e927d6b39d0
commons-lang-0100,commons-lang,org/apache/commons/lang3/ArrayUtils.java,method,"org.apache.commons.lang3.ArrayUtils#removeElements(short[],short...)",ok,compiles,3,19.6,cb7c3dc7ccf6,ok,compiles,3,20.6,cb7c3dc7ccf6
gson-0001,gson,com/google/gson/JsonParser.java,method,"com.google.gson.JsonParser#parseReader(JsonReader)",ok,compiles,8,4.1,3742ecb25d61,ok,compiles,8,4.4,3742ecb25d61
gson-0002,gson,com/google/gson/internal/bind/ReflectiveTypeAdapterFactory.java,method,"com.google.gson.internal.bind.ReflectiveTypeAdapterFactory#checkAccessible(Object,M)",ok,compiles,6,4.6,217796fa28bc,ok,compiles,6,4.6,217796fa28bc
gson-0003,gson,com/google/gson/internal/bind/TypeAdapters.java,method,"com.google.gson.internal.bind.TypeAdapters#newFactory(TypeToken<TT>,TypeAdapter<TT>)",ok,compiles,5,4.3,6052dd36e204,ok,compiles,5,4.9,6052dd36e204
gson-0004,gson,com/google/gson/stream/JsonReader.java,field,"com.google.gson.stream.JsonReader#PEEKED_DOUBLE_QUOTED_NAME",ok,compiles,1,3.9,cc054613b695,ok,compiles,1,3.8,cc054613b695
gson-0005,gson,com/google/gson/internal/bind/JavaTimeTypeAdapters.java,method,"com.google.gson.internal.bind.JavaTimeTypeAdapters#localDateTime(Gson)",crash,na,0,4.5,da39a3ee5e6b,crash,na,0,3.9,da39a3ee5e6b
gson-0006,gson,com/google/gson/internal/UnsafeAllocator.java,method,"com.google.gson.internal.UnsafeAllocator#newInstance(Class<T>)",ok,compiles,1,3.9,e56616419442,ok,compiles,1,4.5,e56616419442
gson-0007,gson,com/google/gson/Gson.java,field,"com.google.gson.Gson#objectToNumberStrategy",ok,compiles,2,3.6,f8fdba0c5376,ok,compiles,2,3.0,f8fdba0c5376
gson-0008,gson,com/google/gson/JsonArray.java,method,"com.google.gson.JsonArray#getAsBoolean()",ok,compiles,2,2.9,dce03399254a,ok,compiles,2,2.3,dce03399254a
gson-0009,gson,com/google/gson/internal/sql/SqlTypesSupport.java,field,"com.google.gson.internal.sql.SqlTypesSupport#TIMESTAMP_DATE_TYPE",ok,compiles,3,3.3,fe5df429ea35,ok,compiles,3,3.0,fe5df429ea35
gson-0010,gson,com/google/gson/internal/bind/ReflectiveTypeAdapterFactory.java,method,"com.google.gson.internal.bind.ReflectiveTypeAdapterFactory.Adapter#read(JsonReader)",ok,compiles,8,4.3,1c0892e2c20a,ok,compiles,8,3.9,1c0892e2c20a
gson-0011,gson,com/google/gson/internal/bind/JsonTreeWriter.java,method,"com.google.gson.internal.bind.JsonTreeWriter#value(String)",ok,compiles,5,4.0,624caa4f42ae,ok,compiles,5,3.7,624caa4f42ae
gson-0012,gson,com/google/gson/stream/JsonReader.java,method,"com.google.gson.stream.JsonReader#JsonReader(Reader)",ok,compiles,1,3.5,a63814eafeb5,ok,compiles,1,3.1,a63814eafeb5
gson-0013,gson,com/google/gson/internal/bind/JavaTimeTypeAdapters.java,method,"com.google.gson.internal.bind.JavaTimeTypeAdapters#get()",ok,compiles,4,3.4,2cea7778bc22,ok,compiles,4,3.2,2cea7778bc22
gson-0014,gson,com/google/gson/internal/bind/ArrayTypeAdapter.java,field,"com.google.gson.internal.bind.ArrayTypeAdapter#componentTypeAdapter",ok,compiles,2,3.1,d04634738b88,ok,compiles,2,2.7,d04634738b88
gson-0015,gson,com/google/gson/Gson.java,field,"com.google.gson.Gson#factories",ok,compiles,2,2.1,e90e5d174dbb,ok,compiles,2,2.1,e90e5d174dbb
gson-0016,gson,com/google/gson/internal/Excluder.java,method,"com.google.gson.internal.Excluder#withExclusionStrategy(ExclusionStrategy,boolean,boolean)",ok,compiles,3,3.1,72e74ddf51dd,ok,compiles,3,2.3,72e74ddf51dd
gson-0017,gson,com/google/gson/internal/bind/TypeAdapters.java,field,"com.google.gson.internal.bind.TypeAdapters#CLASS_FACTORY",ok,compiles,3,3.3,952a99f3a0c7,ok,compiles,3,2.6,952a99f3a0c7
gson-0018,gson,com/google/gson/internal/GsonTypes.java,method,"com.google.gson.internal.GsonTypes#resolve(Type,Class<?>,Type,Map<TypeVariable<?>,Type>)",ok,compiles,1,2.8,61aa89717dce,ok,compiles,1,2.7,61aa89717dce
gson-0019,gson,com/google/gson/GsonBuilder.java,method,"com.google.gson.GsonBuilder#registerTypeHierarchyAdapter(Class<?>,Object)",ok,compiles,9,2.8,5caccf535c3c,ok,compiles,9,3.3,5caccf535c3c
gson-0020,gson,com/google/gson/stream/JsonReader.java,method,"com.google.gson.stream.JsonReader#nextQuotedValue(char)",ok,compiles,3,2.6,f954a0853484,ok,compiles,3,3.0,f954a0853484
gson-0021,gson,com/google/gson/internal/sql/SqlTypesSupport.java,field,"com.google.gson.internal.sql.SqlTypesSupport#DATE_DATE_TYPE",ok,compiles,3,2.4,71b03bc2f812,ok,compiles,3,3.1,71b03bc2f812
gson-0022,gson,com/google/gson/JsonPrimitive.java,method,"com.google.gson.JsonPrimitive#getAsNumber()",ok,compiles,3,3.1,acbf2d810c40,ok,compiles,3,2.9,acbf2d810c40
gson-0023,gson,com/google/gson/internal/bind/TypeAdapters.java,method,"com.google.gson.internal.bind.TypeAdapters.DoubleAdapter#write(JsonWriter,Number)",ok,compiles,4,3.6,02f8cf46a95d,ok,compiles,4,4.4,02f8cf46a95d
gson-0024,gson,com/google/gson/GsonBuilder.java,field,"com.google.gson.GsonBuilder#fieldNamingPolicy",ok,compiles,2,2.4,285f3a1a8bbd,ok,compiles,2,3.6,285f3a1a8bbd
gson-0025,gson,com/google/gson/internal/bind/TreeTypeAdapter.java,field,"com.google.gson.internal.bind.TreeTypeAdapter#nullSafe",ok,compiles,3,3.3,e22683b0e3b0,ok,compiles,3,3.2,e22683b0e3b0
gson-0026,gson,com/google/gson/JsonObject.java,method,"com.google.gson.JsonObject#asMap()",ok,compiles,3,4.3,a47b478ccecb,ok,compiles,3,3.5,a47b478ccecb
gson-0027,gson,com/google/gson/internal/bind/ArrayTypeAdapter.java,field,"com.google.gson.internal.bind.ArrayTypeAdapter#FACTORY",ok,fails,6,4.2,862e6cedf280,ok,fails,6,4.4,862e6cedf280
gson-0028,gson,com/google/gson/internal/bind/TypeAdapters.java,field,"com.google.gson.internal.bind.TypeAdapters#CALENDAR",ok,compiles,2,3.9,56264944137b,ok,compiles,2,5.3,56264944137b
gson-0029,gson,com/google/gson/internal/GsonTypes.java,method,"com.google.gson.internal.GsonTypes.ParameterizedTypeImpl#getActualTypeArguments()",ok,compiles,1,3.4,2c958d449dae,ok,compiles,1,4.4,2c958d449dae
gson-0030,gson,com/google/gson/internal/bind/TreeTypeAdapter.java,field,"com.google.gson.internal.bind.TreeTypeAdapter.SingleTypeFactory#exactType",ok,compiles,5,3.4,34f60f40dde2,ok,compiles,5,4.4,34f60f40dde2
gson-0031,gson,com/google/gson/JsonArray.java,method,"com.google.gson.JsonArray#deepCopy()",ok,compiles,2,4.0,ea0db4fb0c49,ok,compiles,2,8.5,ea0db4fb0c49
gson-0032,gson,com/google/gson/InstanceCreator.java,method,"com.google.gson.InstanceCreator#createInstance(Type)",ok,compiles,1,3.9,565f57ca0ef0,ok,compiles,1,7.5,565f57ca0ef0
gson-0033,gson,com/google/gson/FieldAttributes.java,method,"com.google.gson.FieldAttributes#hasModifier(int)",ok,compiles,1,7.3,2913a4092a1d,ok,compiles,1,9.8,2913a4092a1d
gson-0034,gson,com/google/gson/JsonElement.java,method,"com.google.gson.JsonElement#getAsJsonArray()",ok,compiles,2,7.9,fc39da52d17e,ok,compiles,2,14.3,fc39da52d17e
gson-0035,gson,com/google/gson/internal/bind/JsonTreeWriter.java,method,"com.google.gson.internal.bind.JsonTreeWriter#flush()",ok,compiles,2,9.9,06e765614330,ok,compiles,2,17.6,06e765614330
gson-0036,gson,com/google/gson/internal/NonNullElementWrapperList.java,method,"com.google.gson.internal.NonNullElementWrapperList#removeAll(Collection<?>)",ok,compiles,1,9.4,af5cf0560c42,ok,compiles,1,16.1,af5cf0560c42
gson-0037,gson,com/google/gson/stream/JsonWriter.java,method,"com.google.gson.stream.JsonWriter#value(double)",ok,compiles,3,14.5,b915145c0dc6,ok,compiles,3,13.0,b915145c0dc6
gson-0038,gson,com/google/gson/internal/GsonTypes.java,method,"com.google.gson.internal.GsonTypes.ParameterizedTypeImpl#getOwnerType()",ok,compiles,1,15.0,ebe3d2a7f9f7,ok,compiles,1,11.7,ebe3d2a7f9f7
gson-0039,gson,com/google/gson/Gson.java,field,"com.google.gson.Gson#threadLocalAdapterResults",ok,compiles,3,13.7,bfca3c96956c,ok,compiles,3,7.3,bfca3c96956c
gson-0040,gson,com/google/gson/reflect/TypeToken.java,method,"com.google.gson.reflect.TypeToken#getType()",ok,compiles,1,9.6,b8d6e0bff29d,ok,compiles,1,7.2,b8d6e0bff29d
gson-0041,gson,com/google/gson/internal/Streams.java,field,"com.google.gson.internal.Streams.AppendableWriter#currentWrite",ok,compiles,1,10.2,fb241bacb821,ok,compiles,1,9.7,fb241bacb821
gson-0042,gson,com/google/gson/FieldNamingStrategy.java,method,"com.google.gson.FieldNamingStrategy#alternateNames(Field)",ok,compiles,1,9.7,7c895ae88c50,ok,compiles,1,8.7,7c895ae88c50
gson-0043,gson,com/google/gson/stream/JsonReader.java,method,"com.google.gson.stream.JsonReader#consumeNonExecutePrefix()",ok,compiles,1,9.4,ab5e55967e1b,ok,compiles,1,8.8,ab5e55967e1b
gson-0044,gson,com/google/gson/internal/reflect/ReflectionHelper.java,method,"com.google.gson.internal.reflect.ReflectionHelper#constructorToString(Constructor<?>)",ok,compiles,1,9.1,67ca7dc5bfee,ok,compiles,1,8.3,67ca7dc5bfee
gson-0045,gson,com/google/gson/Gson.java,method,"com.google.gson.Gson#toJson(Object,Type)",ok,compiles,3,8.2,cb31bebb0dd6,ok,compiles,3,7.9,cb31bebb0dd6
gson-0046,gson,com/google/gson/internal/bind/NumberTypeAdapter.java,method,"com.google.gson.internal.bind.NumberTypeAdapter#read(JsonReader)",ok,compiles,7,9.8,956d77e247b8,ok,compiles,7,13.1,956d77e247b8
gson-0047,gson,com/google/gson/internal/bind/util/ISO8601Utils.java,method,"com.google.gson.internal.bind.util.ISO8601Utils#parse(String,ParsePosition)",ok,compiles,1,9.3,19844078971f,ok,compiles,1,12.4,19844078971f
gson-0048,gson,com/google/gson/internal/ReflectionAccessFilterHelper.java,method,"com.google.gson.internal.ReflectionAccessFilterHelper#getFilterResult(List<ReflectionAccessFilter>,Class<?>)",ok,compiles,2,7.9,0626c5425916,ok,compiles,2,10.8,0626c5425916
gson-0049,gson,com/google/gson/internal/bind/JsonTreeWriter.java,method,"com.google.gson.internal.bind.JsonTreeWriter#value(double)",ok,compiles,5,12.4,d4b30f15b79d,ok,compiles,5,11.7,d4b30f15b79d
gson-0050,gson,com/google/gson/stream/JsonWriter.java,method,"com.google.gson.stream.JsonWriter#JsonWriter(Writer)",ok,compiles,2,10.1,fdff8643d2b9,ok,compiles,2,9.6,fdff8643d2b9
gson-0051,gson,com/google/gson/internal/bind/JsonTreeWriter.java,method,"com.google.gson.internal.bind.JsonTreeWriter#beginObject()",ok,compiles,5,12.5,0f1fa15298b5,ok,compiles,5,11.5,0f1fa15298b5
gson-0052,gson,com/google/gson/stream/JsonReader.java,field,"com.google.gson.stream.JsonReader#PEEKED_BUFFERED",ok,compiles,1,9.5,1abdd57d8c3e,ok,compiles,1,8.5,1abdd57d8c3e
gson-0053,gson,com/google/gson/internal/NonNullElementWrapperList.java,method,"com.google.gson.internal.NonNullElementWrapperList#set(int,E)",ok,compiles,1,10.7,7526d2b3500c,ok,compiles,1,8.1,7526d2b3500c
gson-0054,gson,com/google/gson/internal/bind/MapTypeAdapterFactory.java,field,"com.google.gson.internal.bind.MapTypeAdapterFactory#constructorConstructor",ok,compiles,3,8.0,899c9d04dc09,ok,compiles,3,6.6,899c9d04dc09
gson-0055,gson,com/google/gson/stream/JsonWriter.java,method,"com.google.gson.stream.JsonWriter#push(int)",ok,compiles,1,8.5,dce6c31bf491,ok,compiles,1,6.2,dce6c31bf491
gson-0056,gson,com/google/gson/internal/ReflectionAccessFilterHelper.java,method,"com.google.gson.internal.ReflectionAccessFilterHelper#isJavaType(String)",ok,compiles,1,7.9,81ad03e940cc,ok,compiles,1,10.1,81ad03e940cc
gson-0057,gson,com/google/gson/internal/GsonTypes.java,method,"com.google.gson.internal.GsonTypes#requiresOwnerType(Type)",ok,compiles,1,6.4,08534474321d,ok,compiles,1,11.1,08534474321d
gson-0058,gson,com/google/gson/internal/GsonTypes.java,method,"com.google.gson.internal.GsonTypes#supertypeOf(Type)",ok,compiles,1,7.2,3a44195ae0ab,ok,compiles,1,7.0,3a44195ae0ab
gson-0059,gson,com/google/gson/internal/bind/JsonTreeWriter.java,field,"com.google.gson.internal.bind.JsonTreeWriter#UNWRITABLE_WRITER",ok,compiles,2,12.2,e8bef54e8071,ok,compiles,2,7.7,e8bef54e8071
gson-0060,gson,com/google/gson/GsonBuilder.java,method,"com.google.gson.GsonBuilder#create()",ok,compiles,2,10.4,443e6b347cc0,ok,compiles,2,6.0,443e6b347cc0
gson-0061,gson,com/google/gson/internal/bind/CollectionTypeAdapterFactory.java,field,"com.google.gson.internal.bind.CollectionTypeAdapterFactory.Adapter#elementTypeAdapter",ok,compiles,3,9.0,c48f21c68ed8,ok,compiles,3,6.4,c48f21c68ed8
gson-0062,gson,com/google/gson/Gson.java,method,"com.google.gson.Gson#getDelegateAdapter(TypeAdapterFactory,TypeToken<T>)",ok,compiles,5,7.9,9e856acf8ccd,ok,compiles,5,10.3,9e856acf8ccd
gson-0063,gson,com/google/gson/FieldAttributes.java,field,"com.google.gson.FieldAttributes#field",ok,compiles,1,4.9,90e8fb763b2b,ok,compiles,1,6.1,90e8fb763b2b
gson-0064,gson,com/google/gson/GsonBuilder.java,field,"com.google.gson.GsonBuilder#dateStyle",ok,compiles,1,5.0,cfac58801d5d,ok,compiles,1,12.3,cfac58801d5d
gson-0065,gson,com/google/gson/JsonArray.java,method,"com.google.gson.JsonArray#remove(JsonElement)",ok,compiles,3,5.9,3cb9f48eda31,ok,compiles,3,8.0,3cb9f48eda31
gson-0066,gson,com/google/gson/internal/bind/JavaTimeTypeAdapters.java,field,"com.google.gson.internal.bind.JavaTimeTypeAdapters#LOCAL_DATE",ok,compiles,4,14.0,b5535d94dd7c,ok,compiles,4,8.5,b5535d94dd7c
gson-0067,gson,com/google/gson/internal/bind/TreeTypeAdapter.java,field,"com.google.gson.internal.bind.TreeTypeAdapter.SingleTypeFactory#hierarchyType",ok,compiles,4,14.3,3762a275c39c,ok,compiles,4,7.5,3762a275c39c
gson-0068,gson,com/google/gson/JsonSerializationContext.java,method,"com.google.gson.JsonSerializationContext#serialize(Object)",ok,compiles,2,6.3,62dffef8febd,ok,compiles,2,5.8,62dffef8febd
gson-0069,gson,com/google/gson/stream/JsonWriter.java,method,"com.google.gson.stream.JsonWriter#beforeName()",ok,compiles,2,6.6,8c09e4885222,ok,compiles,2,6.8,8c09e4885222
gson-0070,gson,com/google/gson/internal/bind/NumberTypeAdapter.java,method,"com.google.gson.internal.bind.NumberTypeAdapter#getFactory(ToNumberStrategy)",ok,compiles,6,7.8,ddc520dac1cd,ok,compiles,6,8.0,ddc520dac1cd
gson-0071,gson,com/google/gson/internal/bind/MapTypeAdapterFactory.java,method,"com.google.gson.internal.bind.MapTypeAdapterFactory#MapTypeAdapterFactory(ConstructorConstructor,boolean)",ok,compiles,3,5.7,50a5ce831087,ok,compiles,3,5.8,50a5ce831087
gson-0072,gson,com/google/gson/internal/ConstructorConstructor.java,method,"com.google.gson.internal.ConstructorConstructor.InstanceCreatorConstructor#InstanceCreatorConstructor(InstanceCreator<T>,Type)",ok,compiles,3,6.8,c8e09fd177df,ok,compiles,3,6.2,c8e09fd177df
gson-0073,gson,com/google/gson/internal/bind/TypeAdapters.java,field,"com.google.gson.internal.bind.TypeAdapters#CHARACTER_FACTORY",ok,compiles,3,7.7,becb48f5a693,ok,compiles,3,6.7,becb48f5a693
gson-0074,gson,com/google/gson/internal/bind/EnumTypeAdapter.java,field,"com.google.gson.internal.bind.EnumTypeAdapter#nameToConstant",ok,compiles,2,7.4,9201e9566fff,ok,compiles,2,6.6,9201e9566fff
gson-0075,gson,com/google/gson/internal/bind/ReflectiveTypeAdapterFactory.java,method,"com.google.gson.internal.bind.ReflectiveTypeAdapterFactory#create(Gson,TypeToken<T>)",ok,compiles,15,10.3,36cfc76f6955,ok,compiles,15,10.2,36cfc76f6955
gson-0076,gson,com/google/gson/JsonArray.java,method,"com.google.gson.JsonArray#isEmpty()",ok,compiles,2,6.2,a5a440f5144f,ok,compiles,2,6.2,a5a440f5144f
gson-0077,gson,com/google/gson/internal/bind/JsonTreeReader.java,field,"com.google.gson.internal.bind.JsonTreeReader#pathIndices",ok,compiles,2,7.1,328d484465e6,ok,compiles,2,7.7,328d484465e6
gson-0078,gson,com/google/gson/internal/bind/NumberTypeAdapter.java,method,"com.google.gson.internal.bind.NumberTypeAdapter#write(JsonWriter,Number)",ok,compiles,4,7.4,a75c109053d9,ok,compiles,4,7.6,a75c109053d9
gson-0079,gson,com/google/gson/TypeAdapter.java,method,"com.google.gson.TypeAdapter#toJsonTree(T)",ok,compiles,6,7.7,d5b1e0b2147d,ok,compiles,6,9.2,d5b1e0b2147d
gson-0080,gson,com/google/gson/internal/bind/JsonTreeReader.java,field,"com.google.gson.internal.bind.JsonTreeReader#UNREADABLE_READER",ok,compiles,2,7.6,d822d68710d9,ok,compiles,2,8.9,d822d68710d9
gson-0081,gson,com/google/gson/internal/Streams.java,method,"com.google.gson.internal.Streams.AppendableWriter#close()",ok,compiles,1,6.7,6f3affb91982,ok,compiles,1,6.7,6f3affb91982
gson-0082,gson,com/google/gson/JsonObject.java,method,"com.google.gson.JsonObject#addProperty(String,Number)",ok,compiles,4,7.8,51e95b9ab1d2,ok,compiles,4,5.8,51e95b9ab1d2
gson-0083,gson,com/google/gson/stream/JsonReader.java,field,"com.google.gson.stream.JsonReader#NUMBER_CHAR_EXP_SIGN",ok,compiles,1,7.7,db875a9a1058,ok,compiles,1,8.1,db875a9a1058
gson-0084,gson,com/google/gson/internal/bind/TypeAdapters.java,field,"com.google.gson.internal.bind.TypeAdapters#BIT_SET_FACTORY",ok,compiles,3,7.6,54b1c9b5248f,ok,compiles,3,8.2,54b1c9b5248f
gson-0085,gson,com/google/gson/GsonBuilder.java,method,"com.google.gson.GsonBuilder#serializeNulls()",ok,compiles,2,7.7,db66391f3147,ok,compiles,2,5.7,db66391f3147
gson-0086,gson,com/google/gson/internal/Streams.java,method,"com.google.gson.internal.Streams.AppendableWriter#write(char[],int,int)",ok,compiles,1,8.3,7f581dd2e970,ok,compiles,1,6.2,7f581dd2e970
gson-0087,gson,com/google/gson/internal/LinkedTreeMap.java,method,"com.google.gson.internal.LinkedTreeMap.Node#setValue(V)",ok,compiles,1,7.9,62831436aeb4,ok,compiles,1,6.3,62831436aeb4
gson-0088,gson,com/google/gson/JsonParseException.java,method,"com.google.gson.JsonParseException#JsonParseException(String,Throwable)",ok,compiles,1,5.8,21229c75f6e9,ok,compiles,1,5.3,21229c75f6e9
gson-0089,gson,com/google/gson/internal/bind/TreeTypeAdapter.java,method,"com.google.gson.internal.bind.TreeTypeAdapter#getSerializationDelegate()",ok,compiles,4,7.2,af925112b101,ok,compiles,4,6.7,af925112b101
gson-0090,gson,com/google/gson/stream/JsonReader.java,method,"com.google.gson.stream.JsonReader#endObject()",ok,compiles,1,6.0,a3790325462a,ok,compiles,1,5.8,a3790325462a
gson-0091,gson,com/google/gson/stream/JsonWriter.java,method,"com.google.gson.stream.JsonWriter#name(String)",ok,compiles,3,6.2,85a84709e417,ok,compiles,3,5.4,85a84709e417
gson-0092,gson,com/google/gson/JsonNull.java,method,"com.google.gson.JsonNull#JsonNull()",ok,compiles,2,5.1,a0032e8712d4,ok,compiles,2,4.7,a0032e8712d4
gson-0093,gson,com/google/gson/JsonDeserializer.java,method,"com.google.gson.JsonDeserializer#deserialize(JsonElement,Type,JsonDeserializationContext)",ok,compiles,4,5.1,3a0e7e013c38,ok,compiles,4,5.0,3a0e7e013c38
gson-0094,gson,com/google/gson/reflect/TypeToken.java,method,"com.google.gson.reflect.TypeToken#matches(Type,Type,Map<String,Type>)",ok,compiles,1,5.3,694b0137d961,ok,compiles,1,5.0,694b0137d961
gson-0095,gson,com/google/gson/internal/NumberLimits.java,method,"com.google.gson.internal.NumberLimits#checkNumberStringLength(String)",ok,compiles,1,5.2,74a298544f76,ok,compiles,1,5.1,74a298544f76
gson-0096,gson,com/google/gson/TypeAdapter.java,method,"com.google.gson.TypeAdapter#toJson(T)",ok,compiles,4,5.4,ab0e883b9cd2,ok,compiles,4,5.0,ab0e883b9cd2
gson-0097,gson,com/google/gson/internal/sql/SqlTimeTypeAdapter.java,field,"com.google.gson.internal.sql.SqlTimeTypeAdapter#format",ok,compiles,2,5.4,9367a6b73a49,ok,compiles,2,5.1,9367a6b73a49
gson-0098,gson,com/google/gson/internal/LinkedTreeMap.java,method,"com.google.gson.internal.LinkedTreeMap.EntrySet#size()",ok,compiles,1,5.9,46194d8467cd,ok,compiles,1,6.0,46194d8467cd
gson-0099,gson,com/google/gson/internal/Streams.java,method,"com.google.gson.internal.Streams.AppendableWriter#append(CharSequence,int,int)",ok,compiles,1,5.3,eab2573955e4,ok,compiles,1,5.8,eab2573955e4
gson-0100,gson,com/google/gson/stream/JsonReader.java,method,"com.google.gson.stream.JsonReader#nextDouble()",ok,fails,3,5.6,27c01fcc0e66,ok,fails,3,6.7,27c01fcc0e66
jsoup-0001,jsoup,org/jsoup/helper/HttpConnection.java,method,"org.jsoup.helper.HttpConnection.Request#auth(RequestAuthenticator)",ok,compiles,4,7.2,2ce8992446ab,ok,compiles,4,12.0,2ce8992446ab
jsoup-0002,jsoup,org/jsoup/helper/AuthenticationHandler.java,field,"org.jsoup.helper.AuthenticationHandler#MaxAttempts",ok,compiles,1,6.2,66c1b8e4a502,ok,compiles,1,9.6,66c1b8e4a502
jsoup-0003,jsoup,org/jsoup/nodes/Element.java,method,"org.jsoup.nodes.Element#endSourceRange()",ok,compiles,3,10.3,5c99d8c4a8ec,ok,compiles,3,11.2,5c99d8c4a8ec
jsoup-0004,jsoup,org/jsoup/select/Nodes.java,method,"org.jsoup.select.Nodes#clone()",ok,compiles,2,13.9,a414f6121b4f,ok,compiles,2,15.3,a414f6121b4f
jsoup-0005,jsoup,org/jsoup/parser/TagSet.java,method,"org.jsoup.parser.TagSet#doAdd(Tag)",ok,compiles,3,12.1,3e2d546eb2cd,ok,compiles,3,13.8,3e2d546eb2cd
jsoup-0006,jsoup,org/jsoup/nodes/XmlDeclaration.java,method,"org.jsoup.nodes.XmlDeclaration#XmlDeclaration(String,boolean)",ok,compiles,3,10.9,b016f3c8118a,ok,compiles,3,11.8,b016f3c8118a
jsoup-0007,jsoup,org/jsoup/helper/CookieUtil.java,method,"org.jsoup.helper.CookieUtil#asUri(URL)",ok,compiles,1,11.7,ce533813873c,ok,compiles,1,8.9,ce533813873c
jsoup-0008,jsoup,org/jsoup/nodes/PseudoTextElement.java,method,"org.jsoup.nodes.PseudoTextElement#outerHtmlHead(QuietAppendable,Document.OutputSettings)",ok,compiles,5,14.5,7abc25635d66,ok,compiles,5,12.3,7abc25635d66
jsoup-0009,jsoup,org/jsoup/Jsoup.java,method,"org.jsoup.Jsoup#parse(File,String)",ok,compiles,6,10.3,643cc622102b,ok,compiles,6,10.6,643cc622102b
jsoup-0010,jsoup,org/jsoup/parser/StreamParser.java,method,"org.jsoup.parser.StreamParser.ElementIterator#isReady(Element)",ok,compiles,5,12.4,4750aec7075d,ok,compiles,5,11.5,4750aec7075d
jsoup-0011,jsoup,org/jsoup/nodes/DocumentType.java,field,"org.jsoup.nodes.DocumentType#PubSysKey",ok,compiles,3,10.2,2b14d80edcb7,ok,compiles,3,9.4,2b14d80edcb7
jsoup-0012,jsoup,org/jsoup/parser/TreeBuilder.java,field,"org.jsoup.parser.TreeBuilder#parser",ok,compiles,2,11.0,5956879c3b63,ok,compiles,2,9.4,5956879c3b63
jsoup-0013,jsoup,org/jsoup/select/QueryParser.java,method,"org.jsoup.select.QueryParser#parseNested(Function<Evaluator,Evaluator>,String)",ok,compiles,4,10.4,5ba8134f490b,ok,compiles,4,10.7,5ba8134f490b
jsoup-0014,jsoup,org/jsoup/nodes/NodeIterator.java,method,"org.jsoup.nodes.NodeIterator#next()",ok,compiles,3,9.6,b24c6a1d2e0c,ok,compiles,3,9.2,b24c6a1d2e0c
jsoup-0015,jsoup,org/jsoup/nodes/Element.java,method,"org.jsoup.nodes.Element#val()",ok,compiles,3,10.5,8556de17ca89,ok,compiles,3,11.7,8556de17ca89
jsoup-0016,jsoup,org/jsoup/select/StructuralEvaluator.java,method,"org.jsoup.select.StructuralEvaluator#evaluateMatch(Element,Node)",ok,compiles,4,9.6,069c7a5af5e5,ok,compiles,4,10.4,069c7a5af5e5
jsoup-0017,jsoup,org/jsoup/Connection.java,method,"org.jsoup.Connection.Request#proxy()",ok,compiles,2,8.3,dc32264017f7,ok,compiles,2,9.4,dc32264017f7
jsoup-0018,jsoup,org/jsoup/parser/StreamParser.java,method,"org.jsoup.parser.StreamParser#selectNext(String)",ok,compiles,6,11.1,f76cd323803f,ok,compiles,6,11.3,f76cd323803f
jsoup-0019,jsoup,org/jsoup/parser/HtmlTreeBuilder.java,method,"org.jsoup.parser.HtmlTreeBuilder#inSelectScope(String)",ok,compiles,6,12.4,bcb869f629ab,ok,compiles,6,11.8,bcb869f629ab
jsoup-0020,jsoup,org/jsoup/parser/Token.java,method,"org.jsoup.parser.Token#isEndTag()",ok,compiles,1,8.9,c430d38fe813,ok,compiles,1,9.0,c430d38fe813
jsoup-0021,jsoup,org/jsoup/parser/HtmlTreeBuilder.java,method,"org.jsoup.parser.HtmlTreeBuilder#replaceActiveFormattingElement(Element,Element)",ok,compiles,4,12.2,4110a50aa7f6,ok,compiles,4,12.4,4110a50aa7f6
jsoup-0022,jsoup,org/jsoup/parser/HtmlTreeBuilderState.java,field,"org.jsoup.parser.HtmlTreeBuilderState.Constants#InBodyEndClosers",ok,compiles,1,10.3,bb3dab37bae6,ok,compiles,1,10.3,bb3dab37bae6
jsoup-0023,jsoup,org/jsoup/parser/HtmlTreeBuilder.java,method,"org.jsoup.parser.HtmlTreeBuilder#insertNoscriptStartTag(Token.StartTag)",ok,compiles,10,13.1,72e1ac2a3021,ok,compiles,10,13.3,72e1ac2a3021
jsoup-0024,jsoup,org/jsoup/nodes/LeafNode.java,method,"org.jsoup.nodes.LeafNode#removeAttr(String)",ok,compiles,2,8.3,57f2c2030bfc,ok,compiles,2,10.4,57f2c2030bfc
jsoup-0025,jsoup,org/jsoup/select/Nodes.java,method,"org.jsoup.select.Nodes#remove(int)",ok,compiles,2,13.0,39d601e96d45,ok,compiles,2,12.5,39d601e96d45
jsoup-0026,jsoup,org/jsoup/helper/HttpConnection.java,method,"org.jsoup.helper.HttpConnection#validateMimeContentType(String)",ok,compiles,4,9.9,7a3fefa24381,ok,compiles,4,10.1,7a3fefa24381
jsoup-0027,jsoup,org/jsoup/parser/Token.java,field,"org.jsoup.parser.Token.XmlDecl#isDeclaration",ok,compiles,1,8.9,964915b64b8f,ok,compiles,1,7.4,964915b64b8f
jsoup-0028,jsoup,org/jsoup/helper/Re2jRegex.java,method,"org.jsoup.helper.Re2jRegex#Re2jRegex(com.google.re2j.Pattern)",ok,compiles,3,10.3,ceb4a26b8750,ok,compiles,3,9.0,ceb4a26b8750
jsoup-0029,jsoup,org/jsoup/parser/HtmlTreeBuilder.java,method,"org.jsoup.parser.HtmlTreeBuilder#lastFormattingElement()",ok,compiles,4,12.1,69a7f0468611,ok,compiles,4,12.5,69a7f0468611
jsoup-0030,jsoup,org/jsoup/select/Evaluator.java,method,"org.jsoup.select.Evaluator.IsEmpty#matches(Element,Element)",ok,compiles,9,10.8,52efe8878c18,ok,compiles,9,12.2,52efe8878c18
jsoup-0031,jsoup,org/jsoup/nodes/Element.java,method,"org.jsoup.nodes.Element#id()",ok,compiles,5,11.6,1f15f21b3358,ok,compiles,5,10.9,1f15f21b3358
jsoup-0032,jsoup,org/jsoup/select/QueryParser.java,field,"org.jsoup.select.QueryParser#tq",ok,compiles,2,11.9,126b5d37979b,ok,compiles,2,11.1,126b5d37979b
jsoup-0033,jsoup,org/jsoup/select/StructuralEvaluator.java,method,"org.jsoup.select.StructuralEvaluator.Not#Not(Evaluator)",ok,compiles,2,9.8,898bfb3770e0,ok,compiles,2,9.8,898bfb3770e0
jsoup-0034,jsoup,org/jsoup/parser/CharacterReader.java,method,"org.jsoup.parser.CharacterReader#CharacterReader(String)",ok,compiles,1,10.5,3f153154eb25,ok,compiles,1,10.1,3f153154eb25
jsoup-0035,jsoup,org/jsoup/select/QueryParser.java,method,"org.jsoup.select.QueryParser#matches(boolean)",ok,compiles,6,11.4,81ed8c8818c2,ok,compiles,6,10.6,81ed8c8818c2
jsoup-0036,jsoup,org/jsoup/select/Evaluator.java,field,"org.jsoup.select.Evaluator.CssNthEvaluator#b",ok,compiles,1,9.5,e5e4761d6523,ok,compiles,1,9.9,e5e4761d6523
jsoup-0037,jsoup,org/jsoup/parser/Parser.java,method,"org.jsoup.parser.Parser#unescapeEntities(String,boolean)",ok,compiles,3,11.4,44c07505c7a8,ok,compiles,3,11.9,44c07505c7a8
jsoup-0038,jsoup,org/jsoup/helper/DataUtil.java,field,"org.jsoup.helper.DataUtil.CharsetDoc#charset",ok,compiles,1,10.1,4d1e66b53f86,ok,compiles,1,9.8,4d1e66b53f86
jsoup-0039,jsoup,org/jsoup/nodes/Range.java,method,"org.jsoup.nodes.Range.Spans#clearEndSourceRange()",ok,compiles,1,9.4,4f8c839d9e43,ok,compiles,1,8.7,4f8c839d9e43
jsoup-0040,jsoup,org/jsoup/helper/HttpConnection.java,field,"org.jsoup.helper.HttpConnection#FORM_URL_ENCODED",ok,compiles,2,9.2,e4353b151903,ok,compiles,2,9.5,e4353b151903
jsoup-0041,jsoup,org/jsoup/parser/Token.java,method,"org.jsoup.parser.Token.XmlDecl#toString()",ok,compiles,4,12.7,5e598547e7a7,ok,compiles,4,11.2,5e598547e7a7
jsoup-0042,jsoup,org/jsoup/parser/Token.java,method,"org.jsoup.parser.Token.EndTag#toString()",ok,compiles,1,10.4,bd630b57940b,ok,compiles,1,9.4,bd630b57940b
jsoup-0043,jsoup,org/jsoup/nodes/Range.java,method,"org.jsoup.nodes.Range.AttributeRange#AttributeRange(LineMap,int,int,int,int)",ok,compiles,2,9.5,00d048002fe2,ok,compiles,2,8.3,00d048002fe2
jsoup-0044,jsoup,org/jsoup/parser/StreamParser.java,field,"org.jsoup.parser.StreamParser#document",ok,compiles,5,11.8,9b7168eb41a0,ok,compiles,5,10.4,9b7168eb41a0
jsoup-0045,jsoup,org/jsoup/nodes/Range.java,method,"org.jsoup.nodes.Range.Position#pos()",ok,compiles,1,8.2,2ceb81bd55c6,ok,compiles,1,7.5,2ceb81bd55c6
jsoup-0046,jsoup,org/jsoup/Connection.java,method,"org.jsoup.Connection#response()",ok,compiles,1,8.1,00f266346fbc,ok,compiles,1,7.2,00f266346fbc
jsoup-0047,jsoup,org/jsoup/helper/DataUtil.java,field,"org.jsoup.helper.DataUtil#charsetPattern",ok,compiles,1,10.3,14fa83d11841,ok,compiles,1,6.9,14fa83d11841
jsoup-0048,jsoup,org/jsoup/nodes/Attribute.java,method,"org.jsoup.nodes.Attribute#html(Appendable,Document.OutputSettings)",ok,compiles,5,11.7,6e4229f56d2b,ok,compiles,5,7.9,6e4229f56d2b
jsoup-0049,jsoup,org/jsoup/select/QueryParser.java,method,"org.jsoup.select.QueryParser#toString()",ok,compiles,1,10.5,fb176bac414d,ok,compiles,1,7.2,fb176bac414d
jsoup-0050,jsoup,org/jsoup/internal/LineMap.java,field,"org.jsoup.internal.LineMap#lineStarts",ok,compiles,1,10.0,1bdc94b1e703,ok,compiles,1,6.1,1bdc94b1e703
jsoup-0051,jsoup,org/jsoup/select/Evaluator.java,method,"org.jsoup.select.Evaluator.AttributeWithValueContaining#matches(Element,Element)",ok,compiles,4,9.7,c96fd6497129,ok,compiles,4,9.2,c96fd6497129
jsoup-0052,jsoup,org/jsoup/internal/StringUtil.java,method,"org.jsoup.internal.StringUtil#isWhitespace(int)",ok,compiles,1,7.6,44f2cadd7170,ok,compiles,1,6.6,44f2cadd7170
jsoup-0053,jsoup,org/jsoup/select/QueryParser.java,method,"org.jsoup.select.QueryParser#containsData()",ok,compiles,5,9.7,76eda722c0eb,ok,compiles,5,11.6,76eda722c0eb
jsoup-0054,jsoup,org/jsoup/internal/SimpleBufferedInput.java,method,"org.jsoup.internal.SimpleBufferedInput#read(byte[],int,int)",ok,compiles,3,8.4,d62f7d2669b1,ok,compiles,3,9.9,d62f7d2669b1
jsoup-0055,jsoup,org/jsoup/parser/Tag.java,method,"org.jsoup.parser.Tag#valueOf(String,String,ParseSettings)",ok,compiles,4,8.6,7dbe84b3fda1,ok,compiles,4,10.4,7dbe84b3fda1
jsoup-0056,jsoup,org/jsoup/safety/Safelist.java,method,"org.jsoup.safety.Safelist#removeEnforcedAttribute(String,String)",ok,compiles,3,8.8,8984a1ab2674,ok,compiles,3,9.8,8984a1ab2674
jsoup-0057,jsoup,org/jsoup/nodes/Document.java,field,"org.jsoup.nodes.Document.OutputSettings#maxPaddingWidth",ok,compiles,3,8.8,abefa86b8a27,ok,compiles,3,9.4,abefa86b8a27
jsoup-0058,jsoup,org/jsoup/parser/StreamParser.java,method,"org.jsoup.parser.StreamParser#completeFragment()",ok,compiles,3,10.3,21987929be41,ok,compiles,3,10.7,21987929be41
jsoup-0059,jsoup,org/jsoup/parser/ParseError.java,method,"org.jsoup.parser.ParseError#ParseError(int,String)",ok,compiles,1,9.6,bd6dfe99a4b4,ok,compiles,1,10.7,bd6dfe99a4b4
jsoup-0060,jsoup,org/jsoup/examples/Wikipedia.java,method,"org.jsoup.examples.Wikipedia#main(String[])",ok,compiles,8,15.7,f12b06c498ae,ok,compiles,8,15.4,f12b06c498ae
jsoup-0061,jsoup,org/jsoup/nodes/Entities.java,method,"org.jsoup.nodes.Entities#escape(QuietAppendable,String,OutputSettings,int)",ok,compiles,5,11.0,b6302df74ca6,ok,compiles,5,11.0,b6302df74ca6
jsoup-0062,jsoup,org/jsoup/nodes/Element.java,method,"org.jsoup.nodes.Element#text()",ok,fails,4,12.6,61073dd815f6,ok,fails,4,11.3,61073dd815f6
jsoup-0063,jsoup,org/jsoup/Connection.java,method,"org.jsoup.Connection.Request#auth(RequestAuthenticator)",ok,compiles,3,9.6,536cae72b766,ok,compiles,3,8.3,536cae72b766
jsoup-0064,jsoup,org/jsoup/nodes/NodeUtils.java,method,"org.jsoup.nodes.NodeUtils#parser(Node)",ok,compiles,8,13.3,98044acba78f,ok,compiles,8,13.5,98044acba78f
jsoup-0065,jsoup,org/jsoup/select/QueryParser.java,method,"org.jsoup.select.QueryParser#byClass()",ok,compiles,5,12.4,28a7fe7fa3d4,ok,compiles,5,12.6,28a7fe7fa3d4
jsoup-0066,jsoup,org/jsoup/helper/HttpConnection.java,method,"org.jsoup.helper.HttpConnection.Response#prepareResponse(Map<String,List<String>>,HttpConnection.Response)",ok,compiles,4,14.5,6fb775c25de8,ok,compiles,4,17.3,6fb775c25de8
jsoup-0067,jsoup,org/jsoup/select/Elements.java,method,"org.jsoup.select.Elements#comments()",ok,compiles,6,15.1,d0e30920cfbd,ok,compiles,6,17.8,d0e30920cfbd
jsoup-0068,jsoup,org/jsoup/parser/CharacterReader.java,method,"org.jsoup.parser.CharacterReader#nextIndexOf(char)",ok,compiles,1,10.8,71dc3d5298b7,ok,compiles,1,13.1,71dc3d5298b7
jsoup-0069,jsoup,org/jsoup/parser/HtmlTreeBuilder.java,method,"org.jsoup.parser.HtmlTreeBuilder#clearStackToTableContext()",ok,compiles,2,11.6,2ed72a13a6c8,ok,compiles,2,12.6,2ed72a13a6c8
jsoup-0070,jsoup,org/jsoup/helper/W3CDom.java,field,"org.jsoup.helper.W3CDom#ContextProperty",ok,compiles,1,10.4,9dd81bbcb45e,ok,compiles,1,9.2,9dd81bbcb45e
jsoup-0071,jsoup,org/jsoup/helper/Validate.java,method,"org.jsoup.helper.Validate#ensureNotNull(Object,String,Object...)",ok,compiles,3,9.1,b255504523cd,ok,compiles,3,10.1,b255504523cd
jsoup-0072,jsoup,org/jsoup/parser/TreeBuilder.java,method,"org.jsoup.parser.TreeBuilder#tagFor(Token.Tag)",ok,compiles,6,10.0,88589491309b,ok,compiles,6,10.1,88589491309b
jsoup-0073,jsoup,org/jsoup/nodes/Element.java,method,"org.jsoup.nodes.Element#selectNodes(String,Class<T>)",ok,compiles,7,14.9,06383586b4cf,ok,compiles,7,16.4,06383586b4cf
jsoup-0074,jsoup,org/jsoup/nodes/Element.java,method,"org.jsoup.nodes.Element#val(String)",ok,compiles,3,13.7,8177c8b23661,ok,compiles,3,15.6,8177c8b23661
jsoup-0075,jsoup,org/jsoup/nodes/Attribute.java,method,"org.jsoup.nodes.Attribute#htmlNoValidate(String,String,QuietAppendable,Document.OutputSettings)",ok,compiles,8,12.3,9e0193edc78d,ok,compiles,8,14.6,9e0193edc78d
jsoup-0076,jsoup,org/jsoup/nodes/Attribute.java,method,"org.jsoup.nodes.Attribute#hashCode()",ok,compiles,2,11.0,a129bad4933b,ok,compiles,2,12.5,a129bad4933b
jsoup-0077,jsoup,org/jsoup/nodes/TextNode.java,method,"org.jsoup.nodes.TextNode#text(String)",ok,compiles,3,11.8,68801fc7c39d,ok,compiles,3,10.1,68801fc7c39d
jsoup-0078,jsoup,org/jsoup/parser/Tag.java,method,"org.jsoup.parser.Tag#Tag(String)",ok,compiles,3,12.4,18ae03f36382,ok,compiles,3,10.0,18ae03f36382
jsoup-0079,jsoup,org/jsoup/parser/ParseSettings.java,method,"org.jsoup.parser.ParseSettings#normalizeAttribute(String)",ok,compiles,2,10.8,d2c5faf7fb6a,ok,compiles,2,11.7,d2c5faf7fb6a
jsoup-0080,jsoup,org/jsoup/parser/Token.java,field,"org.jsoup.parser.Token.Tag#attrNameStart",ok,compiles,1,8.9,aa972c7b0a67,ok,compiles,1,9.2,aa972c7b0a67
jsoup-0081,jsoup,org/jsoup/parser/Token.java,method,"org.jsoup.parser.Token#endPos()",ok,compiles,1,8.8,8b05a79531af,ok,compiles,1,9.4,8b05a79531af
jsoup-0082,jsoup,org/jsoup/internal/ControllableInputStream.java,field,"org.jsoup.internal.ControllableInputStream#maxSize",ok,compiles,1,8.4,1d366881daa4,ok,compiles,1,9.3,1d366881daa4
jsoup-0083,jsoup,org/jsoup/parser/HtmlTreeBuilderState.java,field,"org.jsoup.parser.HtmlTreeBuilderState.Constants#InBodyStartApplets",ok,compiles,1,10.6,9853f4737aa2,ok,compiles,1,11.2,9853f4737aa2
jsoup-0084,jsoup,org/jsoup/parser/XmlTreeBuilder.java,method,"org.jsoup.parser.XmlTreeBuilder#insertElementFor(Token.StartTag)",ok,compiles,14,14.1,87957c360c41,ok,compiles,14,12.9,87957c360c41
jsoup-0085,jsoup,org/jsoup/helper/HttpConnection.java,field,"org.jsoup.helper.HttpConnection#CONTENT_TYPE",ok,compiles,2,11.2,746e788e7c52,ok,compiles,2,9.6,746e788e7c52
jsoup-0086,jsoup,org/jsoup/nodes/Element.java,field,"org.jsoup.nodes.Element#EmptyNodeList",ok,compiles,2,13.8,7645ef58ece8,ok,compiles,2,12.8,7645ef58ece8
jsoup-0087,jsoup,org/jsoup/nodes/Element.java,method,"org.jsoup.nodes.Element#shallowClone()",ok,compiles,6,14.7,20447cb90b3c,ok,compiles,6,13.0,20447cb90b3c
jsoup-0088,jsoup,org/jsoup/nodes/CDataNode.java,method,"org.jsoup.nodes.CDataNode#CDataNode(String)",ok,compiles,4,10.7,75a617149bf6,ok,compiles,4,10.3,75a617149bf6
jsoup-0089,jsoup,org/jsoup/nodes/Node.java,method,"org.jsoup.nodes.Node#shallowClone()",ok,compiles,2,10.4,b3d767ba9a4e,ok,compiles,2,8.9,b3d767ba9a4e
jsoup-0090,jsoup,org/jsoup/nodes/Element.java,method,"org.jsoup.nodes.Element#selectNodes(Evaluator)",ok,compiles,4,11.5,168fc50a1938,ok,compiles,4,12.7,168fc50a1938
jsoup-0091,jsoup,org/jsoup/Jsoup.java,method,"org.jsoup.Jsoup#parse(String)",ok,compiles,5,10.3,db3888597588,ok,compiles,5,11.8,db3888597588
jsoup-0092,jsoup,org/jsoup/safety/Cleaner.java,field,"org.jsoup.safety.Cleaner.CleaningVisitor#root",ok,compiles,4,8.5,4fd579133499,ok,compiles,4,10.1,4fd579133499
jsoup-0093,jsoup,org/jsoup/UnsupportedMimeTypeException.java,method,"org.jsoup.UnsupportedMimeTypeException#getMimeType()",ok,compiles,1,6.9,5eab3a66e8ba,ok,compiles,1,8.1,5eab3a66e8ba
jsoup-0094,jsoup,org/jsoup/helper/CookieUtil.java,field,"org.jsoup.helper.CookieUtil#CookieName",ok,compiles,1,8.2,fe164bd111b7,ok,compiles,1,8.7,fe164bd111b7
jsoup-0095,jsoup,org/jsoup/parser/HtmlTreeBuilderState.java,field,"org.jsoup.parser.HtmlTreeBuilderState.Constants#InTableEndIgnore",ok,compiles,1,9.7,881d61e88ffc,ok,compiles,1,9.6,881d61e88ffc
jsoup-0096,jsoup,org/jsoup/nodes/Node.java,method,"org.jsoup.nodes.Node#forEachNode(Consumer<?superNode>)",ok,compiles,3,11.1,9a9dc10457cf,ok,compiles,3,10.2,9a9dc10457cf
jsoup-0097,jsoup,org/jsoup/select/Evaluator.java,method,"org.jsoup.select.Evaluator.Id#matches(Element,Element)",ok,compiles,3,12.5,31279539c20c,ok,compiles,3,12.6,31279539c20c
jsoup-0098,jsoup,org/jsoup/select/NodeTraversor.java,method,"org.jsoup.select.NodeTraversor#filter(NodeFilter,Node)",ok,compiles,4,12.4,f291c9c71211,ok,compiles,4,11.4,f291c9c71211
jsoup-0099,jsoup,org/jsoup/Connection.java,method,"org.jsoup.Connection.Response#readBody()",ok,compiles,1,10.2,0b50af18345a,ok,compiles,1,9.2,0b50af18345a
jsoup-0100,jsoup,org/jsoup/select/Evaluator.java,method,"org.jsoup.select.Evaluator.IsNthLastChild#getPseudoClass()",ok,compiles,1,10.4,59cc1051dd89,ok,compiles,1,10.7,59cc1051dd89
junit4-0001,junit4,org/junit/internal/runners/MethodRoadie.java,method,"org.junit.internal.runners.MethodRoadie#runBeforesThenTestThenAfters(Runnable)",ok,compiles,2,3.9,71953c444093,ok,compiles,2,4.8,71953c444093
junit4-0002,junit4,org/junit/internal/runners/TestMethod.java,method,"org.junit.internal.runners.TestMethod#expectsException()",ok,compiles,1,4.6,095963375245,ok,compiles,1,5.6,095963375245
junit4-0003,junit4,org/junit/internal/runners/TestMethod.java,method,"org.junit.internal.runners.TestMethod#isIgnored()",ok,compiles,2,4.5,81100f16d9fe,ok,compiles,2,6.0,81100f16d9fe
junit4-0004,junit4,org/junit/internal/runners/MethodValidator.java,method,"org.junit.internal.runners.MethodValidator#validateTestMethods(Class<?extendsAnnotation>,boolean)",ok,compiles,2,4.7,2e695a389a76,ok,compiles,2,5.6,2e695a389a76
junit4-0005,junit4,org/junit/runner/Description.java,method,"org.junit.runner.Description#addChild(Description)",ok,compiles,1,5.0,6f4fe8056e26,ok,compiles,1,4.7,6f4fe8056e26
junit4-0006,junit4,org/junit/runners/RuleContainer.java,method,"org.junit.runners.RuleContainer#add(MethodRule)",ok,compiles,2,5.2,c27509d4ec58,ok,compiles,2,4.8,c27509d4ec58
junit4-0007,junit4,org/junit/rules/TestWatcher.java,method,"org.junit.rules.TestWatcher#succeeded(Description)",ok,compiles,3,4.9,0525603a3428,ok,compiles,3,5.0,0525603a3428
junit4-0008,junit4,org/junit/runners/model/TestClass.java,method,"org.junit.runners.model.TestClass#isPublic()",ok,compiles,2,5.2,31609f205d8d,ok,compiles,2,6.0,31609f205d8d
junit4-0009,junit4,org/junit/internal/runners/rules/RuleMemberValidator.java,method,"org.junit.internal.runners.rules.RuleMemberValidator#testRuleValidatorBuilder()",ok,fails,2,4.9,915e3ec32662,ok,fails,2,5.2,915e3ec32662
junit4-0010,junit4,org/junit/internal/runners/TestMethod.java,method,"org.junit.internal.runners.TestMethod#getTimeout()",ok,compiles,2,5.5,5aa87da83dd5,ok,compiles,2,5.0,5aa87da83dd5
junit4-0011,junit4,org/junit/runners/ParentRunner.java,method,"org.junit.runners.ParentRunner#sort(Sorter)",ok,compiles,10,6.0,a3a0dced533c,ok,compiles,10,5.9,a3a0dced533c
junit4-0012,junit4,org/junit/runners/BlockJUnit4ClassRunner.java,method,"org.junit.runners.BlockJUnit4ClassRunner#computeTestMethods()",ok,compiles,12,6.5,ef9565256dd1,ok,compiles,12,5.6,ef9565256dd1
junit4-0013,junit4,org/junit/Assert.java,method,"org.junit.Assert#assertEquals(long,long)",ok,compiles,1,4.7,8b1af2cb3fd7,ok,compiles,1,5.0,8b1af2cb3fd7
junit4-0014,junit4,org/junit/experimental/max/MaxHistory.java,method,"org.junit.experimental.max.MaxHistory#putTestFailureTimestamp(Description,long)",ok,compiles,2,5.0,5c9618d29862,ok,compiles,2,5.9,5c9618d29862
junit4-0015,junit4,org/junit/runners/model/TestClass.java,field,"org.junit.runners.model.TestClass#fieldsForAnnotations",ok,compiles,4,5.3,74d23d42b2b2,ok,compiles,4,6.0,74d23d42b2b2
junit4-0016,junit4,org/junit/runner/Result.java,method,"org.junit.runner.Result#wasSuccessful()",ok,compiles,1,5.0,e78a32d001e7,ok,compiles,1,4.8,e78a32d001e7
junit4-0017,junit4,org/junit/internal/runners/statements/FailOnTimeout.java,field,"org.junit.internal.runners.statements.FailOnTimeout.Builder#timeout",ok,compiles,2,5.5,1f36e702b180,ok,compiles,2,5.6,1f36e702b180
junit4-0018,junit4,org/junit/Assume.java,method,"org.junit.Assume#assumeNoException(Throwable)",ok,fails,3,5.8,87de50293d84,ok,fails,3,6.0,87de50293d84
junit4-0019,junit4,org/junit/rules/Verifier.java,method,"org.junit.rules.Verifier#verify()",ok,compiles,2,5.8,022b4abf861c,ok,compiles,2,5.6,022b4abf861c
junit4-0020,junit4,org/junit/internal/runners/JUnit4ClassRunner.java,method,"org.junit.internal.runners.JUnit4ClassRunner#sort(Sorter)",ok,compiles,8,6.9,83cf8b31c423,ok,compiles,8,6.5,83cf8b31c423
junit4-0021,junit4,org/junit/Assert.java,method,"org.junit.Assert#assertEquals(Object[],Object[])",ok,compiles,1,6.5,8f25a08d8d8f,ok,compiles,1,5.3,8f25a08d8d8f
junit4-0022,junit4,org/junit/runner/manipulation/Sorter.java,method,"org.junit.runner.manipulation.Sorter#apply(Object)",ok,compiles,5,5.7,3bf5a0f39371,ok,compiles,5,5.6,3bf5a0f39371
junit4-0023,junit4,org/junit/internal/runners/JUnit38ClassRunner.java,method,"org.junit.internal.runners.JUnit38ClassRunner#setTest(Test)",ok,compiles,7,5.1,95f68a407d72,ok,compiles,7,5.1,95f68a407d72
junit4-0024,junit4,org/junit/experimental/theories/Theories.java,method,"org.junit.experimental.theories.Theories.TheoryAnchor#evaluate()",ok,compiles,20,8.6,03152790b078,ok,compiles,20,9.0,03152790b078
junit4-0025,junit4,org/junit/runner/FilterFactories.java,method,"org.junit.runner.FilterFactories#createFilter(String,FilterFactoryParams)",ok,compiles,4,5.8,f8e94b68b0c8,ok,compiles,4,6.3,f8e94b68b0c8
junit4-0026,junit4,org/junit/internal/Throwables.java,method,"org.junit.internal.Throwables#getCauseStackTraceLines(Throwable)",ok,compiles,1,5.6,5306f03cb36c,ok,compiles,1,6.0,5306f03cb36c
junit4-0027,junit4,org/junit/ComparisonFailure.java,method,"org.junit.ComparisonFailure.ComparisonCompactor.DiffExtractor#actualDiff()",ok,compiles,1,5.9,26f668bc7cbc,ok,compiles,1,5.7,26f668bc7cbc
junit4-0028,junit4,org/junit/runners/model/FrameworkMethod.java,method,"org.junit.runners.model.FrameworkMethod#toString()",ok,compiles,3,6.2,dc3c75bfd47c,ok,compiles,3,5.6,dc3c75bfd47c
junit4-0029,junit4,org/junit/runners/ParentRunner.java,method,"org.junit.runners.ParentRunner#createTestClass(Class<?>)",ok,compiles,8,5.8,140d02be27d0,ok,compiles,8,5.8,140d02be27d0
junit4-0030,junit4,org/junit/runner/notification/RunNotifier.java,method,"org.junit.runner.notification.RunNotifier.SafeNotifier#run()",ok,compiles,4,6.2,56cfbaf37971,ok,compiles,4,5.8,56cfbaf37971
junit4-0031,junit4,org/junit/runners/parameterized/BlockJUnit4ClassRunnerWithParameters.java,method,"org.junit.runners.parameterized.BlockJUnit4ClassRunnerWithParameters#getName()",ok,compiles,11,6.2,3263828e3682,ok,compiles,11,6.9,3263828e3682
junit4-0032,junit4,org/junit/internal/MethodSorter.java,method,"org.junit.internal.MethodSorter#MethodSorter()",ok,compiles,1,5.4,b58d2b4db335,ok,compiles,1,5.3,b58d2b4db335
junit4-0033,junit4,org/junit/rules/ErrorCollector.java,method,"org.junit.rules.ErrorCollector#verify()",ok,compiles,4,6.2,444abc67f533,ok,compiles,4,7.0,444abc67f533
junit4-0034,junit4,org/junit/internal/requests/FilterRequest.java,method,"org.junit.internal.requests.FilterRequest#getRunner()",ok,compiles,7,6.5,19791775b124,ok,compiles,7,6.6,19791775b124
junit4-0035,junit4,org/junit/internal/builders/AllDefaultPossibilitiesBuilder.java,method,"org.junit.internal.builders.AllDefaultPossibilitiesBuilder#runnerForClass(Class<?>)",ok,compiles,8,7.7,6467e60855eb,ok,compiles,8,6.8,6467e60855eb
junit4-0036,junit4,org/junit/rules/Stopwatch.java,method,"org.junit.rules.Stopwatch#succeeded(long,Description)",ok,compiles,3,5.6,48426b3b87d8,ok,compiles,3,4.7,48426b3b87d8
junit4-0037,junit4,org/junit/internal/runners/JUnit4ClassRunner.java,field,"org.junit.internal.runners.JUnit4ClassRunner#testMethods",ok,compiles,5,5.8,f4d6e93fcd68,ok,compiles,5,5.8,f4d6e93fcd68
junit4-0038,junit4,org/junit/Assert.java,method,"org.junit.Assert#isEquals(Object,Object)",ok,compiles,1,5.5,05450d1141ce,ok,compiles,1,5.5,05450d1141ce
junit4-0039,junit4,org/junit/Assert.java,method,"org.junit.Assert#assertNotEquals(float,float,float)",ok,compiles,1,4.9,146729718af4,ok,compiles,1,5.1,146729718af4
junit4-0040,junit4,org/junit/runners/BlockJUnit4ClassRunner.java,method,"org.junit.runners.BlockJUnit4ClassRunner#methodInvoker(FrameworkMethod,Object)",ok,compiles,12,6.0,db893d30ffdc,ok,compiles,12,7.0,db893d30ffdc
junit4-0041,junit4,org/junit/experimental/categories/CategoryFilterFactory.java,method,"org.junit.experimental.categories.CategoryFilterFactory#parseCategories(String)",ok,compiles,3,5.6,29b67ab2aa79,ok,compiles,3,5.8,29b67ab2aa79
junit4-0042,junit4,junit/framework/TestSuite.java,method,"junit.framework.TestSuite#testCount()",ok,compiles,2,5.1,6ce3359833d0,ok,compiles,2,5.4,6ce3359833d0
junit4-0043,junit4,org/junit/rules/ErrorCollector.java,method,"org.junit.rules.ErrorCollector#checkThat(String,T,Matcher<T>)",ok,compiles,6,6.6,76498d9ca1a6,ok,compiles,6,6.8,76498d9ca1a6
junit4-0044,junit4,org/junit/experimental/max/MaxHistory.java,field,"org.junit.experimental.max.MaxHistory.RememberingListener#overallStart",ok,compiles,2,6.3,a62067934baf,ok,compiles,2,6.0,a62067934baf
junit4-0045,junit4,org/junit/runner/FilterFactories.java,method,"org.junit.runner.FilterFactories#createFilterFactory(Class<?extendsFilterFactory>)",ok,compiles,2,5.9,a9e29946437a,ok,compiles,2,5.7,a9e29946437a
junit4-0046,junit4,org/junit/runners/model/RunnerBuilder.java,method,"org.junit.runners.model.RunnerBuilder#runnerForClass(Class<?>)",ok,compiles,3,5.8,d0cd7a7f6b92,ok,compiles,3,5.7,d0cd7a7f6b92
junit4-0047,junit4,org/junit/internal/runners/statements/FailOnTimeout.java,field,"org.junit.internal.runners.statements.FailOnTimeout#originalStatement",ok,compiles,2,5.1,bb6beea88439,ok,compiles,2,5.2,bb6beea88439
junit4-0048,junit4,junit/framework/JUnit4TestAdapter.java,method,"junit.framework.JUnit4TestAdapter#getTests()",ok,compiles,8,5.8,31fa252f107b,ok,compiles,8,5.0,31fa252f107b
junit4-0049,junit4,junit/framework/ComparisonCompactor.java,method,"junit.framework.ComparisonCompactor#compact(String)",ok,compiles,2,5.7,7811c2367921,ok,compiles,2,5.4,7811c2367921
junit4-0050,junit4,org/junit/runners/model/TestClass.java,method,"org.junit.runners.model.TestClass#getName()",ok,compiles,2,5.9,a75d91a0c27b,ok,compiles,2,5.3,a75d91a0c27b
junit4-0051,junit4,junit/runner/BaseTestRunner.java,method,"junit.runner.BaseTestRunner#endTest(Test)",ok,compiles,3,5.2,199f298e1907,ok,compiles,3,5.1,199f298e1907
junit4-0052,junit4,junit/framework/TestResult.java,method,"junit.framework.TestResult#TestResult()",ok,compiles,3,4.9,35cd20f72676,ok,compiles,3,5.0,35cd20f72676
junit4-0053,junit4,org/junit/rules/DisableOnDebug.java,field,"org.junit.rules.DisableOnDebug#rule",ok,compiles,2,5.0,4b27fbcb0d63,ok,compiles,2,5.2,4b27fbcb0d63
junit4-0054,junit4,org/junit/runners/MethodSorters.java,field,"org.junit.runners.MethodSorters#comparator",ok,compiles,1,4.2,f45a5529b140,ok,compiles,1,4.7,f45a5529b140
junit4-0055,junit4,junit/framework/JUnit4TestCaseFacade.java,method,"junit.framework.JUnit4TestCaseFacade#getDescription()",ok,compiles,4,5.3,b33b10aa6fe8,ok,compiles,4,4.4,b33b10aa6fe8
junit4-0056,junit4,junit/framework/TestCase.java,method,"junit.framework.TestCase#assertEquals(double,double,double)",ok,compiles,3,5.8,b170b969b491,ok,compiles,3,4.8,b170b969b491
junit4-0057,junit4,org/junit/rules/TemporaryFolder.java,method,"org.junit.rules.TemporaryFolder#TemporaryFolder(File)",ok,compiles,3,5.5,0c3defba1374,ok,compiles,3,4.4,0c3defba1374
junit4-0058,junit4,org/junit/internal/runners/model/EachTestNotifier.java,method,"org.junit.internal.runners.model.EachTestNotifier#fireTestStarted()",ok,compiles,4,4.8,dde80efb58e4,ok,compiles,4,5.4,dde80efb58e4
junit4-0059,junit4,org/junit/runner/notification/SynchronizedRunListener.java,method,"org.junit.runner.notification.SynchronizedRunListener#testSuiteFinished(Description)",ok,compiles,3,5.0,24d7b7265fb5,ok,compiles,3,5.9,24d7b7265fb5
junit4-0060,junit4,org/junit/experimental/theories/Theories.java,method,"org.junit.experimental.theories.Theories#validateTestMethods(List<Throwable>)",ok,compiles,15,6.8,0b1c05e69be9,ok,compiles,15,6.9,0b1c05e69be9
junit4-0061,junit4,junit/framework/Assert.java,method,"junit.framework.Assert#assertNotSame(Object,Object)",ok,compiles,1,5.4,c00446d4f608,ok,compiles,1,5.4,c00446d4f608
junit4-0062,junit4,org/junit/internal/runners/model/ReflectiveCallable.java,method,"org.junit.internal.runners.model.ReflectiveCallable#run()",ok,compiles,1,5.8,fa4ee33d6c3f,ok,compiles,1,5.1,fa4ee33d6c3f
junit4-0063,junit4,junit/framework/Assert.java,method,"junit.framework.Assert#assertEquals(float,float,float)",ok,compiles,1,5.4,831557db5e47,ok,compiles,1,4.7,831557db5e47
junit4-0064,junit4,org/junit/internal/matchers/TypeSafeMatcher.java,method,"org.junit.internal.matchers.TypeSafeMatcher#matchesSafely(T)",ok,compiles,2,5.1,476b0a1647d1,ok,compiles,2,5.0,476b0a1647d1
junit4-0065,junit4,org/junit/rules/Timeout.java,method,"org.junit.rules.Timeout.Builder#withLookingForStuckThread(boolean)",ok,compiles,2,5.0,9dd7e916d378,ok,compiles,2,5.0,9dd7e916d378
junit4-0066,junit4,org/junit/experimental/results/PrintableResult.java,method,"org.junit.experimental.results.PrintableResult#testResult(Class<?>)",ok,compiles,2,5.2,c5a1bf744246,ok,compiles,2,5.5,c5a1bf744246
junit4-0067,junit4,org/junit/internal/runners/model/EachTestNotifier.java,method,"org.junit.internal.runners.model.EachTestNotifier#addMultipleFailureException(MultipleFailureException)",ok,compiles,2,5.4,d72f17f66b88,ok,compiles,2,6.3,d72f17f66b88
junit4-0068,junit4,org/junit/experimental/ParallelComputer.java,field,"org.junit.experimental.ParallelComputer#classes",ok,compiles,2,4.7,44cec46313eb,ok,compiles,2,5.5,44cec46313eb
junit4-0069,junit4,org/junit/internal/matchers/StacktracePrintingMatcher.java,method,"org.junit.internal.matchers.StacktracePrintingMatcher#describeTo(Description)",ok,compiles,5,5.1,31855905dbf8,ok,compiles,5,6.1,31855905dbf8
junit4-0070,junit4,org/junit/runners/parameterized/BlockJUnit4ClassRunnerWithParameters.java,method,"org.junit.runners.parameterized.BlockJUnit4ClassRunnerWithParameters#BlockJUnit4ClassRunnerWithParameters(TestWithParameters)",ok,compiles,14,6.1,213d4e8bf814,ok,compiles,14,5.8,213d4e8bf814
junit4-0071,junit4,org/junit/runners/parameterized/BlockJUnit4ClassRunnerWithParameters.java,method,"org.junit.runners.parameterized.BlockJUnit4ClassRunnerWithParameters#validateConstructor(List<Throwable>)",ok,compiles,11,6.4,e3925a2bfe8d,ok,compiles,11,6.0,e3925a2bfe8d
junit4-0072,junit4,org/junit/internal/ComparisonCriteria.java,method,"org.junit.internal.ComparisonCriteria#arrayEquals(String,Object,Object)",ok,compiles,2,4.9,832d9bb18163,ok,compiles,2,5.0,832d9bb18163
junit4-0073,junit4,org/junit/runner/Request.java,method,"org.junit.runner.Request#classWithoutSuiteMethod(Class<?>)",ok,compiles,3,5.4,4fd91398eee0,ok,compiles,3,5.2,4fd91398eee0
junit4-0074,junit4,org/junit/Assert.java,method,"org.junit.Assert#equalsRegardingNull(Object,Object)",ok,compiles,1,4.8,88e6905619ce,ok,compiles,1,5.3,88e6905619ce
junit4-0075,junit4,org/junit/validator/AnnotationValidator.java,field,"org.junit.validator.AnnotationValidator#NO_VALIDATION_ERRORS",ok,compiles,1,4.4,f41896866fab,ok,compiles,1,4.9,f41896866fab
junit4-0076,junit4,org/junit/rules/Timeout.java,method,"org.junit.rules.Timeout#millis(long)",ok,compiles,2,4.9,798ad8206a1b,ok,compiles,2,5.5,798ad8206a1b
junit4-0077,junit4,org/junit/validator/AnnotationsValidator.java,method,"org.junit.validator.AnnotationsValidator.ClassValidator#getAnnotatablesForTestClass(TestClass)",ok,compiles,4,5.2,cd92fd850926,ok,compiles,4,4.9,cd92fd850926
junit4-0078,junit4,org/junit/experimental/max/MaxHistory.java,method,"org.junit.experimental.max.MaxHistory#listener()",ok,compiles,2,5.3,6fcb3faccf1a,ok,compiles,2,4.7,6fcb3faccf1a
junit4-0079,junit4,junit/framework/Test.java,method,"junit.framework.Test#run(TestResult)",ok,compiles,2,5.6,d23d416edaf5,ok,compiles,2,5.1,d23d416edaf5
junit4-0080,junit4,org/junit/runners/model/InitializationError.java,method,"org.junit.runners.model.InitializationError#InitializationError(List<Throwable>)",ok,compiles,1,5.6,876e40994e3d,ok,compiles,1,5.1,876e40994e3d
junit4-0081,junit4,junit/framework/TestCase.java,method,"junit.framework.TestCase#assertSame(String,Object,Object)",ok,compiles,3,5.1,fadab70f5a99,ok,compiles,3,4.6,fadab70f5a99
junit4-0082,junit4,org/junit/runners/model/TestTimedOutException.java,method,"org.junit.runners.model.TestTimedOutException#getTimeout()",ok,compiles,1,4.9,aa15779de6a2,ok,compiles,1,5.5,aa15779de6a2
junit4-0083,junit4,org/junit/internal/runners/TestClass.java,method,"org.junit.internal.runners.TestClass#getJavaClass()",ok,compiles,1,4.5,1d6531d98574,ok,compiles,1,5.1,1d6531d98574
junit4-0084,junit4,org/junit/experimental/categories/Categories.java,method,"org.junit.experimental.categories.Categories.CategoryFilter#shouldRun(Description)",ok,compiles,10,6.4,611bf5fef484,ok,compiles,10,6.6,611bf5fef484
junit4-0085,junit4,org/junit/internal/builders/AnnotatedBuilder.java,field,"org.junit.internal.builders.AnnotatedBuilder#CONSTRUCTOR_ERROR_FORMAT",ok,compiles,2,5.9,08cbe1d8f327,ok,compiles,2,6.2,08cbe1d8f327
junit4-0086,junit4,org/junit/runner/Description.java,method,"org.junit.runner.Description#createSuiteDescription(String,Annotation...)",ok,compiles,1,5.4,0672656b5979,ok,compiles,1,5.3,0672656b5979
junit4-0087,junit4,org/junit/internal/runners/ErrorReportingRunner.java,method,"org.junit.internal.runners.ErrorReportingRunner#run(RunNotifier)",ok,compiles,4,5.5,c841cda36dea,ok,compiles,4,5.5,c841cda36dea
junit4-0088,junit4,org/junit/internal/builders/AllDefaultPossibilitiesBuilder.java,method,"org.junit.internal.builders.AllDefaultPossibilitiesBuilder#AllDefaultPossibilitiesBuilder()",ok,compiles,2,5.7,6fef8173ce84,ok,compiles,2,5.2,6fef8173ce84
junit4-0089,junit4,org/junit/runners/model/MultipleFailureException.java,method,"org.junit.runners.model.MultipleFailureException#getFailures()",ok,compiles,1,5.0,fcf98011ad2d,ok,compiles,1,5.5,fcf98011ad2d
junit4-0090,junit4,org/junit/internal/Throwables.java,field,"org.junit.internal.Throwables#TEST_FRAMEWORK_METHOD_NAME_PREFIXES",ok,compiles,1,5.2,d471e0c8d373,ok,compiles,1,5.5,d471e0c8d373
junit4-0091,junit4,org/junit/internal/runners/statements/RunAfters.java,method,"org.junit.internal.runners.statements.RunAfters#invokeMethod(FrameworkMethod)",ok,compiles,5,5.9,953f1fd614aa,ok,compiles,5,5.9,953f1fd614aa
junit4-0092,junit4,junit/framework/Assert.java,method,"junit.framework.Assert#assertEquals(boolean,boolean)",ok,compiles,1,4.9,2f095d92fcad,ok,compiles,1,4.9,2f095d92fcad
junit4-0093,junit4,org/junit/Assert.java,method,"org.junit.Assert#formatClass(Class<?>)",ok,compiles,1,5.1,996d97afa435,ok,compiles,1,4.7,996d97afa435
junit4-0094,junit4,org/junit/runner/manipulation/Filter.java,field,"org.junit.runner.manipulation.Filter#ALL",ok,compiles,3,6.0,395f360977a9,ok,compiles,3,5.3,395f360977a9
junit4-0095,junit4,org/junit/rules/Timeout.java,field,"org.junit.rules.Timeout#timeout",ok,compiles,2,4.2,0c0e472c04ff,ok,compiles,2,4.9,0c0e472c04ff
junit4-0096,junit4,org/junit/internal/matchers/ThrowableCauseMatcher.java,method,"org.junit.internal.matchers.ThrowableCauseMatcher#ThrowableCauseMatcher(Matcher<?>)",ok,fails,4,5.7,c217d1a414eb,ok,fails,4,5.4,c217d1a414eb
junit4-0097,junit4,org/junit/rules/Timeout.java,method,"org.junit.rules.Timeout.Builder#getLookingForStuckThread()",ok,compiles,2,5.4,05cca3566d63,ok,compiles,2,5.2,05cca3566d63
junit4-0098,junit4,org/junit/rules/TestWatchman.java,method,"org.junit.rules.TestWatchman#starting(FrameworkMethod)",ok,compiles,5,5.9,88e9672301a3,ok,compiles,5,6.1,88e9672301a3
junit4-0099,junit4,org/junit/experimental/max/MaxCore.java,method,"org.junit.experimental.max.MaxCore#constructLeafRequest(List<Description>)",ok,compiles,12,6.4,3312033b859c,ok,compiles,12,6.7,3312033b859c
junit4-0100,junit4,junit/framework/TestSuite.java,method,"junit.framework.TestSuite#TestSuite(Class<?>)",ok,compiles,2,5.0,712c25f59798,ok,compiles,2,5.2,712c25f59798
retrofit-0001,retrofit,retrofit2/Converter.java,method,"retrofit2.Converter.Factory#getRawType(Type)",ok,compiles,2,6.2,9d5ff102d969,ok,compiles,2,5.4,9d5ff102d969
retrofit-0002,retrofit,retrofit2/Utils.java,method,"retrofit2.Utils#isAnnotationPresent(Annotation[],Class<?extendsAnnotation>)",ok,compiles,1,5.6,3b8cbcf32969,ok,compiles,1,6.4,3b8cbcf32969
retrofit-0003,retrofit,retrofit2/HttpException.java,method,"retrofit2.HttpException#response()",ok,compiles,3,6.3,d32b7d0ad808,ok,compiles,3,5.5,d32b7d0ad808
retrofit-0004,retrofit,retrofit2/BuiltInConverters.java,method,"retrofit2.BuiltInConverters.RequestBodyConverter#convert(RequestBody)",ok,fails,3,5.3,612b89faa87a,ok,fails,3,5.3,612b89faa87a
retrofit-0005,retrofit,retrofit2/Retrofit.java,method,"retrofit2.Retrofit.Builder#baseUrl(URL)",ok,fails,2,5.6,d1a4ea7f7609,ok,fails,2,6.2,d1a4ea7f7609
retrofit-0006,retrofit,retrofit2/RequestBuilder.java,method,"retrofit2.RequestBuilder#get()",ok,compiles,9,9.5,70023bc74207,ok,compiles,9,8.3,70023bc74207
retrofit-0007,retrofit,retrofit2/Utils.java,field,"retrofit2.Utils.GenericArrayTypeImpl#componentType",ok,compiles,1,5.0,e2a0fd9ae0e6,ok,compiles,1,5.3,e2a0fd9ae0e6
retrofit-0008,retrofit,retrofit2/HttpServiceMethod.java,field,"retrofit2.HttpServiceMethod.SuspendForResponse#callAdapter",ok,compiles,4,5.4,0a3c03631b7d,ok,compiles,4,4.8,0a3c03631b7d
retrofit-0009,retrofit,retrofit2/RequestFactory.java,method,"retrofit2.RequestFactory.Builder#parseHeaders(String[],boolean)",ok,fails,5,7.4,3e4498c8a3ae,ok,compiles,5,5.9,cbf37cca6dc3
retrofit-0010,retrofit,retrofit2/Invocation.java,method,"retrofit2.Invocation#toString()",ok,compiles,1,5.0,74affefa46af,ok,compiles,1,4.2,74affefa46af
retrofit-0011,retrofit,retrofit2/ParameterHandler.java,field,"retrofit2.ParameterHandler.Query#name",ok,compiles,1,4.8,08c16ba05d89,ok,compiles,1,4.2,08c16ba05d89
retrofit-0012,retrofit,retrofit2/RequestBuilder.java,method,"retrofit2.RequestBuilder.ContentTypeOverridingRequestBody#contentLength()",ok,fails,2,4.8,5dafbe7a93b2,ok,fails,2,4.4,5dafbe7a93b2
retrofit-0013,retrofit,retrofit2/CompletableFutureCallAdapterFactory.java,method,"retrofit2.CompletableFutureCallAdapterFactory.BodyCallAdapter#responseType()",ok,compiles,4,4.5,46d88a1d0ecd,ok,compiles,4,4.3,46d88a1d0ecd
retrofit-0014,retrofit,retrofit2/BuiltInFactories.java,method,"retrofit2.BuiltInFactories#createDefaultConverterFactories()",ok,compiles,2,3.5,ef0c71511410,ok,compiles,2,3.5,ef0c71511410
retrofit-0015,retrofit,retrofit2/OptionalConverterFactory.java,method,"retrofit2.OptionalConverterFactory#create()",ok,compiles,4,4.2,c2fe1f1a7158,ok,compiles,4,4.2,c2fe1f1a7158
retrofit-0016,retrofit,retrofit2/Invocation.java,field,"retrofit2.Invocation#arguments",ok,compiles,1,3.1,594ab228f851,ok,compiles,1,3.6,594ab228f851
retrofit-0017,retrofit,retrofit2/RequestBuilder.java,method,"retrofit2.RequestBuilder#setBody(RequestBody)",ok,compiles,3,4.2,723a7c7914b6,ok,compiles,3,4.4,723a7c7914b6
retrofit-0018,retrofit,retrofit2/HttpServiceMethod.java,method,"retrofit2.HttpServiceMethod.SuspendForBody#adapt(Call<ResponseT>,Object[])",crash,na,0,5.1,da39a3ee5e6b,crash,na,0,5.5,da39a3ee5e6b
retrofit-0019,retrofit,retrofit2/OkHttpCall.java,field,"retrofit2.OkHttpCall.ExceptionCatchingResponseBody#delegateSource",ok,compiles,4,4.2,85b61208855c,ok,compiles,4,5.0,85b61208855c
retrofit-0020,retrofit,retrofit2/CompletableFutureCallAdapterFactory.java,method,"retrofit2.CompletableFutureCallAdapterFactory.ResponseCallAdapter.ResponseCallback#ResponseCallback(CompletableFuture<Response<R>>)",ok,compiles,6,4.5,f98f496bd7fc,ok,compiles,6,4.3,f98f496bd7fc
retrofit-0021,retrofit,retrofit2/DefaultCallAdapterFactory.java,method,"retrofit2.DefaultCallAdapterFactory#get(Type,Annotation[],Retrofit)",ok,compiles,7,5.4,eec8ee51a698,ok,compiles,7,5.2,eec8ee51a698
retrofit-0022,retrofit,retrofit2/Response.java,method,"retrofit2.Response#success(T,Headers)",crash,na,0,11.3,da39a3ee5e6b,crash,na,0,10.5,da39a3ee5e6b
retrofit-0023,retrofit,retrofit2/ParameterHandler.java,method,"retrofit2.ParameterHandler.FieldMap#FieldMap(Method,int,Converter<T,String>,boolean)",ok,compiles,2,5.1,7dc3b24e5cae,ok,compiles,2,4.2,7dc3b24e5cae
retrofit-0024,retrofit,retrofit2/CompletableFutureCallAdapterFactory.java,method,"retrofit2.CompletableFutureCallAdapterFactory.BodyCallAdapter#BodyCallAdapter(Type)",ok,compiles,4,5.2,20ac025f19d9,ok,compiles,4,4.5,20ac025f19d9
retrofit-0025,retrofit,retrofit2/ParameterHandler.java,field,"retrofit2.ParameterHandler.PartMap#p",ok,compiles,1,4.7,a2e8abefc802,ok,compiles,1,4.6,a2e8abefc802
retrofit-0026,retrofit,retrofit2/ParameterHandler.java,method,"retrofit2.ParameterHandler.Body#apply(RequestBuilder,T)",ok,compiles,6,4.7,2024a50a7119,ok,compiles,6,5.3,2024a50a7119
retrofit-0027,retrofit,retrofit2/RequestFactory.java,method,"retrofit2.RequestFactory.Builder#validateResolvableType(int,Type)",ok,compiles,3,4.3,7e3b3a00fb23,ok,compiles,3,5.3,7e3b3a00fb23
retrofit-0028,retrofit,retrofit2/DefaultCallAdapterFactory.java,method,"retrofit2.DefaultCallAdapterFactory.ExecutorCallbackCall#timeout()",ok,compiles,4,5.0,4617ec585652,ok,compiles,4,4.8,4617ec585652
retrofit-0029,retrofit,retrofit2/OptionalConverterFactory.java,method,"retrofit2.OptionalConverterFactory.OptionalConverter#convert(ResponseBody)",ok,fails,6,5.2,230141675648,ok,fails,6,4.9,230141675648
retrofit-0030,retrofit,retrofit2/Invocation.java,method,"retrofit2.Invocation#annotationUrl()",ok,compiles,2,4.7,5e561af5b500,ok,compiles,2,4.5,5e561af5b500
retrofit-0031,retrofit,retrofit2/RequestFactory.java,field,"retrofit2.RequestFactory#hasBody",ok,compiles,1,3.9,b0bf2b823b4b,ok,compiles,1,3.6,b0bf2b823b4b
retrofit-0032,retrofit,retrofit2/OkHttpCall.java,method,"retrofit2.OkHttpCall#parseResponse(okhttp3.Response)",ok,compiles,12,6.5,8f1bae0f58af,ok,compiles,12,6.8,8f1bae0f58af
retrofit-0033,retrofit,retrofit2/OkHttpCall.java,method,"retrofit2.OkHttpCall#enqueue(Callback<T>)",ok,fails,12,6.1,c218395c0eb5,ok,compiles,12,6.0,7163bb860d53
retrofit-0034,retrofit,retrofit2/CompletableFutureCallAdapterFactory.java,method,"retrofit2.CompletableFutureCallAdapterFactory.CallCancelCompletableFuture#cancel(boolean)",ok,compiles,5,6.5,00075552cdb7,ok,compiles,5,6.6,00075552cdb7
retrofit-0035,retrofit,retrofit2/Retrofit.java,method,"retrofit2.Retrofit.Builder#validateEagerly(boolean)",ok,compiles,1,3.8,d04bd443672b,ok,compiles,1,3.5,d04bd443672b
retrofit-0036,retrofit,retrofit2/Retrofit.java,field,"retrofit2.Retrofit#callbackExecutor",ok,compiles,2,4.3,31c5551a7592,ok,compiles,2,4.6,31c5551a7592
retrofit-0037,retrofit,retrofit2/Reflection.java,method,"retrofit2.Reflection.Java8#isDefaultMethod(Method)",ok,compiles,2,3.9,e5899210abe5,ok,compiles,2,4.3,e5899210abe5
retrofit-0038,retrofit,retrofit2/ParameterHandler.java,method,"retrofit2.ParameterHandler.Tag#Tag(Class<T>)",ok,compiles,1,4.2,5411ccc9f9e5,ok,compiles,1,4.2,5411ccc9f9e5
retrofit-0039,retrofit,retrofit2/CompletableFutureCallAdapterFactory.java,field,"retrofit2.CompletableFutureCallAdapterFactory.CallCancelCompletableFuture#call",ok,compiles,5,5.4,3cd0b0e5ba35,ok,compiles,5,5.5,3cd0b0e5ba35
retrofit-0040,retrofit,retrofit2/CompletableFutureCallAdapterFactory.java,method,"retrofit2.CompletableFutureCallAdapterFactory.BodyCallAdapter.BodyCallback#onResponse(Call<R>,Response<R>)",ok,compiles,9,4.5,f47f17599f8f,ok,compiles,9,4.7,f47f17599f8f
retrofit-0041,retrofit,retrofit2/Utils.java,method,"retrofit2.Utils.ParameterizedTypeImpl#getOwnerType()",ok,compiles,2,4.4,2c7ef3d6b8cf,ok,compiles,2,4.5,2c7ef3d6b8cf
retrofit-0042,retrofit,retrofit2/Retrofit.java,method,"retrofit2.Retrofit.Builder#callFactory(okhttp3.Call.Factory)",ok,compiles,3,4.5,bd656b0e09a8,ok,compiles,3,4.5,bd656b0e09a8
retrofit-0043,retrofit,retrofit2/RequestFactory.java,field,"retrofit2.RequestFactory.Builder#gotQuery",ok,compiles,1,3.5,7039c91f36af,ok,compiles,1,3.6,7039c91f36af
retrofit-0044,retrofit,retrofit2/RequestBuilder.java,field,"retrofit2.RequestBuilder#contentType",ok,compiles,3,3.7,3c070778ffee,ok,compiles,3,4.3,3c070778ffee
retrofit-0045,retrofit,retrofit2/OptionalConverterFactory.java,method,"retrofit2.OptionalConverterFactory#responseBodyConverter(Type,Annotation[],Retrofit)",ok,compiles,7,4.9,8c573beb3bf8,ok,compiles,7,6.1,8c573beb3bf8
retrofit-0046,retrofit,retrofit2/Utils.java,field,"retrofit2.Utils.ParameterizedTypeImpl#ownerType",ok,compiles,2,4.4,68eda485545c,ok,compiles,2,5.1,68eda485545c
retrofit-0047,retrofit,retrofit2/BuiltInConverters.java,field,"retrofit2.BuiltInConverters.ToStringConverter#INSTANCE",ok,compiles,2,4.6,3c3bc2e53b9c,ok,compiles,2,5.3,3c3bc2e53b9c
retrofit-0048,retrofit,retrofit2/Response.java,field,"retrofit2.Response#body",ok,compiles,2,4.5,747d8b077088,ok,compiles,2,5.5,747d8b077088
retrofit-0049,retrofit,retrofit2/CompletableFutureCallAdapterFactory.java,method,"retrofit2.CompletableFutureCallAdapterFactory.ResponseCallAdapter.ResponseCallback#onFailure(Call<R>,Throwable)",ok,compiles,7,4.6,66a0956667c0,ok,compiles,7,4.8,66a0956667c0
retrofit-0050,retrofit,retrofit2/HttpServiceMethod.java,field,"retrofit2.HttpServiceMethod#callFactory",ok,compiles,3,4.3,5514ec75e7c0,ok,compiles,3,3.9,5514ec75e7c0
retrofit-0051,retrofit,retrofit2/RequestFactory.java,field,"retrofit2.RequestFactory.Builder#isKotlinSuspendFunction",ok,compiles,1,3.2,14727c32ce10,ok,compiles,1,2.7,14727c32ce10
retrofit-0052,retrofit,retrofit2/OkHttpCall.java,method,"retrofit2.OkHttpCall#createRawCall()",ok,compiles,6,5.1,160c8bc49e81,ok,compiles,6,4.9,160c8bc49e81
retrofit-0053,retrofit,retrofit2/Invocation.java,method,"retrofit2.Invocation#Invocation(Class<?>,Object,Method,List<?>,String)",ok,compiles,2,4.5,7a6e3b1750c4,ok,compiles,2,3.8,7a6e3b1750c4
retrofit-0054,retrofit,retrofit2/OptionalConverterFactory.java,method,"retrofit2.OptionalConverterFactory#OptionalConverterFactory()",ok,compiles,4,4.1,0628b470cbd3,ok,compiles,4,3.9,0628b470cbd3
retrofit-0055,retrofit,retrofit2/AndroidMainExecutor.java,field,"retrofit2.AndroidMainExecutor#handler",ok,compiles,4,3.9,850de57224c7,ok,compiles,4,4.0,850de57224c7
retrofit-0056,retrofit,retrofit2/Response.java,field,"retrofit2.Response#rawResponse",ok,compiles,2,3.9,a023e78c4ec2,ok,compiles,2,3.9,a023e78c4ec2
retrofit-0057,retrofit,retrofit2/Response.java,method,"retrofit2.Response#body()",ok,compiles,2,3.4,5ad96ab35fd2,ok,compiles,2,3.5,5ad96ab35fd2
retrofit-0058,retrofit,retrofit2/CompletableFutureCallAdapterFactory.java,field,"retrofit2.CompletableFutureCallAdapterFactory.ResponseCallAdapter#responseType",ok,compiles,5,3.8,ad2577f598c5,ok,compiles,5,4.0,ad2577f598c5
retrofit-0059,retrofit,retrofit2/OkHttpCall.java,method,"retrofit2.OkHttpCall#request()",ok,compiles,5,4.9,73309a6fb241,ok,compiles,5,4.6,73309a6fb241
retrofit-0060,retrofit,retrofit2/Invocation.java,method,"retrofit2.Invocation#of(Class<T>,T,Method,List<?>,String)",ok,compiles,2,4.5,a3dd241d7ae5,ok,compiles,2,4.3,a3dd241d7ae5
retrofit-0061,retrofit,retrofit2/Utils.java,method,"retrofit2.Utils#checkNotPrimitive(Type)",ok,compiles,1,4.3,c78ade7ff1b8,ok,compiles,1,4.2,c78ade7ff1b8
retrofit-0062,retrofit,retrofit2/Response.java,method,"retrofit2.Response#success(T)",crash,na,0,7.2,da39a3ee5e6b,crash,na,0,6.9,da39a3ee5e6b
retrofit-0063,retrofit,retrofit2/BuiltInConverters.java,method,"retrofit2.BuiltInConverters.UnitResponseBodyConverter#convert(ResponseBody)",ok,fails,5,4.3,8272bcefd938,ok,fails,5,4.9,8272bcefd938
retrofit-0064,retrofit,retrofit2/RequestFactory.java,method,"retrofit2.RequestFactory.Builder#boxIfPrimitive(Class<?>)",ok,compiles,1,4.3,f0ab21597759,ok,compiles,1,4.0,f0ab21597759
retrofit-0065,retrofit,retrofit2/ParameterHandler.java,field,"retrofit2.ParameterHandler.RawPart#INSTANCE",ok,compiles,2,4.7,d3d199160a98,ok,compiles,2,4.3,d3d199160a98
retrofit-0066,retrofit,retrofit2/ParameterHandler.java,field,"retrofit2.ParameterHandler.QueryMap#valueConverter",ok,compiles,2,4.5,c4a56cdcee14,ok,compiles,2,4.1,c4a56cdcee14
retrofit-0067,retrofit,retrofit2/ParameterHandler.java,method,"retrofit2.ParameterHandler.Headers#Headers(Method,int)",ok,compiles,2,4.7,badfb7ccb620,ok,compiles,2,4.3,badfb7ccb620
retrofit-0068,retrofit,retrofit2/ParameterHandler.java,field,"retrofit2.ParameterHandler.Part#converter",ok,fails,2,3.8,c03a3bda1ebb,ok,fails,2,3.9,c03a3bda1ebb
retrofit-0069,retrofit,retrofit2/RequestFactory.java,field,"retrofit2.RequestFactory.Builder#parameterTypes",ok,compiles,1,3.6,42e7a31cf3ea,ok,compiles,1,4.9,42e7a31cf3ea
retrofit-0070,retrofit,retrofit2/Utils.java,method,"retrofit2.Utils#parameterError(Method,int,String,Object...)",ok,compiles,3,4.6,83faa2e8b7a2,ok,compiles,3,4.6,83faa2e8b7a2
retrofit-0071,retrofit,retrofit2/BuiltInFactories.java,method,"retrofit2.BuiltInFactories.Java8#createDefaultCallAdapterFactories(Executor)",ok,compiles,7,6.2,9d5a18e76e4c,ok,compiles,7,4.8,9d5a18e76e4c
retrofit-0072,retrofit,retrofit2/Response.java,method,"retrofit2.Response#Response(okhttp3.Response,T,ResponseBody)",ok,compiles,4,5.9,6546d1eed795,ok,compiles,4,4.8,6546d1eed795
retrofit-0073,retrofit,retrofit2/RequestBuilder.java,field,"retrofit2.RequestBuilder.ContentTypeOverridingRequestBody#delegate",ok,compiles,2,6.1,16a8bf560c10,ok,compiles,2,4.7,16a8bf560c10
retrofit-0074,retrofit,retrofit2/Utils.java,method,"retrofit2.Utils.ParameterizedTypeImpl#getRawType()",ok,compiles,2,4.7,df6578e2d8d0,ok,compiles,2,4.2,df6578e2d8d0
retrofit-0075,retrofit,retrofit2/ParameterHandler.java,field,"retrofit2.ParameterHandler.Path#valueConverter",ok,compiles,2,4.7,e4c0433f807d,ok,compiles,2,4.6,e4c0433f807d
retrofit-0076,retrofit,retrofit2/ParameterHandler.java,field,"retrofit2.ParameterHandler.HeaderMap#allowUnsafeNonAsciiValues",ok,compiles,1,4.2,5fe16e2c1b46,ok,compiles,1,3.9,5fe16e2c1b46
retrofit-0077,retrofit,retrofit2/Retrofit.java,method,"retrofit2.Retrofit#stringConverter(Type,Annotation[])",ok,compiles,4,4.9,78d31453e827,ok,compiles,4,5.1,78d31453e827
retrofit-0078,retrofit,retrofit2/RequestFactory.java,field,"retrofit2.RequestFactory.Builder#PARAM",ok,compiles,1,4.5,5bc7e5fcd945,ok,compiles,1,4.8,5bc7e5fcd945
retrofit-0079,retrofit,retrofit2/BuiltInConverters.java,method,"retrofit2.BuiltInConverters.VoidResponseBodyConverter#convert(ResponseBody)",ok,fails,4,4.4,3269974ddf56,ok,fails,4,5.0,3269974ddf56
retrofit-0080,retrofit,retrofit2/HttpServiceMethod.java,field,"retrofit2.HttpServiceMethod.SuspendForBody#isNullable",ok,compiles,2,3.7,0fc7a1befe83,ok,compiles,2,4.8,0fc7a1befe83
retrofit-0081,retrofit,retrofit2/RequestFactory.java,method,"retrofit2.RequestFactory.Builder#parseHttpMethodAndPath(String,String,boolean)",ok,compiles,3,5.1,4a6d18f9fe18,ok,compiles,3,5.2,4a6d18f9fe18
retrofit-0082,retrofit,retrofit2/RequestFactory.java,field,"retrofit2.RequestFactory.Builder#gotPart",ok,compiles,1,3.4,242d1417fc5a,ok,compiles,1,3.3,242d1417fc5a
retrofit-0083,retrofit,retrofit2/HttpServiceMethod.java,method,"retrofit2.HttpServiceMethod#parseAnnotations(Retrofit,Method,RequestFactory)",crash,na,0,4.7,da39a3ee5e6b,crash,na,0,4.2,da39a3ee5e6b
retrofit-0084,retrofit,retrofit2/ParameterHandler.java,field,"retrofit2.ParameterHandler.Path#name",ok,compiles,1,4.4,358592a5e0b7,ok,compiles,1,4.1,358592a5e0b7
retrofit-0085,retrofit,retrofit2/ParameterHandler.java,method,"retrofit2.ParameterHandler#array()",crash,na,0,3.9,da39a3ee5e6b,crash,na,0,3.7,da39a3ee5e6b
retrofit-0086,retrofit,retrofit2/ParameterHandler.java,field,"retrofit2.ParameterHandler.Part#method",ok,compiles,1,3.8,19afdbb0a07c,ok,compiles,1,4.2,19afdbb0a07c
retrofit-0087,retrofit,retrofit2/RequestFactory.java,field,"retrofit2.RequestFactory.Builder#gotUrl",ok,compiles,1,3.2,71c5d8bd7660,ok,compiles,1,2.8,71c5d8bd7660
retrofit-0088,retrofit,retrofit2/RequestBuilder.java,method,"retrofit2.RequestBuilder#addQueryParam(String,String,boolean)",ok,compiles,3,4.5,f681c06c6409,ok,compiles,3,4.8,f681c06c6409
retrofit-0089,retrofit,retrofit2/Retrofit.java,method,"retrofit2.Retrofit.Builder#addCallAdapterFactory(CallAdapter.Factory)",ok,compiles,2,4.0,ff2119e247e7,ok,compiles,2,3.7,ff2119e247e7
retrofit-0090,retrofit,retrofit2/ParameterHandler.java,field,"retrofit2.ParameterHandler.FieldMap#valueConverter",ok,compiles,2,3.7,bad5acff38e4,ok,compiles,2,3.7,bad5acff38e4
retrofit-0091,retrofit,retrofit2/Call.java,method,"retrofit2.Call#request()",ok,compiles,2,4.2,2e402bb3d795,ok,compiles,2,3.8,2e402bb3d795
retrofit-0092,retrofit,retrofit2/OkHttpCall.java,method,"retrofit2.OkHttpCall.ExceptionCatchingResponseBody#contentType()",ok,compiles,4,4.7,8856b14be3be,ok,compiles,4,4.1,8856b14be3be
retrofit-0093,retrofit,retrofit2/Invocation.java,method,"retrofit2.Invocation#of(Class<T>,T,Method,List<?>)",ok,compiles,2,3.5,c329078320d2,ok,compiles,2,3.5,c329078320d2
retrofit-0094,retrofit,retrofit2/Retrofit.java,field,"retrofit2.Retrofit#validateEagerly",ok,compiles,1,3.1,0dfd69c63fd9,ok,compiles,1,3.0,0dfd69c63fd9
retrofit-0095,retrofit,retrofit2/ParameterHandler.java,method,"retrofit2.ParameterHandler.QueryMap#apply(RequestBuilder,Map<String,T>)",ok,compiles,5,4.3,8764602266cf,ok,compiles,5,4.9,8764602266cf
retrofit-0096,retrofit,retrofit2/OkHttpCall.java,method,"retrofit2.OkHttpCall#clone()",ok,fails,5,3.8,b482a45dbc31,ok,fails,5,4.2,b482a45dbc31
retrofit-0097,retrofit,retrofit2/OkHttpCall.java,method,"retrofit2.OkHttpCall.NoContentResponseBody#contentLength()",ok,compiles,3,3.7,8466fa2900ab,ok,compiles,3,3.5,8466fa2900ab
retrofit-0098,retrofit,retrofit2/DefaultCallAdapterFactory.java,field,"retrofit2.DefaultCallAdapterFactory.ExecutorCallbackCall#callbackExecutor",ok,compiles,3,3.5,1ac287c30be6,ok,compiles,3,2.8,1ac287c30be6
retrofit-0099,retrofit,retrofit2/HttpServiceMethod.java,method,"retrofit2.HttpServiceMethod#invoke(Object,Object[])",ok,fails,8,4.4,875ead1a7cdd,ok,fails,8,4.0,875ead1a7cdd
retrofit-0100,retrofit,retrofit2/ParameterHandler.java,method,"retrofit2.ParameterHandler.Part#Part(Method,int,okhttp3.Headers,Converter<T,RequestBody>)",ok,fails,3,4.3,cf7e8664a937,ok,fails,3,3.8,cf7e8664a937
