id,repo,target_file,kind,signature,base_status,base_compiles,base_files,base_secs,new_status,new_compiles,new_files,new_secs
checkstyle-0001,checkstyle,com/puppycrawl/tools/checkstyle/checks/javadoc/JavadocVariableCheck.java,method,"com.puppycrawl.tools.checkstyle.checks.javadoc.JavadocVariableCheck#getAcceptableTokens()",crash,na,0,6.9,crash,na,0,10.2
checkstyle-0002,checkstyle,com/puppycrawl/tools/checkstyle/checks/DescendantTokenCheck.java,method,"com.puppycrawl.tools.checkstyle.checks.DescendantTokenCheck#setMaximumNumber(int)",ok,compiles,7,11.0,ok,compiles,7,14.1
checkstyle-0003,checkstyle,com/puppycrawl/tools/checkstyle/JavaAstVisitor.java,method,"com.puppycrawl.tools.checkstyle.JavaAstVisitor#processChildren(DetailAstImpl,List<?extendsParseTree>)",crash,na,0,11.4,crash,na,0,13.7
checkstyle-0004,checkstyle,com/puppycrawl/tools/checkstyle/checks/indentation/CaseHandler.java,method,"com.puppycrawl.tools.checkstyle.checks.indentation.CaseHandler#getSuggestedChildIndent(AbstractExpressionHandler)",ok,compiles,3,13.9,ok,compiles,3,13.3
checkstyle-0005,checkstyle,com/puppycrawl/tools/checkstyle/checks/TranslationCheck.java,field,"com.puppycrawl.tools.checkstyle.checks.TranslationCheck#requiredTranslations",ok,compiles,8,13.7,ok,compiles,8,13.4
checkstyle-0006,checkstyle,com/puppycrawl/tools/checkstyle/Checker.java,method,"com.puppycrawl.tools.checkstyle.Checker#processFile(File)",crash,na,0,10.3,crash,na,0,9.7
checkstyle-0007,checkstyle,com/puppycrawl/tools/checkstyle/gui/TreeTableCellRenderer.java,field,"com.puppycrawl.tools.checkstyle.gui.TreeTableCellRenderer#treeTable",ok,compiles,2,13.6,ok,compiles,2,13.2
checkstyle-0008,checkstyle,com/puppycrawl/tools/checkstyle/checks/indentation/MethodCallHandler.java,method,"com.puppycrawl.tools.checkstyle.checks.indentation.MethodCallHandler#checkRparenIndent(DetailAST,DetailAST)",ok,compiles,4,13.9,ok,compiles,4,12.7
checkstyle-0009,checkstyle,com/puppycrawl/tools/checkstyle/ConfigurationLoader.java,field,"com.puppycrawl.tools.checkstyle.ConfigurationLoader.InternalLoader#KEY",ok,compiles,2,12.9,ok,compiles,2,12.4
checkstyle-0010,checkstyle,com/puppycrawl/tools/checkstyle/checks/AvoidEscapedUnicodeCharactersCheck.java,field,"com.puppycrawl.tools.checkstyle.checks.AvoidEscapedUnicodeCharactersCheck#allowIfAllCharactersEscaped",ok,compiles,7,12.6,ok,compiles,7,12.4
checkstyle-0011,checkstyle,com/puppycrawl/tools/checkstyle/checks/annotation/MissingOverrideCheck.java,field,"com.puppycrawl.tools.checkstyle.checks.annotation.MissingOverrideCheck#MSG_KEY_ANNOTATION_MISSING_OVERRIDE",ok,compiles,7,11.6,ok,compiles,7,11.8
checkstyle-0012,checkstyle,com/puppycrawl/tools/checkstyle/checks/blocks/NeedBracesCheck.java,method,"com.puppycrawl.tools.checkstyle.checks.blocks.NeedBracesCheck#NeedBracesCheck()",ok,compiles,7,11.6,ok,compiles,7,12.8
checkstyle-0013,checkstyle,com/puppycrawl/tools/checkstyle/gui/TreeTableModelAdapter.java,method,"com.puppycrawl.tools.checkstyle.gui.TreeTableModelAdapter.UpdatingTreeExpansionListener#UpdatingTreeExpansionListener()",ok,compiles,1,11.7,ok,compiles,1,12.3
checkstyle-0014,checkstyle,com/puppycrawl/tools/checkstyle/checks/indentation/DetailAstSet.java,method,"com.puppycrawl.tools.checkstyle.checks.indentation.DetailAstSet#lastLine()",ok,compiles,2,12.9,ok,compiles,2,12.9
checkstyle-0015,checkstyle,com/puppycrawl/tools/checkstyle/checks/OuterTypeFilenameCheck.java,field,"com.puppycrawl.tools.checkstyle.checks.OuterTypeFilenameCheck#wrongType",ok,compiles,8,13.8,ok,compiles,8,13.4
checkstyle-0016,checkstyle,com/puppycrawl/tools/checkstyle/checks/whitespace/TypecastParenPadCheck.java,method,"com.puppycrawl.tools.checkstyle.checks.whitespace.TypecastParenPadCheck#TypecastParenPadCheck()",ok,compiles,8,12.7,ok,compiles,8,13.8
checkstyle-0017,checkstyle,com/puppycrawl/tools/checkstyle/checks/blocks/EmptyCatchBlockCheck.java,field,"com.puppycrawl.tools.checkstyle.checks.blocks.EmptyCatchBlockCheck#LINE_END_PATTERN",ok,compiles,7,11.5,ok,compiles,7,11.9
checkstyle-0018,checkstyle,com/puppycrawl/tools/checkstyle/checks/coding/SimplifyBooleanReturnCheck.java,method,"com.puppycrawl.tools.checkstyle.checks.coding.SimplifyBooleanReturnCheck#getAcceptableTokens()",crash,na,0,11.1,crash,na,0,11.7
checkstyle-0019,checkstyle,com/puppycrawl/tools/checkstyle/checks/javadoc/JavadocVariableCheck.java,field,"com.puppycrawl.tools.checkstyle.checks.javadoc.JavadocVariableCheck#accessModifiers",ok,compiles,8,13.7,ok,compiles,8,12.7
checkstyle-0020,checkstyle,com/puppycrawl/tools/checkstyle/checks/design/FinalClassCheck.java,method,"com.puppycrawl.tools.checkstyle.checks.design.FinalClassCheck.ClassDesc#registerNestedSubclass()",ok,compiles,7,12.4,ok,compiles,7,12.0
checkstyle-0021,checkstyle,com/puppycrawl/tools/checkstyle/checks/indentation/IndentLevel.java,method,"com.puppycrawl.tools.checkstyle.checks.indentation.IndentLevel#IndentLevel(int)",ok,compiles,1,10.8,ok,compiles,1,9.7
checkstyle-0022,checkstyle,com/puppycrawl/tools/checkstyle/JavaAstVisitor.java,field,"com.puppycrawl.tools.checkstyle.JavaAstVisitor.DetailAstPair#root",ok,compiles,4,12.8,ok,compiles,4,12.3
checkstyle-0023,checkstyle,com/puppycrawl/tools/checkstyle/api/BeforeExecutionFileFilterSet.java,method,"com.puppycrawl.tools.checkstyle.api.BeforeExecutionFileFilterSet#BeforeExecutionFileFilterSet()",ok,compiles,2,12.7,ok,compiles,2,12.7
checkstyle-0024,checkstyle,com/puppycrawl/tools/checkstyle/XMLLogger.java,method,"com.puppycrawl.tools.checkstyle.XMLLogger.FileMessages#FileMessages()",ok,compiles,5,11.2,ok,compiles,5,11.7
checkstyle-0025,checkstyle,com/puppycrawl/tools/checkstyle/PackageObjectFactory.java,method,"com.puppycrawl.tools.checkstyle.PackageObjectFactory#fillChecksFromModifierPackage()",ok,compiles,2,12.4,ok,compiles,2,12.6
checkstyle-0026,checkstyle,com/puppycrawl/tools/checkstyle/JavaAstVisitor.java,method,"com.puppycrawl.tools.checkstyle.JavaAstVisitor#visitTypeArgs(JavaLanguageParser.TypeArgsContext)",ok,compiles,6,12.1,ok,compiles,6,12.5
checkstyle-0027,checkstyle,com/puppycrawl/tools/checkstyle/checks/sizes/LambdaBodyLengthCheck.java,field,"com.puppycrawl.tools.checkstyle.checks.sizes.LambdaBodyLengthCheck#MSG_KEY",ok,compiles,7,12.3,ok,compiles,7,13.0
checkstyle-0028,checkstyle,com/puppycrawl/tools/checkstyle/checks/coding/UnnecessarySemicolonInEnumerationCheck.java,method,"com.puppycrawl.tools.checkstyle.checks.coding.UnnecessarySemicolonInEnumerationCheck#UnnecessarySemicolonInEnumerationCheck()",ok,compiles,7,13.1,ok,compiles,7,13.6
checkstyle-0029,checkstyle,com/puppycrawl/tools/checkstyle/checks/javadoc/JavadocLeadingAsteriskAlignCheck.java,method,"com.puppycrawl.tools.checkstyle.checks.javadoc.JavadocLeadingAsteriskAlignCheck#getColumnNumberTabsExpanded(DetailNode)",ok,compiles,10,15.0,ok,compiles,10,14.3
checkstyle-0030,checkstyle,com/puppycrawl/tools/checkstyle/checks/coding/ExplicitInitializationCheck.java,method,"com.puppycrawl.tools.checkstyle.checks.coding.ExplicitInitializationCheck#getRequiredTokens()",crash,na,0,11.4,crash,na,0,12.7
checkstyle-0031,checkstyle,com/puppycrawl/tools/checkstyle/xpath/iterators/PrecedingIterator.java,method,"com.puppycrawl.tools.checkstyle.xpath.iterators.PrecedingIterator#PrecedingIterator(NodeInfo)",ok,compiles,6,13.8,ok,compiles,6,12.6
checkstyle-0032,checkstyle,com/puppycrawl/tools/checkstyle/api/FilterSet.java,method,"com.puppycrawl.tools.checkstyle.api.FilterSet#clear()",ok,compiles,2,10.4,ok,compiles,2,9.9
checkstyle-0033,checkstyle,com/puppycrawl/tools/checkstyle/checks/metrics/ClassFanOutComplexityCheck.java,method,"com.puppycrawl.tools.checkstyle.checks.metrics.ClassFanOutComplexityCheck#ClassFanOutComplexityCheck()",ok,compiles,8,12.0,ok,compiles,8,12.1
checkstyle-0034,checkstyle,com/puppycrawl/tools/checkstyle/checks/naming/AbstractClassNameCheck.java,field,"com.puppycrawl.tools.checkstyle.checks.naming.AbstractClassNameCheck#ignoreModifier",ok,compiles,7,12.3,ok,compiles,7,11.9
checkstyle-0035,checkstyle,com/puppycrawl/tools/checkstyle/checks/naming/RecordTypeParameterNameCheck.java,method,"com.puppycrawl.tools.checkstyle.checks.naming.RecordTypeParameterNameCheck#RecordTypeParameterNameCheck()",ok,compiles,8,12.9,ok,compiles,8,12.8
checkstyle-0036,checkstyle,com/puppycrawl/tools/checkstyle/checks/UniquePropertiesCheck.java,method,"com.puppycrawl.tools.checkstyle.checks.UniquePropertiesCheck.UniqueProperties#put(Object,Object)",ok,compiles,8,13.3,ok,compiles,8,13.4
checkstyle-0037,checkstyle,com/puppycrawl/tools/checkstyle/checks/coding/NoCloneCheck.java,method,"com.puppycrawl.tools.checkstyle.checks.coding.NoCloneCheck#getDefaultTokens()",crash,na,0,11.3,crash,na,0,12.3
checkstyle-0038,checkstyle,com/puppycrawl/tools/checkstyle/checks/javadoc/JavadocTagContinuationIndentationCheck.java,method,"com.puppycrawl.tools.checkstyle.checks.javadoc.JavadocTagContinuationIndentationCheck#isViolation(DetailNode)",ok,compiles,11,14.4,ok,compiles,11,15.0
checkstyle-0039,checkstyle,com/puppycrawl/tools/checkstyle/checks/design/FinalClassCheck.java,method,"com.puppycrawl.tools.checkstyle.checks.design.FinalClassCheck.ClassDesc#isDeclaredAsAbstract()",ok,compiles,7,13.3,ok,compiles,7,13.7
checkstyle-0040,checkstyle,com/puppycrawl/tools/checkstyle/api/JavadocCommentsTokenTypes.java,field,"com.puppycrawl.tools.checkstyle.api.JavadocCommentsTokenTypes#USES_BLOCK_TAG",ok,compiles,2,13.0,ok,compiles,2,13.6
checkstyle-0041,checkstyle,com/puppycrawl/tools/checkstyle/XpathFileGeneratorAuditListener.java,method,"com.puppycrawl.tools.checkstyle.XpathFileGeneratorAuditListener#fileStarted(AuditEvent)",crash,na,0,11.1,crash,na,0,12.7
checkstyle-0042,checkstyle,com/puppycrawl/tools/checkstyle/checks/OuterTypeFilenameCheck.java,field,"com.puppycrawl.tools.checkstyle.checks.OuterTypeFilenameCheck#fileName",ok,compiles,7,13.7,ok,compiles,7,11.9
checkstyle-0043,checkstyle,com/puppycrawl/tools/checkstyle/checks/javadoc/JavadocMethodCheck.java,method,"com.puppycrawl.tools.checkstyle.checks.javadoc.JavadocMethodCheck#shouldCheck(DetailAST)",ok,compiles,11,15.4,ok,compiles,11,14.0
checkstyle-0044,checkstyle,com/puppycrawl/tools/checkstyle/filters/SuppressionCommentFilter.java,method,"com.puppycrawl.tools.checkstyle.filters.SuppressionCommentFilter.Tag#isMessageMatch(TreeWalkerAuditEvent)",ok,compiles,6,11.4,ok,compiles,6,12.1
checkstyle-0045,checkstyle,com/puppycrawl/tools/checkstyle/gui/TreeTableModelAdapter.java,method,"com.puppycrawl.tools.checkstyle.gui.TreeTableModelAdapter.UpdatingTreeModelListener#delayedFireTableDataChanged()",ok,compiles,1,12.6,ok,compiles,1,12.7
checkstyle-0046,checkstyle,com/puppycrawl/tools/checkstyle/AbstractAutomaticBean.java,method,"com.puppycrawl.tools.checkstyle.AbstractAutomaticBean.UriConverter#UriConverter()",ok,compiles,4,12.7,ok,compiles,4,12.3
checkstyle-0047,checkstyle,com/puppycrawl/tools/checkstyle/checks/naming/AbstractClassNameCheck.java,method,"com.puppycrawl.tools.checkstyle.checks.naming.AbstractClassNameCheck#getAcceptableTokens()",crash,na,0,12.5,crash,na,0,11.7
checkstyle-0048,checkstyle,com/puppycrawl/tools/checkstyle/checks/indentation/CommentsIndentationCheck.java,method,"com.puppycrawl.tools.checkstyle.checks.indentation.CommentsIndentationCheck#isOnPreviousLineIgnoringComments(DetailAST,DetailAST)",ok,compiles,9,13.4,ok,compiles,9,14.3
checkstyle-0049,checkstyle,com/puppycrawl/tools/checkstyle/checks/blocks/NeedBracesCheck.java,method,"com.puppycrawl.tools.checkstyle.checks.blocks.NeedBracesCheck#isSingleLineLambda(DetailAST)",ok,compiles,9,12.5,ok,compiles,9,13.2
checkstyle-0050,checkstyle,com/puppycrawl/tools/checkstyle/checks/imports/PkgImportControl.java,field,"com.puppycrawl.tools.checkstyle.checks.imports.PkgImportControl#patternForPartialMatch",ok,compiles,2,11.2,ok,compiles,2,12.3
checkstyle-0051,checkstyle,com/puppycrawl/tools/checkstyle/checks/coding/UnnecessarySemicolonInEnumerationCheck.java,method,"com.puppycrawl.tools.checkstyle.checks.coding.UnnecessarySemicolonInEnumerationCheck#hasMembersAfterConstants(DetailAST)",ok,compiles,9,12.5,ok,compiles,9,12.6
checkstyle-0052,checkstyle,com/puppycrawl/tools/checkstyle/checks/javadoc/MissingJavadocTypeCheck.java,field,"com.puppycrawl.tools.checkstyle.checks.javadoc.MissingJavadocTypeCheck#MSG_JAVADOC_MISSING",ok,compiles,8,14.2,ok,compiles,8,14.3
checkstyle-0053,checkstyle,com/puppycrawl/tools/checkstyle/filters/SuppressWarningsFilter.java,method,"com.puppycrawl.tools.checkstyle.filters.SuppressWarningsFilter#accept(AuditEvent)",crash,na,0,12.7,crash,na,0,11.2
checkstyle-0054,checkstyle,com/puppycrawl/tools/checkstyle/checks/indentation/AnnotationArrayInitHandler.java,method,"com.puppycrawl.tools.checkstyle.checks.indentation.AnnotationArrayInitHandler#getLineWrappingIndentation()",ok,compiles,10,13.8,ok,compiles,10,11.9
checkstyle-0055,checkstyle,com/puppycrawl/tools/checkstyle/checks/imports/ImportControlCheck.java,field,"com.puppycrawl.tools.checkstyle.checks.imports.ImportControlCheck#UNABLE_TO_LOAD",ok,compiles,8,14.1,ok,compiles,8,12.8
checkstyle-0056,checkstyle,com/puppycrawl/tools/checkstyle/checks/naming/GoogleMethodNameCheck.java,field,"com.puppycrawl.tools.checkstyle.checks.naming.GoogleMethodNameCheck#MSG_KEY_UNDERSCORE_REGULAR",ok,compiles,7,13.1,ok,compiles,7,12.9
checkstyle-0057,checkstyle,com/puppycrawl/tools/checkstyle/checks/indentation/AnnotationArrayInitHandler.java,method,"com.puppycrawl.tools.checkstyle.checks.indentation.AnnotationArrayInitHandler#getNextFirstNonBlankOnLineAfter(int,int)",ok,compiles,10,13.7,ok,compiles,10,13.8
checkstyle-0058,checkstyle,com/puppycrawl/tools/checkstyle/filters/SuppressWithNearbyCommentFilter.java,field,"com.puppycrawl.tools.checkstyle.filters.SuppressWithNearbyCommentFilter.Tag#tagMessageRegexp",ok,compiles,5,10.5,ok,compiles,5,10.8
checkstyle-0059,checkstyle,com/puppycrawl/tools/checkstyle/api/TokenTypes.java,field,"com.puppycrawl.tools.checkstyle.api.TokenTypes#ABSTRACT",ok,compiles,2,11.7,ok,compiles,2,11.3
checkstyle-0060,checkstyle,com/puppycrawl/tools/checkstyle/checks/javadoc/utils/BlockTagUtil.java,field,"com.puppycrawl.tools.checkstyle.checks.javadoc.utils.BlockTagUtil#JAVADOC_CLOSING_TAG",ok,compiles,1,11.4,ok,compiles,1,13.5
checkstyle-0061,checkstyle,com/puppycrawl/tools/checkstyle/checks/javadoc/JavadocTypeCheck.java,method,"com.puppycrawl.tools.checkstyle.checks.javadoc.JavadocTypeCheck#getRequiredTokens()",crash,na,0,12.2,crash,na,0,13.3
checkstyle-0062,checkstyle,com/puppycrawl/tools/checkstyle/checks/regexp/RegexpSinglelineJavaCheck.java,field,"com.puppycrawl.tools.checkstyle.checks.regexp.RegexpSinglelineJavaCheck#message",ok,compiles,7,13.4,ok,compiles,7,13.3
checkstyle-0063,checkstyle,com/puppycrawl/tools/checkstyle/XpathFileGeneratorAstFilter.java,method,"com.puppycrawl.tools.checkstyle.XpathFileGeneratorAstFilter#finishLocalSetup()",crash,na,0,12.4,crash,na,0,11.8
checkstyle-0064,checkstyle,com/puppycrawl/tools/checkstyle/api/Comment.java,field,"com.puppycrawl.tools.checkstyle.api.Comment#endLineNo",ok,compiles,2,10.9,ok,compiles,2,11.2
checkstyle-0065,checkstyle,com/puppycrawl/tools/checkstyle/filters/SuppressionsLoader.java,field,"com.puppycrawl.tools.checkstyle.filters.SuppressionsLoader#DTD_PUBLIC_CS_ID_1_0",ok,compiles,2,13.2,ok,compiles,2,12.0
checkstyle-0066,checkstyle,com/puppycrawl/tools/checkstyle/utils/CommonUtil.java,method,"com.puppycrawl.tools.checkstyle.utils.CommonUtil#getWebOrFileProtocolUri(String)",ok,compiles,1,12.2,ok,compiles,1,11.6
checkstyle-0067,checkstyle,com/puppycrawl/tools/checkstyle/checks/regexp/RegexpSinglelineJavaCheck.java,field,"com.puppycrawl.tools.checkstyle.checks.regexp.RegexpSinglelineJavaCheck#maximum",ok,compiles,7,12.6,ok,compiles,7,12.5
checkstyle-0068,checkstyle,com/puppycrawl/tools/checkstyle/filters/SuppressWithNearbyCommentFilter.java,method,"com.puppycrawl.tools.checkstyle.filters.SuppressWithNearbyCommentFilter#setCheckFormat(String)",ok,compiles,7,13.3,ok,compiles,7,12.7
checkstyle-0069,checkstyle,com/puppycrawl/tools/checkstyle/checks/design/VisibilityModifierCheck.java,method,"com.puppycrawl.tools.checkstyle.checks.design.VisibilityModifierCheck#setProtectedAllowed(boolean)",ok,compiles,7,11.6,ok,compiles,7,12.2
checkstyle-0070,checkstyle,com/puppycrawl/tools/checkstyle/checks/whitespace/NoWhitespaceAfterCheck.java,method,"com.puppycrawl.tools.checkstyle.checks.whitespace.NoWhitespaceAfterCheck#getArrayDeclaratorPreviousElement(DetailAST)",ok,fails,9,13.2,ok,fails,9,12.7
checkstyle-0071,checkstyle,com/puppycrawl/tools/checkstyle/checks/coding/UnusedTryResourceShouldBeUnnamedCheck.java,method,"com.puppycrawl.tools.checkstyle.checks.coding.UnusedTryResourceShouldBeUnnamedCheck#UnusedTryResourceShouldBeUnnamedCheck()",ok,compiles,7,13.1,ok,compiles,7,13.4
checkstyle-0072,checkstyle,com/puppycrawl/tools/checkstyle/checks/coding/RequireThisCheck.java,method,"com.puppycrawl.tools.checkstyle.checks.coding.RequireThisCheck#visitToken(DetailAST)",ok,fails,9,15.1,ok,fails,9,14.9
checkstyle-0073,checkstyle,com/puppycrawl/tools/checkstyle/checks/coding/AvoidDoubleBraceInitializationCheck.java,method,"com.puppycrawl.tools.checkstyle.checks.coding.AvoidDoubleBraceInitializationCheck#getDefaultTokens()",crash,na,0,12.8,crash,na,0,11.9
checkstyle-0074,checkstyle,com/puppycrawl/tools/checkstyle/checks/sizes/LineLengthCheck.java,method,"com.puppycrawl.tools.checkstyle.checks.sizes.LineLengthCheck#setMax(int)",ok,compiles,8,13.4,ok,compiles,8,13.6
checkstyle-0075,checkstyle,com/puppycrawl/tools/checkstyle/checks/coding/UnnecessaryNullCheckWithInstanceOfCheck.java,method,"com.puppycrawl.tools.checkstyle.checks.coding.UnnecessaryNullCheckWithInstanceOfCheck#checkChildForNullCheck(DetailAST,DetailAST,DetailAST)",ok,compiles,9,13.0,ok,compiles,9,12.7
checkstyle-0076,checkstyle,com/puppycrawl/tools/checkstyle/filters/SuppressionCommentFilter.java,method,"com.puppycrawl.tools.checkstyle.filters.SuppressionCommentFilter#tagSuppressions(Collection<TextBlock>)",ok,compiles,6,12.7,ok,compiles,6,12.0
checkstyle-0077,checkstyle,com/puppycrawl/tools/checkstyle/checks/javadoc/JavadocNodeImpl.java,method,"com.puppycrawl.tools.checkstyle.checks.javadoc.JavadocNodeImpl#getPreviousSibling()",ok,compiles,2,13.5,ok,compiles,2,10.3
checkstyle-0078,checkstyle,com/puppycrawl/tools/checkstyle/checks/coding/IllegalTokenTextCheck.java,method,"com.puppycrawl.tools.checkstyle.checks.coding.IllegalTokenTextCheck#visitToken(DetailAST)",ok,compiles,8,13.6,ok,compiles,8,14.3
checkstyle-0079,checkstyle,com/puppycrawl/tools/checkstyle/checks/imports/CustomImportOrderCheck.java,method,"com.puppycrawl.tools.checkstyle.checks.imports.CustomImportOrderCheck#setStandardPackageRegExp(Pattern)",ok,compiles,7,12.1,ok,compiles,7,11.9
checkstyle-0080,checkstyle,com/puppycrawl/tools/checkstyle/checks/javadoc/JavadocTagContinuationIndentationCheck.java,method,"com.puppycrawl.tools.checkstyle.checks.javadoc.JavadocTagContinuationIndentationCheck#subtreeContainsAttributeValue(DetailNode)",ok,compiles,10,13.3,ok,compiles,10,12.6
checkstyle-0081,checkstyle,com/puppycrawl/tools/checkstyle/checks/coding/OverloadMethodsDeclarationOrderCheck.java,field,"com.puppycrawl.tools.checkstyle.checks.coding.OverloadMethodsDeclarationOrderCheck#MSG_KEY",ok,compiles,7,14.4,ok,compiles,7,13.9
checkstyle-0082,checkstyle,com/puppycrawl/tools/checkstyle/meta/ModulePropertyDetails.java,field,"com.puppycrawl.tools.checkstyle.meta.ModulePropertyDetails#description",ok,compiles,1,11.9,ok,compiles,1,12.2
checkstyle-0083,checkstyle,com/puppycrawl/tools/checkstyle/gui/ParseTreeTablePresentation.java,method,"com.puppycrawl.tools.checkstyle.gui.ParseTreeTablePresentation#getValueAtDetailNode(DetailNode,int)",ok,compiles,3,12.0,ok,compiles,3,12.5
checkstyle-0084,checkstyle,com/puppycrawl/tools/checkstyle/checks/coding/MagicNumberCheck.java,method,"com.puppycrawl.tools.checkstyle.checks.coding.MagicNumberCheck#isChildOf(DetailAST,int)",ok,compiles,8,13.1,ok,compiles,8,12.7
checkstyle-0085,checkstyle,com/puppycrawl/tools/checkstyle/DefaultConfiguration.java,method,"com.puppycrawl.tools.checkstyle.DefaultConfiguration#addMessage(String,String)",ok,compiles,2,12.0,ok,compiles,2,12.1
checkstyle-0086,checkstyle,com/puppycrawl/tools/checkstyle/checks/indentation/CommentsIndentationCheck.java,method,"com.puppycrawl.tools.checkstyle.checks.indentation.CommentsIndentationCheck#isDistributedReturnStatement(DetailAST)",ok,compiles,9,11.6,ok,compiles,9,12.2
checkstyle-0087,checkstyle,com/puppycrawl/tools/checkstyle/meta/ModuleDetails.java,method,"com.puppycrawl.tools.checkstyle.meta.ModuleDetails#addToViolationMessages(List<String>)",ok,compiles,1,12.2,ok,compiles,1,11.6
checkstyle-0088,checkstyle,com/puppycrawl/tools/checkstyle/checks/imports/IllegalImportCheck.java,method,"com.puppycrawl.tools.checkstyle.checks.imports.IllegalImportCheck#visitToken(DetailAST)",ok,compiles,10,13.4,ok,compiles,10,13.4
checkstyle-0089,checkstyle,com/puppycrawl/tools/checkstyle/checks/naming/AbstractClassNameCheck.java,field,"com.puppycrawl.tools.checkstyle.checks.naming.AbstractClassNameCheck#format",ok,compiles,7,12.1,ok,compiles,7,12.6
checkstyle-0090,checkstyle,com/puppycrawl/tools/checkstyle/checks/indentation/IndentationCheck.java,method,"com.puppycrawl.tools.checkstyle.checks.indentation.IndentationCheck#setBasicOffset(int)",ok,compiles,7,12.5,ok,compiles,7,12.8
checkstyle-0091,checkstyle,com/puppycrawl/tools/checkstyle/ant/CheckstyleAntTask.java,method,"com.puppycrawl.tools.checkstyle.ant.CheckstyleAntTask.Property#setValue(String)",ok,compiles,2,12.2,ok,compiles,2,12.7
checkstyle-0092,checkstyle,com/puppycrawl/tools/checkstyle/XpathFileGeneratorAuditListener.java,method,"com.puppycrawl.tools.checkstyle.XpathFileGeneratorAuditListener#fileFinished(AuditEvent)",crash,na,0,11.2,crash,na,0,12.3
checkstyle-0093,checkstyle,com/puppycrawl/tools/checkstyle/checks/javadoc/AtclauseOrderCheck.java,field,"com.puppycrawl.tools.checkstyle.checks.javadoc.AtclauseOrderCheck#tagOrder",ok,compiles,9,13.2,ok,compiles,9,13.2
checkstyle-0094,checkstyle,com/puppycrawl/tools/checkstyle/checks/javadoc/JavadocTagInfo.java,field,"com.puppycrawl.tools.checkstyle.checks.javadoc.JavadocTagInfo#TEXT_TO_TAG",ok,compiles,1,13.5,ok,compiles,1,13.7
checkstyle-0095,checkstyle,com/puppycrawl/tools/checkstyle/filefilters/BeforeExecutionExclusionFileFilter.java,method,"com.puppycrawl.tools.checkstyle.filefilters.BeforeExecutionExclusionFileFilter#setFileNamePattern(Pattern)",ok,compiles,5,13.0,ok,compiles,5,13.3
checkstyle-0096,checkstyle,com/puppycrawl/tools/checkstyle/api/RootModule.java,method,"com.puppycrawl.tools.checkstyle.api.RootModule#destroy()",ok,compiles,2,10.2,ok,compiles,2,9.9
checkstyle-0097,checkstyle,com/puppycrawl/tools/checkstyle/checks/imports/ImportOrderCheck.java,method,"com.puppycrawl.tools.checkstyle.checks.imports.ImportOrderCheck#getGroupNumber(Pattern[],String)",ok,compiles,7,13.3,ok,compiles,7,13.5
checkstyle-0098,checkstyle,com/puppycrawl/tools/checkstyle/checks/metrics/NPathComplexityCheck.java,method,"com.puppycrawl.tools.checkstyle.checks.metrics.NPathComplexityCheck#countConditionalOperators(DetailAST)",ok,compiles,9,13.5,ok,compiles,9,13.4
checkstyle-0099,checkstyle,com/puppycrawl/tools/checkstyle/api/TokenTypes.java,field,"com.puppycrawl.tools.checkstyle.api.TokenTypes#LITERAL_SEALED",ok,compiles,2,11.6,ok,compiles,2,11.0
checkstyle-0100,checkstyle,com/puppycrawl/tools/checkstyle/checks/NumericalPrefixesInfixesSuffixesCharacterCaseCheck.java,method,"com.puppycrawl.tools.checkstyle.checks.NumericalPrefixesInfixesSuffixesCharacterCaseCheck#visitToken(DetailAST)",ok,compiles,8,13.8,ok,compiles,8,13.4
checkstyle-0101,checkstyle,com/puppycrawl/tools/checkstyle/checks/coding/FallThroughCheck.java,method,"com.puppycrawl.tools.checkstyle.checks.coding.FallThroughCheck#isCommentNodesRequired()",ok,compiles,7,13.2,ok,compiles,7,13.9
checkstyle-0102,checkstyle,com/puppycrawl/tools/checkstyle/checks/javadoc/MissingJavadocMethodCheck.java,field,"com.puppycrawl.tools.checkstyle.checks.javadoc.MissingJavadocMethodCheck#SETTER_PATTERN",ok,compiles,7,12.2,ok,compiles,7,13.2
checkstyle-0103,checkstyle,com/puppycrawl/tools/checkstyle/checks/coding/UnnecessarySemicolonInEnumerationCheck.java,method,"com.puppycrawl.tools.checkstyle.checks.coding.UnnecessarySemicolonInEnumerationCheck#getAcceptableTokens()",crash,na,0,10.8,crash,na,0,11.7
checkstyle-0104,checkstyle,com/puppycrawl/tools/checkstyle/checks/sizes/MethodLengthCheck.java,method,"com.puppycrawl.tools.checkstyle.checks.sizes.MethodLengthCheck#setMax(int)",ok,compiles,7,13.2,ok,compiles,7,13.6
checkstyle-0105,checkstyle,com/puppycrawl/tools/checkstyle/checks/coding/ConstructorsDeclarationGroupingCheck.java,field,"com.puppycrawl.tools.checkstyle.checks.coding.ConstructorsDeclarationGroupingCheck#MSG_ORDER",ok,compiles,7,14.0,ok,compiles,7,13.4
checkstyle-0106,checkstyle,com/puppycrawl/tools/checkstyle/checks/coding/RequireThisCheck.java,field,"com.puppycrawl.tools.checkstyle.checks.coding.RequireThisCheck.AbstractFrame#frameNameIdent",ok,compiles,8,13.8,ok,compiles,8,13.2
checkstyle-0107,checkstyle,com/puppycrawl/tools/checkstyle/DefaultLogger.java,field,"com.puppycrawl.tools.checkstyle.DefaultLogger#ADD_EXCEPTION_MESSAGE",ok,compiles,5,13.3,ok,compiles,5,12.7
checkstyle-0108,checkstyle,com/puppycrawl/tools/checkstyle/checks/indentation/StaticInitHandler.java,method,"com.puppycrawl.tools.checkstyle.checks.indentation.StaticInitHandler#StaticInitHandler(IndentationCheck,DetailAST,AbstractExpressionHandler)",ok,compiles,11,14.2,ok,compiles,11,13.8
checkstyle-0109,checkstyle,com/puppycrawl/tools/checkstyle/checks/coding/EqualsAvoidNullCheck.java,method,"com.puppycrawl.tools.checkstyle.checks.coding.EqualsAvoidNullCheck#finishTree(DetailAST)",ok,compiles,8,12.8,ok,compiles,8,12.7
checkstyle-0110,checkstyle,com/puppycrawl/tools/checkstyle/checks/whitespace/ParenPadCheck.java,method,"com.puppycrawl.tools.checkstyle.checks.whitespace.ParenPadCheck#isPrecedingEmptyForInit(DetailAST)",ok,compiles,11,13.9,ok,compiles,11,16.9
checkstyle-0111,checkstyle,com/puppycrawl/tools/checkstyle/api/JavadocCommentsTokenTypes.java,field,"com.puppycrawl.tools.checkstyle.api.JavadocCommentsTokenTypes#RETURN_BLOCK_TAG",ok,compiles,2,12.1,ok,compiles,2,20.9
checkstyle-0112,checkstyle,com/puppycrawl/tools/checkstyle/filters/SuppressFilterElement.java,method,"com.puppycrawl.tools.checkstyle.filters.SuppressFilterElement#SuppressFilterElement(Pattern,Pattern,Pattern,String,String,String)",ok,compiles,4,15.6,ok,compiles,4,27.4
checkstyle-0113,checkstyle,com/puppycrawl/tools/checkstyle/api/AuditEvent.java,method,"com.puppycrawl.tools.checkstyle.api.AuditEvent#getMessage()",ok,compiles,2,15.3,ok,compiles,2,26.8
checkstyle-0114,checkstyle,com/puppycrawl/tools/checkstyle/checks/javadoc/JavadocMethodCheck.java,method,"com.puppycrawl.tools.checkstyle.checks.javadoc.JavadocMethodCheck#setAccessModifiers(AccessModifierOption...)",ok,compiles,10,20.9,ok,compiles,10,32.6
checkstyle-0115,checkstyle,com/puppycrawl/tools/checkstyle/api/TokenTypes.java,field,"com.puppycrawl.tools.checkstyle.api.TokenTypes#ELIST",ok,compiles,2,19.6,ok,compiles,2,28.6
checkstyle-0116,checkstyle,com/puppycrawl/tools/checkstyle/JavadocCommentsAstVisitor.java,method,"com.puppycrawl.tools.checkstyle.JavadocCommentsAstVisitor#visitHtmlTagStart(JavadocCommentsParser.HtmlTagStartContext)",ok,fails,8,35.4,ok,fails,8,32.2
checkstyle-0117,checkstyle,com/puppycrawl/tools/checkstyle/JavaAstVisitor.java,method,"com.puppycrawl.tools.checkstyle.JavaAstVisitor#visitMultiLambdaParams(JavaLanguageParser.MultiLambdaParamsContext)",crash,na,0,35.8,crash,na,0,29.2
checkstyle-0118,checkstyle,com/puppycrawl/tools/checkstyle/checks/imports/ImportControlLoader.java,field,"com.puppycrawl.tools.checkstyle.checks.imports.ImportControlLoader#ALLOW_ELEMENT_NAME",ok,compiles,2,27.0,ok,compiles,2,23.9
checkstyle-0119,checkstyle,com/puppycrawl/tools/checkstyle/checks/OuterTypeFilenameCheck.java,method,"com.puppycrawl.tools.checkstyle.checks.OuterTypeFilenameCheck#getRequiredTokens()",crash,na,0,25.5,crash,na,0,22.2
checkstyle-0120,checkstyle,com/puppycrawl/tools/checkstyle/checks/coding/AbstractSuperCheck.java,field,"com.puppycrawl.tools.checkstyle.checks.coding.AbstractSuperCheck#methodStack",ok,compiles,7,25.6,ok,compiles,7,21.9
checkstyle-0121,checkstyle,com/puppycrawl/tools/checkstyle/checks/coding/ReturnCountCheck.java,method,"com.puppycrawl.tools.checkstyle.checks.coding.ReturnCountCheck#leave(DetailAST)",ok,compiles,8,25.2,ok,compiles,8,22.6
checkstyle-0122,checkstyle,com/puppycrawl/tools/checkstyle/checks/coding/VariableDeclarationUsageDistanceCheck.java,field,"com.puppycrawl.tools.checkstyle.checks.coding.VariableDeclarationUsageDistanceCheck#MSG_KEY",ok,compiles,7,24.8,ok,compiles,7,25.8
checkstyle-0123,checkstyle,com/puppycrawl/tools/checkstyle/checks/naming/GoogleMethodNameCheck.java,field,"com.puppycrawl.tools.checkstyle.checks.naming.GoogleMethodNameCheck#MSG_KEY_FORMAT_TEST",ok,compiles,7,23.5,ok,compiles,7,24.0
checkstyle-0124,checkstyle,com/puppycrawl/tools/checkstyle/gui/ParseTreeTablePresentation.java,method,"com.puppycrawl.tools.checkstyle.gui.ParseTreeTablePresentation#setRoot(DetailAST)",ok,compiles,2,20.5,ok,compiles,2,20.7
checkstyle-0125,checkstyle,com/puppycrawl/tools/checkstyle/checks/indentation/NewHandler.java,method,"com.puppycrawl.tools.checkstyle.checks.indentation.NewHandler#isParentAssignReturnOrThrow(DetailAST)",ok,compiles,5,19.8,ok,compiles,5,28.5
checkstyle-0126,checkstyle,com/puppycrawl/tools/checkstyle/checks/coding/VariableDeclarationUsageDistanceCheck.java,method,"com.puppycrawl.tools.checkstyle.checks.coding.VariableDeclarationUsageDistanceCheck#getFirstNodeInsideIfBlock(DetailAST,DetailAST)",ok,compiles,10,21.3,ok,compiles,10,28.4
checkstyle-0127,checkstyle,com/puppycrawl/tools/checkstyle/DetailAstImpl.java,method,"com.puppycrawl.tools.checkstyle.DetailAstImpl#getParent()",ok,compiles,2,22.2,ok,compiles,2,28.7
checkstyle-0128,checkstyle,com/puppycrawl/tools/checkstyle/checks/imports/ImportControlLoader.java,method,"com.puppycrawl.tools.checkstyle.checks.imports.ImportControlLoader#startElement(String,String,String,Attributes)",ok,compiles,7,32.9,ok,compiles,7,28.5
checkstyle-0129,checkstyle,com/puppycrawl/tools/checkstyle/checks/regexp/DetectorOptions.java,method,"com.puppycrawl.tools.checkstyle.checks.regexp.DetectorOptions#DetectorOptions()",ok,compiles,1,27.3,ok,compiles,1,23.8
checkstyle-0130,checkstyle,com/puppycrawl/tools/checkstyle/gui/BaseCellEditor.java,method,"com.puppycrawl.tools.checkstyle.gui.BaseCellEditor#removeCellEditorListener(CellEditorListener)",ok,compiles,1,26.8,ok,compiles,1,25.4
checkstyle-0131,checkstyle,com/puppycrawl/tools/checkstyle/checks/indentation/LineWrappingHandler.java,method,"com.puppycrawl.tools.checkstyle.checks.indentation.LineWrappingHandler#checkIndentation(DetailAST,DetailAST,int,int,LineWrappingOptions)",ok,compiles,4,27.1,ok,compiles,4,28.1
checkstyle-0132,checkstyle,com/puppycrawl/tools/checkstyle/checks/naming/MemberNameCheck.java,method,"com.puppycrawl.tools.checkstyle.checks.naming.MemberNameCheck#mustCheckName(DetailAST)",crash,na,0,23.3,crash,na,0,22.2
checkstyle-0133,checkstyle,com/puppycrawl/tools/checkstyle/checks/coding/TextBlockGoogleStyleFormattingCheck.java,field,"com.puppycrawl.tools.checkstyle.checks.coding.TextBlockGoogleStyleFormattingCheck#MSG_TEXT_BLOCK_CONTENT",ok,compiles,7,30.8,ok,compiles,7,27.0
checkstyle-0134,checkstyle,com/puppycrawl/tools/checkstyle/checks/coding/RequireThisCheck.java,method,"com.puppycrawl.tools.checkstyle.checks.coding.RequireThisCheck.AbstractFrame#AbstractFrame(AbstractFrame,DetailAST)",ok,compiles,8,24.4,ok,compiles,8,24.8
checkstyle-0135,checkstyle,com/puppycrawl/tools/checkstyle/api/JavadocCommentsTokenTypes.java,field,"com.puppycrawl.tools.checkstyle.api.JavadocCommentsTokenTypes#HTML_CONTENT",ok,compiles,2,24.7,ok,compiles,2,25.1
checkstyle-0136,checkstyle,com/puppycrawl/tools/checkstyle/checks/javadoc/AbstractJavadocCheck.java,method,"com.puppycrawl.tools.checkstyle.checks.javadoc.AbstractJavadocCheck#getRequiredTokens()",crash,na,0,24.2,crash,na,0,24.4
checkstyle-0137,checkstyle,com/puppycrawl/tools/checkstyle/checks/imports/IllegalImportCheck.java,field,"com.puppycrawl.tools.checkstyle.checks.imports.IllegalImportCheck#illegalClasses",ok,compiles,7,26.3,ok,compiles,7,27.4
checkstyle-0138,checkstyle,com/puppycrawl/tools/checkstyle/checks/coding/IllegalSymbolCheck.java,method,"com.puppycrawl.tools.checkstyle.checks.coding.IllegalSymbolCheck#getRequiredTokens()",crash,na,0,25.9,crash,na,0,25.2
checkstyle-0139,checkstyle,com/puppycrawl/tools/checkstyle/Checker.java,field,"com.puppycrawl.tools.checkstyle.Checker#localeLanguage",crash,na,0,19.6,crash,na,0,19.0
checkstyle-0140,checkstyle,com/puppycrawl/tools/checkstyle/checks/AvoidEscapedUnicodeCharactersCheck.java,method,"com.puppycrawl.tools.checkstyle.checks.AvoidEscapedUnicodeCharactersCheck#isAllCharactersEscaped(String)",ok,compiles,7,24.3,ok,compiles,7,22.9
checkstyle-0141,checkstyle,com/puppycrawl/tools/checkstyle/checks/whitespace/EmptyForInitializerPadCheck.java,method,"com.puppycrawl.tools.checkstyle.checks.whitespace.EmptyForInitializerPadCheck#setOption(String)",ok,compiles,8,25.2,ok,compiles,8,23.2
checkstyle-0142,checkstyle,com/puppycrawl/tools/checkstyle/checks/UncommentedMainCheck.java,method,"com.puppycrawl.tools.checkstyle.checks.UncommentedMainCheck#checkType(DetailAST)",ok,compiles,13,25.8,ok,compiles,13,26.9
checkstyle-0143,checkstyle,com/puppycrawl/tools/checkstyle/checks/indentation/IndentLevel.java,method,"com.puppycrawl.tools.checkstyle.checks.indentation.IndentLevel#IndentLevel(IndentLevel,int)",ok,compiles,1,20.4,ok,compiles,1,18.6
checkstyle-0144,checkstyle,com/puppycrawl/tools/checkstyle/checks/DescendantTokenCheck.java,field,"com.puppycrawl.tools.checkstyle.checks.DescendantTokenCheck#MSG_KEY_MIN",ok,compiles,7,24.6,ok,compiles,7,26.1
checkstyle-0145,checkstyle,com/puppycrawl/tools/checkstyle/checks/UncommentedMainCheck.java,method,"com.puppycrawl.tools.checkstyle.checks.UncommentedMainCheck#visitPackageDef(DetailAST)",ok,compiles,9,24.4,ok,compiles,9,27.0
checkstyle-0146,checkstyle,com/puppycrawl/tools/checkstyle/api/TokenTypes.java,field,"com.puppycrawl.tools.checkstyle.api.TokenTypes#BSR",ok,compiles,2,23.6,ok,compiles,2,20.2
checkstyle-0147,checkstyle,com/puppycrawl/tools/checkstyle/checks/whitespace/EmptyLineSeparatorCheck.java,method,"com.puppycrawl.tools.checkstyle.checks.whitespace.EmptyLineSeparatorCheck#EmptyLineSeparatorCheck()",ok,compiles,7,23.2,ok,compiles,7,20.6
checkstyle-0148,checkstyle,com/puppycrawl/tools/checkstyle/checks/coding/NoArrayTrailingCommaCheck.java,method,"com.puppycrawl.tools.checkstyle.checks.coding.NoArrayTrailingCommaCheck#getRequiredTokens()",crash,na,0,22.5,crash,na,0,19.3
checkstyle-0149,checkstyle,com/puppycrawl/tools/checkstyle/checks/whitespace/GenericWhitespaceCheck.java,field,"com.puppycrawl.tools.checkstyle.checks.whitespace.GenericWhitespaceCheck#CLOSE_ANGLE_BRACKET",ok,compiles,7,22.6,ok,compiles,7,16.3
checkstyle-0150,checkstyle,com/puppycrawl/tools/checkstyle/checks/imports/UnnecessaryFullyQualifiedTypeCheck.java,field,"com.puppycrawl.tools.checkstyle.checks.imports.UnnecessaryFullyQualifiedTypeCheck#UNQUALIFIED_MARKER",ok,compiles,7,23.1,ok,compiles,7,15.2
commons-io-0001,commons-io,org/apache/commons/io/input/BOMInputStream.java,method,"org.apache.commons.io.input.BOMInputStream#getBOM()",ok,compiles,3,8.8,ok,compiles,3,10.6
commons-io-0002,commons-io,org/apache/commons/io/input/QueueInputStream.java,method,"org.apache.commons.io.input.QueueInputStream.Builder#get()",ok,compiles,5,14.5,ok,compiles,5,15.4
commons-io-0003,commons-io,org/apache/commons/io/FileUtils.java,method,"org.apache.commons.io.FileUtils#mkdirs(File)",ok,compiles,1,11.3,ok,compiles,1,12.4
commons-io-0004,commons-io,org/apache/commons/io/input/Tailer.java,method,"org.apache.commons.io.input.Tailer#getRun()",ok,compiles,1,14.5,ok,compiles,1,14.2
commons-io-0005,commons-io,org/apache/commons/io/FileUtils.java,method,"org.apache.commons.io.FileUtils#checkIsFile(File,String)",ok,compiles,1,13.4,ok,compiles,1,13.3
commons-io-0006,commons-io,org/apache/commons/io/build/AbstractStreamBuilder.java,method,"org.apache.commons.io.build.AbstractStreamBuilder#getInputStream()",ok,compiles,5,13.1,ok,compiles,5,15.3
commons-io-0007,commons-io,org/apache/commons/io/IOUtils.java,method,"org.apache.commons.io.IOUtils#readFully(Reader,char[])",ok,compiles,1,15.1,ok,compiles,1,14.0
commons-io-0008,commons-io,org/apache/commons/io/comparator/ExtensionFileComparator.java,field,"org.apache.commons.io.comparator.ExtensionFileComparator#EXTENSION_SYSTEM_COMPARATOR",ok,compiles,4,13.9,ok,compiles,4,16.4
commons-io-0009,commons-io,org/apache/commons/io/filefilter/PrefixFileFilter.java,method,"org.apache.commons.io.filefilter.PrefixFileFilter#PrefixFileFilter(String[],IOCase)",ok,compiles,6,20.4,ok,compiles,6,19.4
commons-io-0010,commons-io,org/apache/commons/io/IOUtils.java,method,"org.apache.commons.io.IOUtils#copy(java.io.ByteArrayOutputStream)",ok,compiles,3,15.6,ok,compiles,3,13.6
commons-io-0011,commons-io,org/apache/commons/io/build/AbstractStreamBuilder.java,method,"org.apache.commons.io.build.AbstractStreamBuilder#setBufferSizeDefault(int)",ok,compiles,5,15.1,ok,compiles,5,13.5
commons-io-0012,commons-io,org/apache/commons/io/output/ProxyWriter.java,method,"org.apache.commons.io.output.ProxyWriter#write(String,int,int)",ok,compiles,1,13.8,ok,compiles,1,15.8
commons-io-0013,commons-io,org/apache/commons/io/filefilter/AbstractFileFilter.java,method,"org.apache.commons.io.filefilter.AbstractFileFilter#visitFile(Path,BasicFileAttributes)",ok,compiles,4,15.7,ok,compiles,4,15.5
commons-io-0014,commons-io,org/apache/commons/io/output/FilterCollectionWriter.java,method,"org.apache.commons.io.output.FilterCollectionWriter#FilterCollectionWriter(Collection<Writer>)",ok,compiles,1,14.6,ok,compiles,1,16.8
commons-io-0015,commons-io,org/apache/commons/io/filefilter/NameFileFilter.java,method,"org.apache.commons.io.filefilter.NameFileFilter#NameFileFilter(String)",ok,compiles,6,17.4,ok,compiles,6,20.3
commons-io-0016,commons-io,org/apache/commons/io/IOUtils.java,method,"org.apache.commons.io.IOUtils#writeLines(Collection<?>,String,Writer)",ok,compiles,1,13.9,ok,compiles,1,13.2
commons-io-0017,commons-io,org/apache/commons/io/filefilter/NameFileFilter.java,method,"org.apache.commons.io.filefilter.NameFileFilter#NameFileFilter(String,IOCase)",ok,compiles,6,17.0,ok,compiles,6,20.6
commons-io-0018,commons-io,org/apache/commons/io/function/IOBaseStreamAdapter.java,method,"org.apache.commons.io.function.IOBaseStreamAdapter#IOBaseStreamAdapter(B)",ok,compiles,2,12.5,ok,compiles,2,15.6
commons-io-0019,commons-io,org/apache/commons/io/output/StringBuilderWriter.java,method,"org.apache.commons.io.output.StringBuilderWriter#flush()",ok,compiles,1,11.7,ok,compiles,1,16.2
commons-io-0020,commons-io,org/apache/commons/io/monitor/FileAlterationListenerAdaptor.java,method,"org.apache.commons.io.monitor.FileAlterationListenerAdaptor#onDirectoryDelete(File)",ok,compiles,2,9.5,ok,compiles,2,13.8
commons-io-0021,commons-io,org/apache/commons/io/input/ClosedInputStream.java,method,"org.apache.commons.io.input.ClosedInputStream#ClosedInputStream()",ok,compiles,1,11.0,ok,compiles,1,10.6
commons-io-0022,commons-io,org/apache/commons/io/input/ReadAheadInputStream.java,method,"org.apache.commons.io.input.ReadAheadInputStream#swapBuffers()",ok,compiles,1,10.6,ok,compiles,1,11.4
commons-io-0023,commons-io,org/apache/commons/io/filefilter/SuffixFileFilter.java,method,"org.apache.commons.io.filefilter.SuffixFileFilter#SuffixFileFilter(List<String>,IOCase)",ok,compiles,6,17.1,ok,compiles,6,26.2
commons-io-0024,commons-io,org/apache/commons/io/input/CountingInputStream.java,method,"org.apache.commons.io.input.CountingInputStream#resetCount()",ok,compiles,2,14.7,ok,compiles,2,20.3
commons-io-0025,commons-io,org/apache/commons/io/build/AbstractOrigin.java,method,"org.apache.commons.io.build.AbstractOrigin#getByteArray(long,int)",ok,compiles,3,13.1,ok,compiles,3,19.9
commons-io-0026,commons-io,org/apache/commons/io/output/ClosedOutputStream.java,method,"org.apache.commons.io.output.ClosedOutputStream#flush()",ok,compiles,1,11.0,ok,compiles,1,14.3
commons-io-0027,commons-io,org/apache/commons/io/input/CharSequenceReader.java,field,"org.apache.commons.io.input.CharSequenceReader#start",ok,compiles,1,15.4,ok,compiles,1,13.6
commons-io-0028,commons-io,org/apache/commons/io/function/IOStream.java,method,"org.apache.commons.io.function.IOStream#reduce(U,IOBiFunction<U,?superT,U>,IOBinaryOperator<U>)",ok,compiles,5,20.2,ok,compiles,5,14.5
commons-io-0029,commons-io,org/apache/commons/io/IOUtils.java,method,"org.apache.commons.io.IOUtils#close(Closeable...)",crash,na,0,16.1,crash,na,0,13.3
commons-io-0030,commons-io,org/apache/commons/io/filefilter/NameFileFilter.java,method,"org.apache.commons.io.filefilter.NameFileFilter#NameFileFilter(String)",ok,compiles,6,19.7,ok,compiles,6,16.4
commons-io-0031,commons-io,org/apache/commons/io/function/IOSupplier.java,method,"org.apache.commons.io.function.IOSupplier#asSupplier()",ok,fails,1,15.4,ok,fails,1,12.0
commons-io-0032,commons-io,org/apache/commons/io/file/PathUtils.java,method,"org.apache.commons.io.file.PathUtils#toFileVisitOptionSet(FileVisitOption...)",ok,compiles,1,11.8,ok,compiles,1,10.6
commons-io-0033,commons-io,org/apache/commons/io/file/PathUtils.java,method,"org.apache.commons.io.file.PathUtils.RelativeSortedPaths#equalsIgnoreFileSystem(Path,Path)",ok,compiles,1,13.0,ok,compiles,1,13.1
commons-io-0034,commons-io,org/apache/commons/io/output/DeferredFileOutputStream.java,method,"org.apache.commons.io.output.DeferredFileOutputStream#getStream()",ok,compiles,2,12.3,ok,compiles,2,12.1
commons-io-0035,commons-io,org/apache/commons/io/input/buffer/CircularByteBuffer.java,method,"org.apache.commons.io.input.buffer.CircularByteBuffer#clear()",ok,compiles,1,10.5,ok,compiles,1,9.6
commons-io-0036,commons-io,org/apache/commons/io/build/AbstractOrigin.java,method,"org.apache.commons.io.build.AbstractOrigin.ChannelOrigin#size()",ok,compiles,3,11.8,ok,compiles,3,11.0
commons-io-0037,commons-io,org/apache/commons/io/input/XmlStreamReader.java,method,"org.apache.commons.io.input.XmlStreamReader.Builder#get()",ok,compiles,5,14.3,ok,compiles,5,14.8
commons-io-0038,commons-io,org/apache/commons/io/DirectoryWalker.java,method,"org.apache.commons.io.DirectoryWalker#handleStart(File,Collection<T>)",ok,compiles,1,12.5,ok,compiles,1,11.8
commons-io-0039,commons-io,org/apache/commons/io/monitor/FileAlterationObserver.java,method,"org.apache.commons.io.monitor.FileAlterationObserver#fireOnChange(FileEntry,File)",ok,compiles,3,10.5,ok,compiles,3,11.4
commons-io-0040,commons-io,org/apache/commons/io/file/PathUtils.java,field,"org.apache.commons.io.file.PathUtils#EMPTY_FILE_ATTRIBUTE_ARRAY",ok,compiles,1,10.2,ok,compiles,1,11.4
commons-io-0041,commons-io,org/apache/commons/io/IOUtils.java,method,"org.apache.commons.io.IOUtils#writeLines(Collection<?>,String,OutputStream)",ok,compiles,1,10.4,ok,compiles,1,11.7
commons-io-0042,commons-io,org/apache/commons/io/input/CharSequenceInputStream.java,field,"org.apache.commons.io.input.CharSequenceInputStream#cBufMark",ok,compiles,1,10.7,ok,compiles,1,12.8
commons-io-0043,commons-io,org/apache/commons/io/filefilter/OrFileFilter.java,method,"org.apache.commons.io.filefilter.OrFileFilter#setFileFilters(List<IOFileFilter>)",ok,compiles,6,18.3,ok,compiles,6,23.6
commons-io-0044,commons-io,org/apache/commons/io/output/StringBuilderWriter.java,method,"org.apache.commons.io.output.StringBuilderWriter#StringBuilderWriter(StringBuilder)",ok,compiles,1,13.7,ok,compiles,1,15.0
commons-io-0045,commons-io,org/apache/commons/io/filefilter/RegexFileFilter.java,method,"org.apache.commons.io.filefilter.RegexFileFilter#RegexFileFilter(Pattern,Function<Path,String>)",ok,compiles,5,18.2,ok,compiles,5,22.2
commons-io-0046,commons-io,org/apache/commons/io/CloseableURLConnection.java,method,"org.apache.commons.io.CloseableURLConnection#setDoInput(boolean)",ok,compiles,1,14.6,ok,compiles,1,16.9
commons-io-0047,commons-io,org/apache/commons/io/output/TeeOutputStream.java,method,"org.apache.commons.io.output.TeeOutputStream#flush()",ok,compiles,2,12.6,ok,compiles,2,14.5
commons-io-0048,commons-io,org/apache/commons/io/monitor/SerializableFileTime.java,method,"org.apache.commons.io.monitor.SerializableFileTime#compareTo(FileTime)",ok,compiles,1,14.4,ok,compiles,1,15.2
commons-io-0049,commons-io,org/apache/commons/io/input/ReadAheadInputStream.java,field,"org.apache.commons.io.input.ReadAheadInputStream#executorService",ok,compiles,1,20.0,ok,compiles,1,14.0
commons-io-0050,commons-io,org/apache/commons/io/input/BOMInputStream.java,method,"org.apache.commons.io.input.BOMInputStream#readBom()",ok,compiles,3,19.0,ok,compiles,3,15.9
commons-io-0051,commons-io,org/apache/commons/io/input/UnsynchronizedBufferedReader.java,method,"org.apache.commons.io.input.UnsynchronizedBufferedReader#UnsynchronizedBufferedReader(Reader,int)",ok,compiles,2,17.1,ok,compiles,2,16.2
commons-io-0052,commons-io,org/apache/commons/io/output/AppendableWriter.java,method,"org.apache.commons.io.output.AppendableWriter#AppendableWriter(T)",ok,compiles,1,13.1,ok,compiles,1,14.6
commons-io-0053,commons-io,org/apache/commons/io/function/UncheckedIOBaseStream.java,method,"org.apache.commons.io.function.UncheckedIOBaseStream#spliterator()",ok,compiles,3,12.6,ok,compiles,3,14.6
commons-io-0054,commons-io,org/apache/commons/io/file/CountingPathVisitor.java,method,"org.apache.commons.io.file.CountingPathVisitor.Builder#get()",ok,compiles,5,14.3,ok,compiles,5,14.6
commons-io-0055,commons-io,org/apache/commons/io/FileUtils.java,method,"org.apache.commons.io.FileUtils#moveFile(File,File)",ok,compiles,1,11.7,ok,compiles,1,10.0
commons-io-0056,commons-io,org/apache/commons/io/build/AbstractStreamBuilder.java,method,"org.apache.commons.io.build.AbstractStreamBuilder#setOpenOptions(OpenOption...)",ok,compiles,4,13.7,ok,compiles,4,11.7
commons-io-0057,commons-io,org/apache/commons/io/build/AbstractStreamBuilder.java,method,"org.apache.commons.io.build.AbstractStreamBuilder#getCharsetDefault()",ok,compiles,4,14.2,ok,compiles,4,12.0
commons-io-0058,commons-io,org/apache/commons/io/comparator/LastModifiedFileComparator.java,method,"org.apache.commons.io.comparator.LastModifiedFileComparator#LastModifiedFileComparator()",ok,compiles,2,12.0,ok,compiles,2,10.1
commons-io-0059,commons-io,org/apache/commons/io/file/PathUtils.java,field,"org.apache.commons.io.file.PathUtils.RelativeSortedPaths#relativeFileList2",ok,compiles,1,11.3,ok,compiles,1,9.7
commons-io-0060,commons-io,org/apache/commons/io/output/UnsynchronizedByteArrayOutputStream.java,method,"org.apache.commons.io.output.UnsynchronizedByteArrayOutputStream#toBufferedInputStream(InputStream,int)",ok,compiles,6,13.9,ok,compiles,6,16.0
commons-io-0061,commons-io,org/apache/commons/io/filefilter/OrFileFilter.java,method,"org.apache.commons.io.filefilter.OrFileFilter#accept(Path,BasicFileAttributes)",ok,compiles,6,17.8,ok,compiles,6,18.7
commons-io-0062,commons-io,org/apache/commons/io/input/ReaderInputStream.java,field,"org.apache.commons.io.input.ReaderInputStream#reader",ok,compiles,2,11.1,ok,compiles,2,11.5
commons-io-0063,commons-io,org/apache/commons/io/input/ReaderInputStream.java,method,"org.apache.commons.io.input.ReaderInputStream#newEncoder(Charset)",ok,compiles,3,14.9,ok,compiles,3,14.5
commons-io-0064,commons-io,org/apache/commons/io/FileUtils.java,field,"org.apache.commons.io.FileUtils#ONE_TB_BI",ok,compiles,1,12.8,ok,compiles,1,13.6
commons-io-0065,commons-io,org/apache/commons/io/function/IOStream.java,method,"org.apache.commons.io.function.IOStream#sorted()",ok,fails,2,14.4,ok,fails,2,16.0
commons-io-0066,commons-io,org/apache/commons/io/input/ProxyReader.java,method,"org.apache.commons.io.input.ProxyReader#beforeRead(int)",ok,compiles,1,15.9,ok,compiles,1,16.2
commons-io-0067,commons-io,org/apache/commons/io/input/ObservableInputStream.java,method,"org.apache.commons.io.input.ObservableInputStream.Observer#finished()",ok,compiles,2,15.2,ok,compiles,2,13.9
commons-io-0068,commons-io,org/apache/commons/io/file/PathUtils.java,method,"org.apache.commons.io.file.PathUtils#newOutputStream(Path,LinkOption[],OpenOption...)",ok,compiles,1,15.7,ok,compiles,1,14.2
commons-io-0069,commons-io,org/apache/commons/io/file/CopyDirectoryVisitor.java,method,"org.apache.commons.io.file.CopyDirectoryVisitor#toCopyOption(CopyOption...)",ok,compiles,5,15.4,ok,compiles,5,14.7
commons-io-0070,commons-io,org/apache/commons/io/channels/FilterFileChannel.java,method,"org.apache.commons.io.channels.FilterFileChannel#toString()",ok,compiles,1,16.8,ok,compiles,1,15.1
commons-io-0071,commons-io,org/apache/commons/io/input/SwappedDataInputStream.java,method,"org.apache.commons.io.input.SwappedDataInputStream#readFloat()",ok,compiles,3,17.0,ok,compiles,3,14.6
commons-io-0072,commons-io,org/apache/commons/io/input/ReaderInputStream.java,method,"org.apache.commons.io.input.ReaderInputStream#ReaderInputStream(Builder)",ok,compiles,6,15.4,ok,compiles,6,15.1
commons-io-0073,commons-io,org/apache/commons/io/channels/FilterSeekableByteChannel.java,method,"org.apache.commons.io.channels.FilterSeekableByteChannel#FilterSeekableByteChannel(Builder)",ok,compiles,7,14.4,ok,compiles,7,12.8
commons-io-0074,commons-io,org/apache/commons/io/output/AppendableOutputStream.java,method,"org.apache.commons.io.output.AppendableOutputStream#getAppendable()",ok,compiles,1,13.6,ok,compiles,1,11.7
commons-io-0075,commons-io,org/apache/commons/io/input/NullReader.java,method,"org.apache.commons.io.input.NullReader#close()",ok,compiles,1,11.6,ok,compiles,1,9.6
commons-io-0076,commons-io,org/apache/commons/io/function/IOStream.java,method,"org.apache.commons.io.function.IOStream#flatMapToDouble(IOFunction<?superT,?extendsDoubleStream>)",ok,compiles,4,13.6,ok,compiles,4,11.0
commons-io-0077,commons-io,org/apache/commons/io/input/XmlStreamReader.java,field,"org.apache.commons.io.input.XmlStreamReader#UTF_16BE",ok,compiles,1,12.8,ok,compiles,1,12.3
commons-io-0078,commons-io,org/apache/commons/io/output/NullWriter.java,field,"org.apache.commons.io.output.NullWriter#NULL_WRITER",ok,compiles,1,11.2,ok,compiles,1,10.7
commons-io-0079,commons-io,org/apache/commons/io/function/IOTriConsumer.java,method,"org.apache.commons.io.function.IOTriConsumer#andThen(IOTriConsumer<?superT,?superU,?superV>)",ok,compiles,1,11.5,ok,compiles,1,12.0
commons-io-0080,commons-io,org/apache/commons/io/comparator/SizeFileComparator.java,field,"org.apache.commons.io.comparator.SizeFileComparator#sumDirectoryContents",ok,compiles,2,9.3,ok,compiles,2,9.6
commons-io-0081,commons-io,org/apache/commons/io/input/XmlStreamReader.java,field,"org.apache.commons.io.input.XmlStreamReader#RAW_EX_2",ok,compiles,1,11.2,ok,compiles,1,13.4
commons-io-0082,commons-io,org/apache/commons/io/monitor/SerializableFileTime.java,method,"org.apache.commons.io.monitor.SerializableFileTime#readObject(ObjectInputStream)",ok,compiles,1,10.2,ok,compiles,1,13.5
commons-io-0083,commons-io,org/apache/commons/io/build/AbstractOriginSupplier.java,method,"org.apache.commons.io.build.AbstractOriginSupplier#newInputStreamOrigin(InputStream)",ok,compiles,4,11.1,ok,compiles,4,13.4
commons-io-0084,commons-io,org/apache/commons/io/file/PathUtils.java,method,"org.apache.commons.io.file.PathUtils#visitFileTree(T,Path,Set<FileVisitOption>,int)",ok,compiles,1,11.7,ok,compiles,1,8.7
commons-io-0085,commons-io,org/apache/commons/io/filefilter/WildcardFilter.java,method,"org.apache.commons.io.filefilter.WildcardFilter#accept(File,String)",ok,compiles,6,15.1,ok,compiles,6,13.3
commons-io-0086,commons-io,org/apache/commons/io/input/ReaderInputStream.java,method,"org.apache.commons.io.input.ReaderInputStream#ReaderInputStream(Reader,Charset)",ok,compiles,3,12.1,ok,compiles,3,11.2
commons-io-0087,commons-io,org/apache/commons/io/output/ProxyOutputStream.java,method,"org.apache.commons.io.output.ProxyOutputStream#ProxyOutputStream(OutputStream)",ok,compiles,1,8.6,ok,compiles,1,8.3
commons-io-0088,commons-io,org/apache/commons/io/input/ReaderInputStream.java,method,"org.apache.commons.io.input.ReaderInputStream#ReaderInputStream(Reader,CharsetEncoder)",ok,compiles,3,10.9,ok,compiles,3,12.0
commons-io-0089,commons-io,org/apache/commons/io/input/BrokenInputStream.java,method,"org.apache.commons.io.input.BrokenInputStream#getThrowable()",ok,compiles,1,10.4,ok,compiles,1,11.4
commons-io-0090,commons-io,org/apache/commons/io/Charsets.java,field,"org.apache.commons.io.Charsets#US_ASCII",ok,compiles,1,8.9,ok,compiles,1,9.3
commons-io-0091,commons-io,org/apache/commons/io/input/Tailer.java,method,"org.apache.commons.io.input.Tailer#stop()",ok,compiles,1,10.8,ok,compiles,1,10.7
commons-io-0092,commons-io,org/apache/commons/io/output/ThresholdingOutputStream.java,method,"org.apache.commons.io.output.ThresholdingOutputStream#ThresholdingOutputStream(int,IOConsumer<ThresholdingOutputStream>,IOFunction<ThresholdingOutputStream,OutputStream>)",ok,fails,3,11.2,ok,fails,3,10.8
commons-io-0093,commons-io,org/apache/commons/io/output/XmlStreamWriter.java,method,"org.apache.commons.io.output.XmlStreamWriter#XmlStreamWriter(File,String)",ok,compiles,1,10.1,ok,compiles,1,10.1
commons-io-0094,commons-io,org/apache/commons/io/input/BOMInputStream.java,method,"org.apache.commons.io.input.BOMInputStream#skip(long)",ok,compiles,2,8.8,ok,compiles,2,8.7
commons-io-0095,commons-io,org/apache/commons/io/input/QueueInputStream.java,field,"org.apache.commons.io.input.QueueInputStream.Builder#blockingQueue",ok,compiles,5,11.4,ok,compiles,5,10.8
commons-io-0096,commons-io,org/apache/commons/io/function/IOStream.java,method,"org.apache.commons.io.function.IOStream#max(IOComparator<?superT>)",ok,compiles,4,10.5,ok,compiles,4,10.7
commons-io-0097,commons-io,org/apache/commons/io/input/CharSequenceReader.java,method,"org.apache.commons.io.input.CharSequenceReader#read()",ok,compiles,2,10.6,ok,compiles,2,10.7
commons-io-0098,commons-io,org/apache/commons/io/file/CountingPathVisitor.java,method,"org.apache.commons.io.file.CountingPathVisitor#equals(Object)",ok,compiles,4,10.7,ok,compiles,4,11.7
commons-io-0099,commons-io,org/apache/commons/io/input/BOMInputStream.java,method,"org.apache.commons.io.input.BOMInputStream#BOMInputStream(InputStream)",ok,compiles,7,11.5,ok,compiles,7,12.0
commons-io-0100,commons-io,org/apache/commons/io/FileUtils.java,method,"org.apache.commons.io.FileUtils#isFileNewer(File,ChronoLocalDate,OffsetTime)",ok,compiles,1,10.4,ok,compiles,1,10.5
commons-io-0101,commons-io,org/apache/commons/io/FileUtils.java,method,"org.apache.commons.io.FileUtils#readFileToString(File,Charset)",ok,fails,4,10.2,ok,fails,4,10.5
commons-io-0102,commons-io,org/apache/commons/io/filefilter/AbstractFileFilter.java,field,"org.apache.commons.io.filefilter.AbstractFileFilter#onReject",ok,compiles,4,11.3,ok,compiles,4,11.0
commons-io-0103,commons-io,org/apache/commons/io/ByteOrderMark.java,field,"org.apache.commons.io.ByteOrderMark#UTF_32BE",ok,compiles,1,9.3,ok,compiles,1,9.7
commons-io-0104,commons-io,org/apache/commons/io/input/XmlStreamReader.java,field,"org.apache.commons.io.input.XmlStreamReader#CHARSET_PATTERN",ok,compiles,1,11.4,ok,compiles,1,11.5
commons-io-0105,commons-io,org/apache/commons/io/output/DeferredFileOutputStream.java,method,"org.apache.commons.io.output.DeferredFileOutputStream#toPath(File,Supplier<Path>)",ok,compiles,2,10.7,ok,compiles,2,11.0
commons-io-0106,commons-io,org/apache/commons/io/monitor/FileAlterationObserver.java,method,"org.apache.commons.io.monitor.FileAlterationObserver#listFiles(File)",ok,compiles,2,10.5,ok,compiles,2,10.3
commons-io-0107,commons-io,org/apache/commons/io/input/BOMInputStream.java,method,"org.apache.commons.io.input.BOMInputStream#find()",ok,compiles,3,10.7,ok,compiles,3,10.6
commons-io-0108,commons-io,org/apache/commons/io/build/AbstractOrigin.java,method,"org.apache.commons.io.build.AbstractOrigin.OutputStreamOrigin#getChannel(OpenOption...)",ok,compiles,3,10.6,ok,compiles,3,10.9
commons-io-0109,commons-io,org/apache/commons/io/output/UncheckedAppendableImpl.java,field,"org.apache.commons.io.output.UncheckedAppendableImpl#appendable",ok,compiles,2,10.2,ok,compiles,2,10.2
commons-io-0110,commons-io,org/apache/commons/io/input/BufferedFileChannelInputStream.java,method,"org.apache.commons.io.input.BufferedFileChannelInputStream#read(byte[],int,int)",ok,compiles,3,11.6,ok,compiles,3,12.6
commons-io-0111,commons-io,org/apache/commons/io/IOUtils.java,method,"org.apache.commons.io.IOUtils#toBufferedInputStream(InputStream)",ok,compiles,3,11.7,ok,compiles,3,12.1
commons-io-0112,commons-io,org/apache/commons/io/FileUtils.java,method,"org.apache.commons.io.FileUtils#getTempDirectoryPath()",ok,compiles,1,10.5,ok,compiles,1,11.2
commons-io-0113,commons-io,org/apache/commons/io/output/ProxyWriter.java,method,"org.apache.commons.io.output.ProxyWriter#append(CharSequence)",ok,compiles,2,10.0,ok,compiles,2,10.3
commons-io-0114,commons-io,org/apache/commons/io/input/ByteBufferCleaner.java,method,"org.apache.commons.io.input.ByteBufferCleaner.Java8Cleaner#clean(ByteBuffer)",ok,compiles,1,11.8,ok,compiles,1,11.5
commons-io-0115,commons-io,org/apache/commons/io/input/CountingInputStream.java,method,"org.apache.commons.io.input.CountingInputStream#resetByteCount()",ok,compiles,2,11.3,ok,compiles,2,11.0
commons-io-0116,commons-io,org/apache/commons/io/UncheckedIOExceptions.java,method,"org.apache.commons.io.UncheckedIOExceptions#UncheckedIOExceptions()",ok,compiles,1,9.2,ok,compiles,1,8.9
commons-io-0117,commons-io,org/apache/commons/io/comparator/NameFileComparator.java,method,"org.apache.commons.io.comparator.NameFileComparator#compare(File,File)",ok,compiles,3,10.5,ok,compiles,3,10.8
commons-io-0118,commons-io,org/apache/commons/io/comparator/DirectoryFileComparator.java,field,"org.apache.commons.io.comparator.DirectoryFileComparator#TYPE_FILE",ok,compiles,2,8.9,ok,compiles,2,8.9
commons-io-0119,commons-io,org/apache/commons/io/input/TeeReader.java,method,"org.apache.commons.io.input.TeeReader#TeeReader(Reader,Writer,boolean)",ok,compiles,2,8.4,ok,compiles,2,8.9
commons-io-0120,commons-io,org/apache/commons/io/output/DeferredFileOutputStream.java,method,"org.apache.commons.io.output.DeferredFileOutputStream.Builder#setDirectory(File)",ok,compiles,6,11.7,ok,compiles,6,11.9
commons-io-0121,commons-io,org/apache/commons/io/input/Tailer.java,method,"org.apache.commons.io.input.Tailer#getTailable()",ok,compiles,1,10.9,ok,compiles,1,10.4
commons-io-0122,commons-io,org/apache/commons/io/filefilter/MagicNumberFileFilter.java,method,"org.apache.commons.io.filefilter.MagicNumberFileFilter#accept(Path,BasicFileAttributes)",ok,compiles,5,13.8,ok,compiles,5,13.1
commons-io-0123,commons-io,org/apache/commons/io/input/ThrottledInputStream.java,method,"org.apache.commons.io.input.ThrottledInputStream.Builder#setMaxBytes(long,ChronoUnit)",ok,compiles,7,12.5,ok,compiles,7,12.1
commons-io-0124,commons-io,org/apache/commons/io/input/XmlStreamReaderException.java,method,"org.apache.commons.io.input.XmlStreamReaderException#getBomEncoding()",ok,compiles,1,11.2,ok,compiles,1,11.8
commons-io-0125,commons-io,org/apache/commons/io/input/ProxyInputStream.java,method,"org.apache.commons.io.input.ProxyInputStream#close()",ok,fails,3,10.5,ok,fails,3,11.1
commons-io-0126,commons-io,org/apache/commons/io/monitor/FileAlterationObserver.java,field,"org.apache.commons.io.monitor.FileAlterationObserver.Builder#maxDepth",ok,compiles,4,11.1,ok,compiles,4,11.0
commons-io-0127,commons-io,org/apache/commons/io/function/IOStream.java,method,"org.apache.commons.io.function.IOStream#collect(IOSupplier<R>,IOBiConsumer<R,?superT>,IOBiConsumer<R,R>)",ok,compiles,5,10.6,ok,compiles,5,10.5
commons-io-0128,commons-io,org/apache/commons/io/input/MarkShieldInputStream.java,method,"org.apache.commons.io.input.MarkShieldInputStream#MarkShieldInputStream(InputStream)",ok,compiles,2,9.4,ok,compiles,2,9.0
commons-io-0129,commons-io,org/apache/commons/io/input/BoundedInputStream.java,method,"org.apache.commons.io.input.BoundedInputStream.AbstractBuilder#setPropagateClose(boolean)",ok,compiles,6,12.2,ok,compiles,6,12.5
commons-io-0130,commons-io,org/apache/commons/io/output/BrokenWriter.java,method,"org.apache.commons.io.output.BrokenWriter#flush()",ok,compiles,1,11.1,ok,compiles,1,11.6
commons-io-0131,commons-io,org/apache/commons/io/channels/FilterWritableByteChannel.java,method,"org.apache.commons.io.channels.FilterWritableByteChannel#write(ByteBuffer)",ok,compiles,2,10.5,ok,compiles,2,11.2
commons-io-0132,commons-io,org/apache/commons/io/input/CharSequenceReader.java,field,"org.apache.commons.io.input.CharSequenceReader#idx",ok,compiles,1,9.6,ok,compiles,1,8.5
commons-io-0133,commons-io,org/apache/commons/io/FileExistsException.java,method,"org.apache.commons.io.FileExistsException#FileExistsException(File)",ok,compiles,1,8.1,ok,compiles,1,7.6
commons-io-0134,commons-io,org/apache/commons/io/input/AutoCloseInputStream.java,method,"org.apache.commons.io.input.AutoCloseInputStream#finalize()",ok,compiles,2,11.0,ok,compiles,2,10.6
commons-io-0135,commons-io,org/apache/commons/io/output/TaggedWriter.java,field,"org.apache.commons.io.output.TaggedWriter#tag",ok,compiles,2,10.6,ok,compiles,2,10.6
commons-io-0136,commons-io,org/apache/commons/io/channels/FilterWritableByteChannel.java,method,"org.apache.commons.io.channels.FilterWritableByteChannel#forWritableByteChannel()",ok,compiles,6,11.1,ok,compiles,6,10.9
commons-io-0137,commons-io,org/apache/commons/io/IORandomAccessFile.java,method,"org.apache.commons.io.IORandomAccessFile#getMode()",ok,fails,1,10.3,ok,fails,1,10.4
commons-io-0138,commons-io,org/apache/commons/io/file/CountingPathVisitor.java,method,"org.apache.commons.io.file.CountingPathVisitor#accept(Path,BasicFileAttributes)",ok,compiles,4,10.3,ok,compiles,4,10.6
commons-io-0139,commons-io,org/apache/commons/io/IOUtils.java,method,"org.apache.commons.io.IOUtils#copy(InputStream,Writer)",ok,compiles,1,9.9,ok,compiles,1,9.6
commons-io-0140,commons-io,org/apache/commons/io/DirectoryWalker.java,method,"org.apache.commons.io.DirectoryWalker#DirectoryWalker()",ok,compiles,1,9.2,ok,compiles,1,8.4
commons-io-0141,commons-io,org/apache/commons/io/FilenameUtils.java,method,"org.apache.commons.io.FilenameUtils#getPathNoEndSeparator(String)",ok,compiles,1,9.8,ok,compiles,1,8.9
commons-io-0142,commons-io,org/apache/commons/io/TaggedIOException.java,method,"org.apache.commons.io.TaggedIOException#getTag()",ok,compiles,2,9.6,ok,compiles,2,8.9
commons-io-0143,commons-io,org/apache/commons/io/filefilter/NotFileFilter.java,method,"org.apache.commons.io.filefilter.NotFileFilter#accept(Path,BasicFileAttributes)",ok,compiles,5,12.7,ok,compiles,5,12.7
commons-io-0144,commons-io,org/apache/commons/io/monitor/FileEntry.java,method,"org.apache.commons.io.monitor.FileEntry#setLength(long)",ok,compiles,1,7.1,ok,compiles,1,7.7
commons-io-0145,commons-io,org/apache/commons/io/filefilter/FalseFileFilter.java,field,"org.apache.commons.io.filefilter.FalseFileFilter#serialVersionUID",ok,compiles,3,9.9,ok,compiles,3,11.1
commons-io-0146,commons-io,org/apache/commons/io/file/FilesUncheck.java,method,"org.apache.commons.io.file.FilesUncheck#newDirectoryStream(Path,String)",ok,fails,3,10.0,ok,fails,3,11.3
commons-io-0147,commons-io,org/apache/commons/io/FileSystem.java,method,"org.apache.commons.io.FileSystem#toLegalFileName(String,char)",ok,compiles,1,9.0,ok,compiles,1,10.5
commons-io-0148,commons-io,org/apache/commons/io/file/CleaningPathVisitor.java,method,"org.apache.commons.io.file.CleaningPathVisitor#CleaningPathVisitor(PathCounters,String)",ok,compiles,7,10.2,ok,compiles,7,10.5
commons-io-0149,commons-io,org/apache/commons/io/output/AbstractByteArrayOutputStream.java,method,"org.apache.commons.io.output.AbstractByteArrayOutputStream#toInputStream(InputStreamConstructor<S>)",ok,compiles,2,10.9,ok,compiles,2,9.6
commons-io-0150,commons-io,org/apache/commons/io/output/UncheckedFilterOutputStream.java,method,"org.apache.commons.io.output.UncheckedFilterOutputStream.Builder#get()",ok,compiles,5,11.5,ok,compiles,5,10.2
commons-lang-0001,commons-lang,org/apache/commons/lang3/LocaleUtils.java,method,"org.apache.commons.lang3.LocaleUtils#availableLocaleList(Predicate<Locale>)",ok,compiles,1,3.9,ok,compiles,1,4.9
commons-lang-0002,commons-lang,org/apache/commons/lang3/time/DateFormatUtils.java,method,"org.apache.commons.lang3.time.DateFormatUtils#format(long,String)",ok,compiles,1,7.3,ok,compiles,1,7.9
commons-lang-0003,commons-lang,org/apache/commons/lang3/SerializableObject.java,field,"org.apache.commons.lang3.SerializableObject#serialVersionUID",ok,compiles,1,6.4,ok,compiles,1,6.7
commons-lang-0004,commons-lang,org/apache/commons/lang3/SystemProperties.java,field,"org.apache.commons.lang3.SystemProperties#JAVA_UTIL_LOGGING_SIMPLE_FORMATTER_FORMAT",ok,compiles,1,7.5,ok,compiles,1,8.0
commons-lang-0005,commons-lang,org/apache/commons/lang3/time/FastDateParser.java,field,"org.apache.commons.lang3.time.FastDateParser.TimeZoneStrategy#ID",ok,compiles,2,7.3,ok,compiles,2,7.9
commons-lang-0006,commons-lang,org/apache/commons/lang3/builder/ToStringStyle.java,method,"org.apache.commons.lang3.builder.ToStringStyle#append(StringBuffer,String,float[],Boolean)",ok,fails,1,8.2,ok,fails,1,9.2
commons-lang-0007,commons-lang,org/apache/commons/lang3/SystemProperties.java,field,"org.apache.commons.lang3.SystemProperties#JAVA_UTIL_CONCURRENT_FORK_JOIN_POOL_COMMON_THREAD_FACTORY",ok,compiles,1,7.8,ok,compiles,1,9.1
commons-lang-0008,commons-lang,org/apache/commons/lang3/StringUtils.java,method,"org.apache.commons.lang3.StringUtils#contains(CharSequence,CharSequence)",ok,compiles,2,8.7,ok,compiles,2,8.5
commons-lang-0009,commons-lang,org/apache/commons/lang3/ArrayUtils.java,method,"org.apache.commons.lang3.ArrayUtils#swap(short[],int,int,int)",ok,compiles,1,9.2,ok,compiles,1,9.4
commons-lang-0010,commons-lang,org/apache/commons/lang3/CharRange.java,method,"org.apache.commons.lang3.CharRange#getStart()",ok,compiles,1,8.9,ok,compiles,1,8.4
commons-lang-0011,commons-lang,org/apache/commons/lang3/ClassUtils.java,method,"org.apache.commons.lang3.ClassUtils#isAssignable(Class<?>,Class<?>,boolean)",ok,compiles,1,8.9,ok,compiles,1,8.3
commons-lang-0012,commons-lang,org/apache/commons/lang3/time/FastDatePrinter.java,method,"org.apache.commons.lang3.time.FastDatePrinter.TwentyFourHourField#appendTo(Appendable,int)",ok,compiles,2,9.7,ok,compiles,2,9.2
commons-lang-0013,commons-lang,org/apache/commons/lang3/concurrent/locks/LockingVisitors.java,method,"org.apache.commons.lang3.concurrent.locks.LockingVisitors.LockVisitor.LVBuilder#LVBuilder()",ok,compiles,3,9.6,ok,compiles,3,9.4
commons-lang-0014,commons-lang,org/apache/commons/lang3/mutable/MutableFloat.java,method,"org.apache.commons.lang3.mutable.MutableFloat#MutableFloat(float)",ok,compiles,2,8.6,ok,compiles,2,9.0
commons-lang-0015,commons-lang,org/apache/commons/lang3/ClassUtils.java,field,"org.apache.commons.lang3.ClassUtils#ABBREVIATION_MAP",ok,compiles,1,8.4,ok,compiles,1,9.0
commons-lang-0016,commons-lang,org/apache/commons/lang3/function/FailableDoubleConsumer.java,method,"org.apache.commons.lang3.function.FailableDoubleConsumer#accept(double)",ok,compiles,1,8.3,ok,compiles,1,8.6
commons-lang-0017,commons-lang,org/apache/commons/lang3/builder/ReflectionDiffBuilder.java,method,"org.apache.commons.lang3.builder.ReflectionDiffBuilder#getExcludeFieldNames()",ok,compiles,6,8.4,ok,compiles,6,8.4
commons-lang-0018,commons-lang,org/apache/commons/lang3/time/DateUtils.java,method,"org.apache.commons.lang3.time.DateUtils#truncatedCompareTo(Date,Date,int)",ok,compiles,1,9.8,ok,compiles,1,8.4
commons-lang-0019,commons-lang,org/apache/commons/lang3/text/StrBuilder.java,method,"org.apache.commons.lang3.text.StrBuilder#getNewLineText()",ok,compiles,2,9.9,ok,compiles,2,9.6
commons-lang-0020,commons-lang,org/apache/commons/lang3/time/FastDateParser.java,field,"org.apache.commons.lang3.time.FastDateParser#WEEK_OF_MONTH_STRATEGY",ok,compiles,2,8.3,ok,compiles,2,9.1
commons-lang-0021,commons-lang,org/apache/commons/lang3/time/StopWatch.java,method,"org.apache.commons.lang3.time.StopWatch#isStopped()",ok,fails,1,6.5,ok,fails,1,7.1
commons-lang-0022,commons-lang,org/apache/commons/lang3/function/FailableLongUnaryOperator.java,method,"org.apache.commons.lang3.function.FailableLongUnaryOperator#applyAsLong(long)",ok,compiles,1,9.3,ok,compiles,1,7.7
commons-lang-0023,commons-lang,org/apache/commons/lang3/reflect/TypeUtils.java,method,"org.apache.commons.lang3.reflect.TypeUtils#isAssignable(Type,Type)",ok,compiles,1,9.4,ok,compiles,1,7.7
commons-lang-0024,commons-lang,org/apache/commons/lang3/SystemProperties.java,field,"org.apache.commons.lang3.SystemProperties#SUN_NET_HTTP_SERVER_IDLE_INTERVAL",ok,compiles,1,9.1,ok,compiles,1,7.9
commons-lang-0025,commons-lang,org/apache/commons/lang3/util/FluentBitSet.java,method,"org.apache.commons.lang3.util.FluentBitSet#andNot(BitSet)",ok,compiles,1,8.1,ok,compiles,1,7.9
commons-lang-0026,commons-lang,org/apache/commons/lang3/time/StopWatch.java,method,"org.apache.commons.lang3.time.StopWatch#getDuration()",ok,compiles,1,5.9,ok,compiles,1,5.8
commons-lang-0027,commons-lang,org/apache/commons/lang3/SystemProperties.java,method,"org.apache.commons.lang3.SystemProperties#getBoolean(Class<?>,String,BooleanSupplier)",ok,compiles,1,7.5,ok,compiles,1,8.7
commons-lang-0028,commons-lang,org/apache/commons/lang3/builder/StandardToStringStyle.java,method,"org.apache.commons.lang3.builder.StandardToStringStyle#setContentEnd(String)",ok,compiles,2,8.1,ok,compiles,2,9.9
commons-lang-0029,commons-lang,org/apache/commons/lang3/ArrayUtils.java,method,"org.apache.commons.lang3.ArrayUtils#shuffle(byte[])",ok,compiles,1,8.0,ok,compiles,1,9.0
commons-lang-0030,commons-lang,org/apache/commons/lang3/ArrayUtils.java,method,"org.apache.commons.lang3.ArrayUtils#removeAllOccurences(char[],char)",ok,compiles,1,8.6,ok,compiles,1,10.0
commons-lang-0031,commons-lang,org/apache/commons/lang3/ClassUtils.java,method,"org.apache.commons.lang3.ClassUtils#useFull(int,int,int,int)",ok,compiles,1,7.3,ok,compiles,1,7.8
commons-lang-0032,commons-lang,org/apache/commons/lang3/math/NumberUtils.java,method,"org.apache.commons.lang3.math.NumberUtils#min(double...)",ok,compiles,1,9.3,ok,compiles,1,10.4
commons-lang-0033,commons-lang,org/apache/commons/lang3/time/DateFormatUtils.java,field,"org.apache.commons.lang3.time.DateFormatUtils#ISO_8601_EXTENDED_TIME_TIME_ZONE_FORMAT",ok,compiles,4,10.2,ok,compiles,4,12.1
commons-lang-0034,commons-lang,org/apache/commons/lang3/builder/CompareToBuilder.java,method,"org.apache.commons.lang3.builder.CompareToBuilder#CompareToBuilder()",ok,compiles,3,10.8,ok,compiles,3,12.2
commons-lang-0035,commons-lang,org/apache/commons/lang3/builder/StandardToStringStyle.java,method,"org.apache.commons.lang3.builder.StandardToStringStyle#setFieldSeparator(String)",ok,compiles,2,10.6,ok,compiles,2,12.6
commons-lang-0036,commons-lang,org/apache/commons/lang3/text/ExtendedMessageFormat.java,field,"org.apache.commons.lang3.text.ExtendedMessageFormat#toPattern",ok,compiles,1,11.4,ok,compiles,1,13.1
commons-lang-0037,commons-lang,org/apache/commons/lang3/text/StrMatcher.java,field,"org.apache.commons.lang3.text.StrMatcher.CharSetMatcher#chars",ok,compiles,1,11.1,ok,compiles,1,13.5
commons-lang-0038,commons-lang,org/apache/commons/lang3/RegExUtils.java,method,"org.apache.commons.lang3.RegExUtils#replaceAll(String,Pattern,String)",ok,compiles,1,12.2,ok,compiles,1,13.3
commons-lang-0039,commons-lang,org/apache/commons/lang3/RegExUtils.java,method,"org.apache.commons.lang3.RegExUtils#removeAll(CharSequence,Pattern)",ok,compiles,2,13.3,ok,compiles,2,15.5
commons-lang-0040,commons-lang,org/apache/commons/lang3/util/FluentBitSet.java,method,"org.apache.commons.lang3.util.FluentBitSet#equals(Object)",ok,compiles,1,13.6,ok,compiles,1,18.2
commons-lang-0041,commons-lang,org/apache/commons/lang3/ArrayUtils.java,method,"org.apache.commons.lang3.ArrayUtils#addAll(byte[],byte...)",ok,compiles,1,14.7,ok,compiles,1,18.7
commons-lang-0042,commons-lang,org/apache/commons/lang3/ThreadUtils.java,method,"org.apache.commons.lang3.ThreadUtils.NamePredicate#NamePredicate(String)",ok,fails,1,14.9,ok,fails,1,17.3
commons-lang-0043,commons-lang,org/apache/commons/lang3/concurrent/UncheckedFutureImpl.java,method,"org.apache.commons.lang3.concurrent.UncheckedFutureImpl#get(long,TimeUnit)",ok,compiles,7,18.1,ok,compiles,7,16.4
commons-lang-0044,commons-lang,org/apache/commons/lang3/ArchUtils.java,method,"org.apache.commons.lang3.ArchUtils#getProcessor()",ok,compiles,3,17.3,ok,compiles,3,16.4
commons-lang-0045,commons-lang,org/apache/commons/lang3/CharSetUtils.java,method,"org.apache.commons.lang3.CharSetUtils#modify(String,String[],boolean)",ok,compiles,2,15.9,ok,compiles,2,15.9
commons-lang-0046,commons-lang,org/apache/commons/lang3/Conversion.java,method,"org.apache.commons.lang3.Conversion#binaryToByte(boolean[],int,byte,int,int)",ok,compiles,1,16.8,ok,compiles,1,16.2
commons-lang-0047,commons-lang,org/apache/commons/lang3/ClassUtils.java,method,"org.apache.commons.lang3.ClassUtils#primitivesToWrappers(Class<?>...)",ok,compiles,2,17.4,ok,compiles,2,15.5
commons-lang-0048,commons-lang,org/apache/commons/lang3/concurrent/AbstractCircuitBreaker.java,method,"org.apache.commons.lang3.concurrent.AbstractCircuitBreaker#changeState(State)",ok,fails,2,16.8,ok,fails,2,17.2
commons-lang-0049,commons-lang,org/apache/commons/lang3/SystemProperties.java,field,"org.apache.commons.lang3.SystemProperties#JAVA_SPECIFICATION_MAINTENANCE_VERSION",ok,compiles,1,15.7,ok,compiles,1,15.8
commons-lang-0050,commons-lang,org/apache/commons/lang3/time/FastDatePrinter.java,method,"org.apache.commons.lang3.time.FastDatePrinter#format(long,B)",ok,compiles,2,17.1,ok,compiles,2,16.6
commons-lang-0051,commons-lang,org/apache/commons/lang3/text/translate/EntityArrays.java,method,"org.apache.commons.lang3.text.translate.EntityArrays#EntityArrays()",ok,compiles,1,16.9,ok,compiles,1,17.1
commons-lang-0052,commons-lang,org/apache/commons/lang3/concurrent/AtomicInitializer.java,method,"org.apache.commons.lang3.concurrent.AtomicInitializer.Builder#Builder()",ok,compiles,6,16.0,ok,compiles,6,16.4
commons-lang-0053,commons-lang,org/apache/commons/lang3/time/FastDatePrinter.java,method,"org.apache.commons.lang3.time.FastDatePrinter.TwentyFourHourField#TwentyFourHourField(NumberRule)",ok,compiles,2,14.6,ok,compiles,2,13.7
commons-lang-0054,commons-lang,org/apache/commons/lang3/exception/ExceptionUtils.java,method,"org.apache.commons.lang3.exception.ExceptionUtils#removeCommonFrames(List<String>,List<String>)",ok,compiles,1,16.5,ok,compiles,1,13.8
commons-lang-0055,commons-lang,org/apache/commons/lang3/concurrent/TimedSemaphore.java,method,"org.apache.commons.lang3.concurrent.TimedSemaphore#prepareAcquire()",ok,compiles,1,16.3,ok,compiles,1,13.9
commons-lang-0056,commons-lang,org/apache/commons/lang3/builder/ToStringStyle.java,field,"org.apache.commons.lang3.builder.ToStringStyle#summaryObjectEndText",ok,compiles,1,16.4,ok,compiles,1,13.5
commons-lang-0057,commons-lang,org/apache/commons/lang3/Functions.java,method,"org.apache.commons.lang3.Functions#stream(Stream<O>)",ok,compiles,2,13.6,ok,compiles,2,12.6
commons-lang-0058,commons-lang,org/apache/commons/lang3/reflect/TypeUtils.java,method,"org.apache.commons.lang3.reflect.TypeUtils#normalizeUpperBounds(Type[])",ok,compiles,2,13.8,ok,compiles,2,14.1
commons-lang-0059,commons-lang,org/apache/commons/lang3/function/Failable.java,method,"org.apache.commons.lang3.function.Failable#applyNonNull(T,FailableFunction<?superT,?extendsR,E>)",ok,compiles,2,12.5,ok,compiles,2,12.5
commons-lang-0060,commons-lang,org/apache/commons/lang3/Conversion.java,method,"org.apache.commons.lang3.Conversion#longToByteArray(long,int,byte[],int,int)",ok,compiles,1,12.8,ok,compiles,1,12.8
commons-lang-0061,commons-lang,org/apache/commons/lang3/math/NumberUtils.java,method,"org.apache.commons.lang3.math.NumberUtils#toScaledBigDecimal(Float)",ok,compiles,1,13.6,ok,compiles,1,13.1
commons-lang-0062,commons-lang,org/apache/commons/lang3/function/FailableDoublePredicate.java,method,"org.apache.commons.lang3.function.FailableDoublePredicate#test(double)",ok,compiles,1,13.6,ok,compiles,1,12.9
commons-lang-0063,commons-lang,org/apache/commons/lang3/reflect/Typed.java,method,"org.apache.commons.lang3.reflect.Typed#getType()",ok,compiles,1,13.5,ok,compiles,1,13.5
commons-lang-0064,commons-lang,org/apache/commons/lang3/ArrayUtils.java,method,"org.apache.commons.lang3.ArrayUtils#indexOf(double[],double)",ok,compiles,1,14.1,ok,compiles,1,13.6
commons-lang-0065,commons-lang,org/apache/commons/lang3/builder/ToStringStyle.java,method,"org.apache.commons.lang3.builder.ToStringStyle#appendDetail(StringBuffer,String,long[])",ok,compiles,1,13.8,ok,compiles,1,14.1
commons-lang-0066,commons-lang,org/apache/commons/lang3/time/FastDateFormat.java,field,"org.apache.commons.lang3.time.FastDateFormat#LONG",ok,compiles,3,14.2,ok,compiles,3,14.9
commons-lang-0067,commons-lang,org/apache/commons/lang3/text/translate/EntityArrays.java,field,"org.apache.commons.lang3.text.translate.EntityArrays#BASIC_ESCAPE",ok,compiles,1,13.6,ok,compiles,1,14.0
commons-lang-0068,commons-lang,org/apache/commons/lang3/SystemUtils.java,field,"org.apache.commons.lang3.SystemUtils#IS_OS_SOLARIS",ok,compiles,1,12.4,ok,compiles,1,13.4
commons-lang-0069,commons-lang,org/apache/commons/lang3/concurrent/MultiBackgroundInitializer.java,method,"org.apache.commons.lang3.concurrent.MultiBackgroundInitializer#getTaskCount()",ok,compiles,6,15.3,ok,compiles,6,15.2
commons-lang-0070,commons-lang,org/apache/commons/lang3/time/DateUtils.java,method,"org.apache.commons.lang3.time.DateUtils#set(Date,int,int)",ok,compiles,1,10.7,ok,compiles,1,12.4
commons-lang-0071,commons-lang,org/apache/commons/lang3/StringEscapeUtils.java,method,"org.apache.commons.lang3.StringEscapeUtils#escapeHtml4(String)",ok,compiles,2,13.6,ok,compiles,2,13.7
commons-lang-0072,commons-lang,org/apache/commons/lang3/time/DateFormatUtils.java,method,"org.apache.commons.lang3.time.DateFormatUtils#format(Calendar,String,Locale)",ok,compiles,1,14.9,ok,compiles,1,14.2
commons-lang-0073,commons-lang,org/apache/commons/lang3/StringUtils.java,method,"org.apache.commons.lang3.StringUtils#indexOfIgnoreCase(CharSequence,CharSequence,int)",ok,compiles,2,14.9,ok,compiles,2,14.4
commons-lang-0074,commons-lang,org/apache/commons/lang3/ArrayUtils.java,field,"org.apache.commons.lang3.ArrayUtils#EMPTY_CLASS_ARRAY",ok,compiles,1,14.6,ok,compiles,1,14.7
commons-lang-0075,commons-lang,org/apache/commons/lang3/concurrent/locks/LockingVisitors.java,method,"org.apache.commons.lang3.concurrent.locks.LockingVisitors.StampedLockVisitor#builder()",ok,compiles,3,15.6,ok,compiles,3,16.7
commons-lang-0076,commons-lang,org/apache/commons/lang3/stream/LangCollectors.java,method,"org.apache.commons.lang3.stream.LangCollectors.SimpleCollector#SimpleCollector(Supplier<A>,BiConsumer<A,T>,BinaryOperator<A>,Function<A,R>,Set<Characteristics>)",ok,compiles,1,14.5,ok,compiles,1,15.3
commons-lang-0077,commons-lang,org/apache/commons/lang3/exception/ContextedRuntimeException.java,field,"org.apache.commons.lang3.exception.ContextedRuntimeException#exceptionContext",ok,compiles,2,12.7,ok,compiles,2,14.8
commons-lang-0078,commons-lang,org/apache/commons/lang3/builder/EqualsBuilder.java,method,"org.apache.commons.lang3.builder.EqualsBuilder#append(float,float)",ok,compiles,3,15.0,ok,compiles,3,15.5
commons-lang-0079,commons-lang,org/apache/commons/lang3/text/StrSubstitutor.java,method,"org.apache.commons.lang3.text.StrSubstitutor#replaceIn(StringBuffer)",ok,compiles,1,14.5,ok,compiles,1,15.1
commons-lang-0080,commons-lang,org/apache/commons/lang3/Validate.java,method,"org.apache.commons.lang3.Validate#notNull(T,String,Object...)",ok,compiles,1,14.8,ok,compiles,1,15.1
commons-lang-0081,commons-lang,org/apache/commons/lang3/function/FailableLongFunction.java,method,"org.apache.commons.lang3.function.FailableLongFunction#apply(long)",ok,compiles,1,15.0,ok,compiles,1,15.3
commons-lang-0082,commons-lang,org/apache/commons/lang3/ArrayUtils.java,method,"org.apache.commons.lang3.ArrayUtils#add(float[],float)",ok,compiles,1,15.7,ok,compiles,1,15.9
commons-lang-0083,commons-lang,org/apache/commons/lang3/concurrent/BackgroundInitializer.java,method,"org.apache.commons.lang3.concurrent.BackgroundInitializer.Builder#get()",ok,compiles,7,16.5,ok,compiles,7,16.3
commons-lang-0084,commons-lang,org/apache/commons/lang3/mutable/MutableFloat.java,method,"org.apache.commons.lang3.mutable.MutableFloat#getValue()",ok,compiles,2,14.6,ok,compiles,2,14.9
commons-lang-0085,commons-lang,org/apache/commons/lang3/SystemProperties.java,method,"org.apache.commons.lang3.SystemProperties#getJavaLibraryPath()",ok,compiles,1,14.6,ok,compiles,1,14.6
commons-lang-0086,commons-lang,org/apache/commons/lang3/tuple/MutableTriple.java,method,"org.apache.commons.lang3.tuple.MutableTriple#getLeft()",ok,compiles,2,15.8,ok,compiles,2,16.6
commons-lang-0087,commons-lang,org/apache/commons/lang3/tuple/ImmutablePair.java,method,"org.apache.commons.lang3.tuple.ImmutablePair#ofNonNull(L,R)",ok,compiles,2,14.8,ok,compiles,2,20.0
commons-lang-0088,commons-lang,org/apache/commons/lang3/StringUtils.java,method,"org.apache.commons.lang3.StringUtils#mid(String,int,int)",ok,compiles,1,16.8,ok,compiles,1,20.6
commons-lang-0089,commons-lang,org/apache/commons/lang3/Validate.java,method,"org.apache.commons.lang3.Validate#isTrue(boolean,String,double)",ok,compiles,1,16.7,ok,compiles,1,17.2
commons-lang-0090,commons-lang,org/apache/commons/lang3/Validate.java,method,"org.apache.commons.lang3.Validate#exclusiveBetween(double,double,double,String)",ok,compiles,1,17.2,ok,compiles,1,16.4
commons-lang-0091,commons-lang,org/apache/commons/lang3/BitField.java,method,"org.apache.commons.lang3.BitField#setShortBoolean(short,boolean)",ok,compiles,1,14.2,ok,compiles,1,13.8
commons-lang-0092,commons-lang,org/apache/commons/lang3/Validate.java,method,"org.apache.commons.lang3.Validate#isTrue(boolean,Supplier<String>)",ok,compiles,1,20.9,ok,compiles,1,14.2
commons-lang-0093,commons-lang,org/apache/commons/lang3/builder/ToStringBuilder.java,method,"org.apache.commons.lang3.builder.ToStringBuilder#append(int[])",ok,compiles,4,15.4,ok,fails,4,19.0
commons-lang-0094,commons-lang,org/apache/commons/lang3/StringEscapeUtils.java,method,"org.apache.commons.lang3.StringEscapeUtils#StringEscapeUtils()",ok,compiles,1,14.2,ok,compiles,1,18.7
commons-lang-0095,commons-lang,org/apache/commons/lang3/function/MethodInvokers.java,method,"org.apache.commons.lang3.function.MethodInvokers#asSupplier(Method)",ok,compiles,1,15.4,ok,compiles,1,20.2
commons-lang-0096,commons-lang,org/apache/commons/lang3/ArrayUtils.java,method,"org.apache.commons.lang3.ArrayUtils#swap(Object[],int,int)",ok,compiles,1,16.3,ok,compiles,1,21.2
commons-lang-0097,commons-lang,org/apache/commons/lang3/CharSetUtils.java,method,"org.apache.commons.lang3.CharSetUtils#CharSetUtils()",ok,compiles,1,17.4,ok,compiles,1,19.5
commons-lang-0098,commons-lang,org/apache/commons/lang3/builder/ToStringBuilder.java,method,"org.apache.commons.lang3.builder.ToStringBuilder#ToStringBuilder(Object)",ok,compiles,4,20.3,ok,compiles,4,23.1
commons-lang-0099,commons-lang,org/apache/commons/lang3/SystemProperties.java,field,"org.apache.commons.lang3.SystemProperties#ORG_OPENJDK_JAVA_UTIL_STREAM_TRIPWIRE",ok,compiles,1,22.2,ok,compiles,1,19.1
commons-lang-0100,commons-lang,org/apache/commons/lang3/SystemProperties.java,method,"org.apache.commons.lang3.SystemProperties#getJavaSystemClassLoader()",ok,compiles,1,21.8,ok,compiles,1,20.1
commons-lang-0101,commons-lang,org/apache/commons/lang3/text/StrTokenizer.java,method,"org.apache.commons.lang3.text.StrTokenizer#setTrimmerMatcher(StrMatcher)",ok,compiles,2,24.1,ok,compiles,2,25.3
commons-lang-0102,commons-lang,org/apache/commons/lang3/time/FastDatePrinter.java,method,"org.apache.commons.lang3.time.FastDatePrinter#format(long)",ok,compiles,2,23.0,ok,compiles,2,25.5
commons-lang-0103,commons-lang,org/apache/commons/lang3/mutable/MutableByte.java,method,"org.apache.commons.lang3.mutable.MutableByte#add(Number)",ok,compiles,2,20.7,ok,compiles,2,23.5
commons-lang-0104,commons-lang,org/apache/commons/lang3/StringUtils.java,method,"org.apache.commons.lang3.StringUtils#join(long[],char)",ok,compiles,1,21.2,ok,compiles,1,19.9
commons-lang-0105,commons-lang,org/apache/commons/lang3/text/StrMatcher.java,method,"org.apache.commons.lang3.text.StrMatcher#quoteMatcher()",ok,compiles,1,23.1,ok,compiles,1,20.9
commons-lang-0106,commons-lang,org/apache/commons/lang3/SystemProperties.java,field,"org.apache.commons.lang3.SystemProperties#JAVA_RMI_SERVER_CODEBASE",ok,compiles,1,21.6,ok,compiles,1,21.9
commons-lang-0107,commons-lang,org/apache/commons/lang3/time/DurationFormatUtils.java,method,"org.apache.commons.lang3.time.DurationFormatUtils#formatDuration(long,String,boolean)",ok,compiles,3,21.7,ok,compiles,3,20.4
commons-lang-0108,commons-lang,org/apache/commons/lang3/stream/Streams.java,method,"org.apache.commons.lang3.stream.Streams.ArrayCollector#finisher()",ok,compiles,2,20.4,ok,compiles,2,19.4
commons-lang-0109,commons-lang,org/apache/commons/lang3/function/FailableIntPredicate.java,method,"org.apache.commons.lang3.function.FailableIntPredicate#test(int)",ok,compiles,1,21.6,ok,compiles,1,19.9
commons-lang-0110,commons-lang,org/apache/commons/lang3/concurrent/MultiBackgroundInitializer.java,field,"org.apache.commons.lang3.concurrent.MultiBackgroundInitializer.MultiBackgroundInitializerResults#resultObjects",ok,compiles,6,20.2,ok,compiles,6,20.3
commons-lang-0111,commons-lang,org/apache/commons/lang3/util/IterableStringTokenizer.java,method,"org.apache.commons.lang3.util.IterableStringTokenizer#toList()",ok,compiles,1,19.8,ok,compiles,1,15.9
commons-lang-0112,commons-lang,org/apache/commons/lang3/SerializationUtils.java,method,"org.apache.commons.lang3.SerializationUtils#deserialize(InputStream)",ok,compiles,2,20.7,ok,compiles,2,17.7
commons-lang-0113,commons-lang,org/apache/commons/lang3/concurrent/ConcurrentUtils.java,method,"org.apache.commons.lang3.concurrent.ConcurrentUtils#extractCauseUnchecked(ExecutionException)",ok,compiles,3,16.7,ok,compiles,3,20.8
commons-lang-0114,commons-lang,org/apache/commons/lang3/builder/AbstractReflection.java,method,"org.apache.commons.lang3.builder.AbstractReflection#isRegistered(Object,Object,Set<Pair<IDKey,IDKey>>)",ok,compiles,3,17.9,ok,compiles,3,20.7
commons-lang-0115,commons-lang,org/apache/commons/lang3/StringUtils.java,field,"org.apache.commons.lang3.StringUtils#NULL",ok,compiles,1,16.7,ok,compiles,1,18.7
commons-lang-0116,commons-lang,org/apache/commons/lang3/time/GmtTimeZone.java,method,"org.apache.commons.lang3.time.GmtTimeZone#getID()",ok,compiles,1,18.1,ok,compiles,1,21.9
commons-lang-0117,commons-lang,org/apache/commons/lang3/builder/HashCodeBuilder.java,method,"org.apache.commons.lang3.builder.HashCodeBuilder#append(float)",ok,compiles,3,22.3,ok,compiles,3,21.5
commons-lang-0118,commons-lang,org/apache/commons/lang3/RandomUtils.java,method,"org.apache.commons.lang3.RandomUtils#nextLong(long,long)",ok,compiles,1,21.9,ok,compiles,1,21.7
commons-lang-0119,commons-lang,org/apache/commons/lang3/SystemProperties.java,field,"org.apache.commons.lang3.SystemProperties#JDK_XML_MAX_PARAMETER_ENTITY_SIZE_LIMIT",ok,compiles,1,20.0,ok,compiles,1,19.8
commons-lang-0120,commons-lang,org/apache/commons/lang3/SystemProperties.java,field,"org.apache.commons.lang3.SystemProperties#JDK_HTTP_CLIENT_MAX_STREAMS",ok,compiles,1,19.2,ok,compiles,1,19.1
commons-lang-0121,commons-lang,org/apache/commons/lang3/mutable/MutableDouble.java,method,"org.apache.commons.lang3.mutable.MutableDouble#isNaN()",ok,compiles,2,20.4,ok,compiles,2,17.6
commons-lang-0122,commons-lang,org/apache/commons/lang3/text/translate/EntityArrays.java,method,"org.apache.commons.lang3.text.translate.EntityArrays#HTML40_EXTENDED_UNESCAPE()",ok,compiles,1,22.0,ok,compiles,1,16.8
commons-lang-0123,commons-lang,org/apache/commons/lang3/ArrayUtils.java,method,"org.apache.commons.lang3.ArrayUtils#isSameLength(boolean[],boolean[])",ok,compiles,1,17.0,ok,compiles,1,18.2
commons-lang-0124,commons-lang,org/apache/commons/lang3/SystemUtils.java,field,"org.apache.commons.lang3.SystemUtils#IS_JAVA_1_3",ok,compiles,1,16.7,ok,compiles,1,17.6
commons-lang-0125,commons-lang,org/apache/commons/lang3/time/AbstractFormatCache.java,method,"org.apache.commons.lang3.time.AbstractFormatCache#getTimeInstance(int,TimeZone,Locale)",ok,compiles,1,18.5,ok,compiles,1,17.5
commons-lang-0126,commons-lang,org/apache/commons/lang3/builder/ReflectionDiffBuilder.java,method,"org.apache.commons.lang3.builder.ReflectionDiffBuilder#builder()",ok,compiles,6,19.4,ok,compiles,6,17.8
commons-lang-0127,commons-lang,org/apache/commons/lang3/text/StrBuilder.java,method,"org.apache.commons.lang3.text.StrBuilder#ensureCapacity(int)",ok,compiles,3,18.6,ok,compiles,3,18.7
commons-lang-0128,commons-lang,org/apache/commons/lang3/Validate.java,method,"org.apache.commons.lang3.Validate#isTrue(boolean,String,long)",ok,compiles,1,17.9,ok,compiles,1,15.1
commons-lang-0129,commons-lang,org/apache/commons/lang3/mutable/MutableLong.java,method,"org.apache.commons.lang3.mutable.MutableLong#MutableLong(Number)",ok,compiles,2,16.6,ok,compiles,2,16.3
commons-lang-0130,commons-lang,org/apache/commons/lang3/text/StrBuilder.java,field,"org.apache.commons.lang3.text.StrBuilder#CAPACITY",ok,compiles,2,16.7,ok,compiles,2,19.7
commons-lang-0131,commons-lang,org/apache/commons/lang3/SystemProperties.java,field,"org.apache.commons.lang3.SystemProperties#JAVA_IO_TMPDIR",ok,compiles,1,16.5,ok,compiles,1,19.2
commons-lang-0132,commons-lang,org/apache/commons/lang3/util/FluentBitSet.java,method,"org.apache.commons.lang3.util.FluentBitSet#clear()",ok,compiles,1,16.0,ok,compiles,1,20.5
commons-lang-0133,commons-lang,org/apache/commons/lang3/reflect/TypeUtils.java,method,"org.apache.commons.lang3.reflect.TypeUtils#equals(GenericArrayType,Type)",ok,compiles,1,16.5,ok,compiles,1,21.6
commons-lang-0134,commons-lang,org/apache/commons/lang3/concurrent/EventCountCircuitBreaker.java,method,"org.apache.commons.lang3.concurrent.EventCountCircuitBreaker.AbstractStateStrategy#fetchCheckInterval(EventCountCircuitBreaker)",ok,compiles,3,17.5,ok,compiles,3,21.9
commons-lang-0135,commons-lang,org/apache/commons/lang3/SystemProperties.java,field,"org.apache.commons.lang3.SystemProperties#JAVA_VM_VERSION",ok,compiles,1,21.5,ok,compiles,1,17.3
commons-lang-0136,commons-lang,org/apache/commons/lang3/stream/LangCollectors.java,method,"org.apache.commons.lang3.stream.LangCollectors#LangCollectors()",ok,compiles,1,17.0,ok,compiles,1,14.2
commons-lang-0137,commons-lang,org/apache/commons/lang3/CharSequenceUtils.java,field,"org.apache.commons.lang3.CharSequenceUtils#TO_STRING_LIMIT",ok,compiles,1,15.4,ok,compiles,1,13.9
commons-lang-0138,commons-lang,org/apache/commons/lang3/tuple/ImmutablePair.java,method,"org.apache.commons.lang3.tuple.ImmutablePair#nullPair()",ok,compiles,2,19.4,ok,compiles,2,16.9
commons-lang-0139,commons-lang,org/apache/commons/lang3/time/FastDatePrinter.java,field,"org.apache.commons.lang3.time.FastDatePrinter.PaddedNumberField#size",ok,compiles,2,18.6,ok,compiles,2,19.1
commons-lang-0140,commons-lang,org/apache/commons/lang3/builder/EqualsBuilder.java,method,"org.apache.commons.lang3.builder.EqualsBuilder#append(byte,byte)",ok,compiles,3,18.5,ok,compiles,3,19.8
commons-lang-0141,commons-lang,org/apache/commons/lang3/time/FastDateFormat.java,method,"org.apache.commons.lang3.time.FastDateFormat#format(Date,StringBuffer)",ok,compiles,4,24.8,ok,compiles,4,24.2
commons-lang-0142,commons-lang,org/apache/commons/lang3/time/DateUtils.java,method,"org.apache.commons.lang3.time.DateUtils.DateIterator#remove()",ok,compiles,1,18.7,ok,compiles,1,17.6
commons-lang-0143,commons-lang,org/apache/commons/lang3/math/NumberUtils.java,method,"org.apache.commons.lang3.math.NumberUtils#isZero(String,String)",ok,compiles,1,19.4,ok,compiles,1,19.4
commons-lang-0144,commons-lang,org/apache/commons/lang3/StringUtils.java,method,"org.apache.commons.lang3.StringUtils#center(String,int,char)",ok,compiles,1,19.3,ok,compiles,1,20.1
commons-lang-0145,commons-lang,org/apache/commons/lang3/builder/ToStringStyle.java,method,"org.apache.commons.lang3.builder.ToStringStyle#setUseShortClassName(boolean)",ok,compiles,1,17.6,ok,compiles,1,20.5
commons-lang-0146,commons-lang,org/apache/commons/lang3/Conversion.java,field,"org.apache.commons.lang3.Conversion#TTTF",ok,compiles,1,16.2,ok,compiles,1,16.0
commons-lang-0147,commons-lang,org/apache/commons/lang3/SystemUtils.java,field,"org.apache.commons.lang3.SystemUtils#IS_OS_MAC_OSX_SNOW_LEOPARD",ok,compiles,1,19.5,ok,compiles,1,16.8
commons-lang-0148,commons-lang,org/apache/commons/lang3/CharUtils.java,method,"org.apache.commons.lang3.CharUtils#toCharacterObject(String)",ok,compiles,2,20.3,ok,compiles,2,18.4
commons-lang-0149,commons-lang,org/apache/commons/lang3/util/FluentBitSet.java,method,"org.apache.commons.lang3.util.FluentBitSet#toLongArray()",ok,compiles,1,18.5,ok,compiles,1,18.0
commons-lang-0150,commons-lang,org/apache/commons/lang3/StringUtils.java,method,"org.apache.commons.lang3.StringUtils#isAsciiPrintable(CharSequence)",ok,compiles,2,17.4,ok,compiles,2,18.6
gson-0001,gson,com/google/gson/stream/JsonReader.java,method,"com.google.gson.stream.JsonReader#nextQuotedValue(char)",ok,compiles,3,4.2,ok,compiles,3,3.7
gson-0002,gson,com/google/gson/stream/JsonReader.java,method,"com.google.gson.stream.JsonReader#peek()",ok,fails,2,4.1,ok,fails,2,4.3
gson-0003,gson,com/google/gson/internal/bind/DefaultDateTypeAdapter.java,field,"com.google.gson.internal.bind.DefaultDateTypeAdapter#dateType",ok,compiles,2,4.3,ok,compiles,2,4.4
gson-0004,gson,com/google/gson/internal/Streams.java,method,"com.google.gson.internal.Streams.AppendableWriter#AppendableWriter(Appendable)",ok,compiles,1,3.8,ok,compiles,1,3.6
gson-0005,gson,com/google/gson/internal/Excluder.java,method,"com.google.gson.internal.Excluder#isValidUntil(Until)",ok,compiles,3,3.8,ok,compiles,3,4.0
gson-0006,gson,com/google/gson/internal/LinkedTreeMap.java,field,"com.google.gson.internal.LinkedTreeMap#entrySet",ok,compiles,1,4.1,ok,compiles,1,4.4
gson-0007,gson,com/google/gson/internal/NumberLimits.java,method,"com.google.gson.internal.NumberLimits#parseBigDecimal(String)",ok,compiles,1,3.8,ok,compiles,1,3.6
gson-0008,gson,com/google/gson/stream/JsonReader.java,field,"com.google.gson.stream.JsonReader#PEEKED_DOUBLE_QUOTED_NAME",ok,compiles,1,3.7,ok,compiles,1,3.6
gson-0009,gson,com/google/gson/internal/ObjectConstructor.java,method,"com.google.gson.internal.ObjectConstructor#construct()",ok,compiles,1,3.6,ok,compiles,1,3.7
gson-0010,gson,com/google/gson/stream/JsonReader.java,method,"com.google.gson.stream.JsonReader#nextString()",ok,fails,1,3.9,ok,fails,1,3.7
gson-0011,gson,com/google/gson/JsonArray.java,method,"com.google.gson.JsonArray#hashCode()",ok,compiles,2,3.5,ok,compiles,2,3.5
gson-0012,gson,com/google/gson/JsonStreamParser.java,method,"com.google.gson.JsonStreamParser#JsonStreamParser(String)",ok,compiles,3,3.0,ok,compiles,3,3.4
gson-0013,gson,com/google/gson/JsonPrimitive.java,method,"com.google.gson.JsonPrimitive#equals(Object)",ok,compiles,2,3.0,ok,compiles,2,3.4
gson-0014,gson,com/google/gson/stream/JsonWriter.java,field,"com.google.gson.stream.JsonWriter#deferredName",ok,compiles,1,3.1,ok,compiles,1,3.6
gson-0015,gson,com/google/gson/internal/NonNullElementWrapperList.java,method,"com.google.gson.internal.NonNullElementWrapperList#size()",ok,compiles,1,3.9,ok,compiles,1,3.1
gson-0016,gson,com/google/gson/internal/ReflectionAccessFilterHelper.java,method,"com.google.gson.internal.ReflectionAccessFilterHelper.AccessChecker#canAccess(AccessibleObject,Object)",ok,compiles,1,3.6,ok,compiles,1,3.6
gson-0017,gson,com/google/gson/JsonParseException.java,method,"com.google.gson.JsonParseException#JsonParseException(Throwable)",ok,compiles,1,3.3,ok,compiles,1,3.3
gson-0018,gson,com/google/gson/stream/JsonReader.java,field,"com.google.gson.stream.JsonReader#PEEKED_LONG",ok,compiles,1,2.9,ok,compiles,1,3.1
gson-0019,gson,com/google/gson/GsonBuilder.java,field,"com.google.gson.GsonBuilder#serializeSpecialFloatingPointValues",ok,compiles,1,3.1,ok,compiles,1,3.0
gson-0020,gson,com/google/gson/internal/bind/ReflectiveTypeAdapterFactory.java,field,"com.google.gson.internal.bind.ReflectiveTypeAdapterFactory.RecordAdapter#componentIndices",ok,compiles,3,4.3,ok,compiles,3,4.2
gson-0021,gson,com/google/gson/internal/bind/TypeAdapters.java,method,"com.google.gson.internal.bind.TypeAdapters.IntegerFieldsTypeAdapter#write(JsonWriter,T)",ok,compiles,4,4.3,ok,compiles,4,4.1
gson-0022,gson,com/google/gson/stream/JsonReader.java,field,"com.google.gson.stream.JsonReader#PEEKED_BUFFERED",ok,compiles,1,3.7,ok,compiles,1,3.5
gson-0023,gson,com/google/gson/internal/LinkedTreeMap.java,field,"com.google.gson.internal.LinkedTreeMap.Node#key",ok,compiles,1,3.7,ok,compiles,1,3.9
gson-0024,gson,com/google/gson/internal/LinkedTreeMap.java,method,"com.google.gson.internal.LinkedTreeMap.EntrySet#size()",ok,compiles,1,3.2,ok,compiles,1,3.2
gson-0025,gson,com/google/gson/JsonPrimitive.java,method,"com.google.gson.JsonPrimitive#hashOfDoubleValue(double)",ok,compiles,2,3.8,ok,compiles,2,1.8
gson-0026,gson,com/google/gson/internal/bind/ReflectiveTypeAdapterFactory.java,field,"com.google.gson.internal.bind.ReflectiveTypeAdapterFactory.Adapter#fieldsData",ok,compiles,3,4.1,ok,compiles,3,2.0
gson-0027,gson,com/google/gson/JsonArray.java,method,"com.google.gson.JsonArray#getAsBigInteger()",ok,compiles,2,2.3,ok,compiles,2,1.9
gson-0028,gson,com/google/gson/stream/JsonReader.java,method,"com.google.gson.stream.JsonReader#nextNull()",ok,compiles,1,2.4,ok,compiles,1,2.1
gson-0029,gson,com/google/gson/stream/JsonReader.java,method,"com.google.gson.stream.JsonReader#readEscapeCharacter()",ok,compiles,3,2.6,ok,compiles,3,2.2
gson-0030,gson,com/google/gson/internal/bind/ReflectiveTypeAdapterFactory.java,method,"com.google.gson.internal.bind.ReflectiveTypeAdapterFactory.RecordAdapter#readField(Object[],JsonReader,BoundField)",ok,compiles,6,2.6,ok,compiles,6,2.7
gson-0031,gson,com/google/gson/Gson.java,field,"com.google.gson.Gson#fieldNamingStrategy",ok,compiles,2,1.8,ok,compiles,2,1.8
gson-0032,gson,com/google/gson/GsonBuilder.java,field,"com.google.gson.GsonBuilder#dateStyle",ok,compiles,1,1.9,ok,compiles,1,1.8
gson-0033,gson,com/google/gson/internal/bind/JsonTreeReader.java,method,"com.google.gson.internal.bind.JsonTreeReader#nextDouble()",ok,compiles,7,2.5,ok,compiles,7,3.1
gson-0034,gson,com/google/gson/JsonArray.java,method,"com.google.gson.JsonArray#add(Boolean)",ok,compiles,4,1.8,ok,compiles,4,2.1
gson-0035,gson,com/google/gson/internal/GsonTypes.java,method,"com.google.gson.internal.GsonTypes#indexOf(Object[],Object)",ok,compiles,1,1.9,ok,compiles,1,2.3
gson-0036,gson,com/google/gson/internal/bind/JsonTreeWriter.java,method,"com.google.gson.internal.bind.JsonTreeWriter#value(double)",ok,compiles,5,2.3,ok,compiles,5,3.0
gson-0037,gson,com/google/gson/internal/GsonTypes.java,method,"com.google.gson.internal.GsonTypes.GenericArrayTypeImpl#toString()",ok,compiles,1,2.4,ok,compiles,1,3.0
gson-0038,gson,com/google/gson/internal/JavaVersion.java,method,"com.google.gson.internal.JavaVersion#getMajorJavaVersion()",ok,compiles,1,1.8,ok,compiles,1,2.5
gson-0039,gson,com/google/gson/TypeAdapter.java,method,"com.google.gson.TypeAdapter#write(JsonWriter,T)",ok,compiles,2,2.5,ok,compiles,2,2.6
gson-0040,gson,com/google/gson/internal/bind/EnumTypeAdapter.java,method,"com.google.gson.internal.bind.EnumTypeAdapter#calculateHashMapCapacity(int)",ok,compiles,2,3.1,ok,compiles,2,3.1
gson-0041,gson,com/google/gson/internal/sql/SqlTypesSupport.java,method,"com.google.gson.internal.sql.SqlTypesSupport#SqlTypesSupport()",ok,compiles,1,2.3,ok,compiles,1,2.6
gson-0042,gson,com/google/gson/stream/JsonWriter.java,method,"com.google.gson.stream.JsonWriter#isHtmlSafe()",ok,compiles,1,2.7,ok,compiles,1,2.6
gson-0043,gson,com/google/gson/JsonPrimitive.java,method,"com.google.gson.JsonPrimitive#getAsBoolean()",ok,compiles,2,2.8,ok,compiles,2,2.8
gson-0044,gson,com/google/gson/internal/GsonTypes.java,method,"com.google.gson.internal.GsonTypes.GenericArrayTypeImpl#getGenericComponentType()",ok,compiles,1,2.8,ok,compiles,1,2.8
gson-0045,gson,com/google/gson/internal/bind/JsonTreeReader.java,method,"com.google.gson.internal.bind.JsonTreeReader#popStack()",ok,compiles,3,3.2,ok,compiles,3,3.4
gson-0046,gson,com/google/gson/stream/JsonWriter.java,field,"com.google.gson.stream.JsonWriter#formattedColon",ok,compiles,1,2.6,ok,compiles,1,2.9
gson-0047,gson,com/google/gson/internal/bind/TreeTypeAdapter.java,method,"com.google.gson.internal.bind.TreeTypeAdapter#TreeTypeAdapter(JsonSerializer<T>,JsonDeserializer<T>,Gson,TypeToken<T>,TypeAdapterFactory)",ok,compiles,8,2.7,ok,compiles,8,3.2
gson-0048,gson,com/google/gson/stream/MalformedJsonException.java,field,"com.google.gson.stream.MalformedJsonException#serialVersionUID",ok,compiles,1,2.2,ok,compiles,1,1.6
gson-0049,gson,com/google/gson/internal/bind/DefaultDateTypeAdapter.java,method,"com.google.gson.internal.bind.DefaultDateTypeAdapter#deserializeToDate(JsonReader)",ok,compiles,6,3.7,ok,compiles,6,4.4
gson-0050,gson,com/google/gson/internal/GsonTypes.java,method,"com.google.gson.internal.GsonTypes.WildcardTypeImpl#hashCode()",ok,compiles,1,3.1,ok,compiles,1,3.8
gson-0051,gson,com/google/gson/JsonPrimitive.java,method,"com.google.gson.JsonPrimitive#getAsCharacter()",ok,compiles,2,2.8,ok,compiles,2,2.6
gson-0052,gson,com/google/gson/internal/bind/TypeAdapters.java,method,"com.google.gson.internal.bind.TypeAdapters#TypeAdapters()",ok,compiles,1,4.2,ok,compiles,1,3.8
gson-0053,gson,com/google/gson/JsonObject.java,method,"com.google.gson.JsonObject#get(String)",ok,compiles,3,4.1,ok,compiles,3,3.8
gson-0054,gson,com/google/gson/stream/JsonReader.java,method,"com.google.gson.stream.JsonReader#unexpectedTokenError(String)",ok,compiles,3,2.9,ok,compiles,3,3.1
gson-0055,gson,com/google/gson/internal/bind/JsonTreeWriter.java,method,"com.google.gson.internal.bind.JsonTreeWriter#value(float)",ok,compiles,5,4.1,ok,compiles,5,4.3
gson-0056,gson,com/google/gson/GsonBuilder.java,field,"com.google.gson.GsonBuilder#DEFAULT_CONSTRUCTOR_CONSTRUCTOR",ok,compiles,4,3.1,ok,compiles,4,3.4
gson-0057,gson,com/google/gson/Gson.java,field,"com.google.gson.Gson#serializeNulls",ok,compiles,1,2.2,ok,compiles,1,2.7
gson-0058,gson,com/google/gson/internal/GsonTypes.java,field,"com.google.gson.internal.GsonTypes.WildcardTypeImpl#upperBound",ok,compiles,1,2.7,ok,compiles,1,2.8
gson-0059,gson,com/google/gson/internal/LinkedTreeMap.java,field,"com.google.gson.internal.LinkedTreeMap.Node#height",ok,compiles,1,3.8,ok,compiles,1,4.2
gson-0060,gson,com/google/gson/internal/GsonTypes.java,method,"com.google.gson.internal.GsonTypes#GsonTypes()",ok,compiles,1,3.1,ok,compiles,1,4.0
gson-0061,gson,com/google/gson/stream/JsonWriter.java,method,"com.google.gson.stream.JsonWriter#setIndent(String)",ok,compiles,2,3.6,ok,compiles,2,4.0
gson-0062,gson,com/google/gson/ReflectionAccessFilter.java,field,"com.google.gson.ReflectionAccessFilter#BLOCK_ALL_PLATFORM",ok,compiles,2,4.3,ok,compiles,2,4.4
gson-0063,gson,com/google/gson/internal/bind/JavaTimeTypeAdapters.java,method,"com.google.gson.internal.bind.JavaTimeTypeAdapters#offsetDateTime(Gson)",crash,na,0,4.7,crash,na,0,4.3
gson-0064,gson,com/google/gson/internal/JavaVersion.java,method,"com.google.gson.internal.JavaVersion#JavaVersion()",ok,compiles,1,2.7,ok,compiles,1,3.4
gson-0065,gson,com/google/gson/internal/bind/JsonElementTypeAdapter.java,method,"com.google.gson.internal.bind.JsonElementTypeAdapter#read(JsonReader)",ok,compiles,8,5.8,ok,compiles,8,6.1
gson-0066,gson,com/google/gson/internal/bind/TypeAdapters.java,field,"com.google.gson.internal.bind.TypeAdapters#LAZILY_PARSED_NUMBER_FACTORY",ok,compiles,4,5.0,ok,compiles,4,5.5
gson-0067,gson,com/google/gson/internal/bind/TreeTypeAdapter.java,field,"com.google.gson.internal.bind.TreeTypeAdapter#deserializer",ok,compiles,4,4.6,ok,compiles,4,5.4
gson-0068,gson,com/google/gson/JsonElement.java,method,"com.google.gson.JsonElement#isJsonPrimitive()",ok,compiles,2,2.7,ok,compiles,2,4.0
gson-0069,gson,com/google/gson/TypeAdapter.java,method,"com.google.gson.TypeAdapter.NullSafeTypeAdapter#read(JsonReader)",ok,compiles,3,4.3,ok,compiles,3,5.0
gson-0070,gson,com/google/gson/internal/bind/JavaTimeTypeAdapters.java,method,"com.google.gson.internal.bind.JavaTimeTypeAdapters#zonedDateTime(Gson)",crash,na,0,5.3,crash,na,0,5.2
gson-0071,gson,com/google/gson/internal/bind/TypeAdapters.java,field,"com.google.gson.internal.bind.TypeAdapters#ATOMIC_INTEGER_FACTORY",ok,compiles,3,6.3,ok,compiles,3,7.6
gson-0072,gson,com/google/gson/internal/ConstructorConstructor.java,method,"com.google.gson.internal.ConstructorConstructor#newDefaultImplementationConstructor(Class<?superT>)",ok,compiles,2,5.8,ok,compiles,2,7.2
gson-0073,gson,com/google/gson/JsonArray.java,method,"com.google.gson.JsonArray#get(int)",ok,compiles,2,5.4,ok,compiles,2,6.9
gson-0074,gson,com/google/gson/internal/LinkedTreeMap.java,method,"com.google.gson.internal.LinkedTreeMap#find(K,boolean)",ok,compiles,1,5.8,ok,compiles,1,6.1
gson-0075,gson,com/google/gson/internal/bind/JsonAdapterAnnotationTypeAdapterFactory.java,field,"com.google.gson.internal.bind.JsonAdapterAnnotationTypeAdapterFactory#adapterFactoryMap",ok,compiles,2,5.6,ok,compiles,2,5.5
gson-0076,gson,com/google/gson/reflect/TypeToken.java,method,"com.google.gson.reflect.TypeToken#isAssignableFrom(Class<?>)",ok,compiles,1,7.7,ok,compiles,1,6.2
gson-0077,gson,com/google/gson/internal/LinkedTreeMap.java,method,"com.google.gson.internal.LinkedTreeMap#removeInternalByKey(Object)",ok,compiles,1,8.2,ok,compiles,1,5.2
gson-0078,gson,com/google/gson/GsonBuilder.java,field,"com.google.gson.GsonBuilder#datePattern",ok,compiles,1,6.7,ok,compiles,1,4.6
gson-0079,gson,com/google/gson/internal/LinkedTreeMap.java,method,"com.google.gson.internal.LinkedTreeMap.KeySet#size()",ok,compiles,1,6.9,ok,compiles,1,5.8
gson-0080,gson,com/google/gson/internal/GsonTypes.java,field,"com.google.gson.internal.GsonTypes.GenericArrayTypeImpl#componentType",ok,compiles,1,5.3,ok,compiles,1,4.1
gson-0081,gson,com/google/gson/stream/JsonReader.java,method,"com.google.gson.stream.JsonReader#validateAscii(String)",ok,compiles,3,6.1,ok,compiles,3,6.0
gson-0082,gson,com/google/gson/internal/reflect/ReflectionHelper.java,method,"com.google.gson.internal.reflect.ReflectionHelper.RecordNotSupportedHelper#getCanonicalRecordConstructor(Class<T>)",ok,compiles,1,5.1,ok,compiles,1,5.0
gson-0083,gson,com/google/gson/internal/bind/JsonTreeReader.java,method,"com.google.gson.internal.bind.JsonTreeReader#beginArray()",ok,compiles,5,6.4,ok,compiles,5,6.9
gson-0084,gson,com/google/gson/internal/ConstructorConstructor.java,method,"com.google.gson.internal.ConstructorConstructor#newUnsafeAllocator(Class<?superT>)",ok,fails,3,5.7,ok,fails,3,6.2
gson-0085,gson,com/google/gson/internal/bind/util/ISO8601Utils.java,field,"com.google.gson.internal.bind.util.ISO8601Utils#UTC_ID",ok,compiles,1,6.1,ok,compiles,1,6.1
gson-0086,gson,com/google/gson/internal/bind/TypeAdapters.java,field,"com.google.gson.internal.bind.TypeAdapters#URL",ok,compiles,8,6.5,ok,compiles,8,6.9
gson-0087,gson,com/google/gson/internal/GsonTypes.java,method,"com.google.gson.internal.GsonTypes.ParameterizedTypeImpl#ParameterizedTypeImpl(Type,Class<?>,Type)",ok,compiles,1,5.5,ok,compiles,1,5.2
gson-0088,gson,com/google/gson/internal/LinkedTreeMap.java,field,"com.google.gson.internal.LinkedTreeMap.LinkedTreeMapIterator#lastReturned",ok,compiles,1,5.0,ok,compiles,1,5.5
gson-0089,gson,com/google/gson/internal/bind/TypeAdapterRuntimeTypeWrapper.java,method,"com.google.gson.internal.bind.TypeAdapterRuntimeTypeWrapper#write(JsonWriter,T)",ok,compiles,7,6.2,ok,compiles,7,5.0
gson-0090,gson,com/google/gson/internal/NonNullElementWrapperList.java,method,"com.google.gson.internal.NonNullElementWrapperList#hashCode()",ok,compiles,1,5.1,ok,compiles,1,4.2
gson-0091,gson,com/google/gson/internal/LinkedTreeMap.java,method,"com.google.gson.internal.LinkedTreeMap.LinkedTreeMapIterator#LinkedTreeMapIterator()",ok,compiles,1,4.6,ok,compiles,1,4.0
gson-0092,gson,com/google/gson/reflect/TypeToken.java,method,"com.google.gson.reflect.TypeToken#TypeToken(Type)",ok,compiles,2,4.4,ok,compiles,2,3.9
gson-0093,gson,com/google/gson/internal/bind/DefaultDateTypeAdapter.java,method,"com.google.gson.internal.bind.DefaultDateTypeAdapter.DateType#createAdapterFactory(int,int)",ok,compiles,3,4.9,ok,compiles,3,4.5
gson-0094,gson,com/google/gson/internal/bind/MapTypeAdapterFactory.java,method,"com.google.gson.internal.bind.MapTypeAdapterFactory.Adapter#Adapter(TypeAdapter<K>,TypeAdapter<V>,ObjectConstructor<?extendsMap<K,V>>)",ok,compiles,4,5.2,ok,compiles,4,4.7
gson-0095,gson,com/google/gson/internal/bind/ObjectTypeAdapter.java,method,"com.google.gson.internal.bind.ObjectTypeAdapter#tryBeginNesting(JsonReader,JsonToken)",ok,compiles,4,4.5,ok,compiles,4,4.5
gson-0096,gson,com/google/gson/internal/LinkedTreeMap.java,method,"com.google.gson.internal.LinkedTreeMap.LinkedTreeMapIterator#remove()",ok,compiles,1,4.1,ok,compiles,1,4.2
gson-0097,gson,com/google/gson/JsonParseException.java,method,"com.google.gson.JsonParseException#JsonParseException(String)",ok,compiles,1,3.3,ok,compiles,1,3.5
gson-0098,gson,com/google/gson/internal/bind/MapTypeAdapterFactory.java,field,"com.google.gson.internal.bind.MapTypeAdapterFactory.Adapter#valueTypeAdapter",ok,compiles,3,4.5,ok,compiles,3,4.7
gson-0099,gson,com/google/gson/stream/JsonReader.java,method,"com.google.gson.stream.JsonReader#push(int)",ok,compiles,2,4.3,ok,compiles,2,4.0
gson-0100,gson,com/google/gson/FormattingStyle.java,method,"com.google.gson.FormattingStyle#usesSpaceAfterSeparators()",ok,compiles,1,3.4,ok,compiles,1,3.1
gson-0101,gson,com/google/gson/internal/sql/SqlTypesSupport.java,field,"com.google.gson.internal.sql.SqlTypesSupport#TIMESTAMP_FACTORY",ok,compiles,2,3.5,ok,compiles,2,3.8
gson-0102,gson,com/google/gson/JsonArray.java,method,"com.google.gson.JsonArray#JsonArray()",ok,compiles,2,3.9,ok,compiles,2,3.5
gson-0103,gson,com/google/gson/internal/bind/DefaultDateTypeAdapter.java,method,"com.google.gson.internal.bind.DefaultDateTypeAdapter.DateType#createAdapterFactory(String)",ok,compiles,3,4.6,ok,compiles,3,4.4
gson-0104,gson,com/google/gson/internal/bind/ReflectiveTypeAdapterFactory.java,method,"com.google.gson.internal.bind.ReflectiveTypeAdapterFactory.FieldReflectionAdapter#readField(T,JsonReader,BoundField)",ok,compiles,4,5.1,ok,compiles,4,4.9
gson-0105,gson,com/google/gson/internal/sql/SqlTimeTypeAdapter.java,method,"com.google.gson.internal.sql.SqlTimeTypeAdapter#SqlTimeTypeAdapter()",ok,compiles,2,4.3,ok,compiles,2,3.9
gson-0106,gson,com/google/gson/internal/sql/SqlTimestampTypeAdapter.java,field,"com.google.gson.internal.sql.SqlTimestampTypeAdapter#dateTypeAdapter",ok,compiles,2,4.3,ok,compiles,2,3.7
gson-0107,gson,com/google/gson/internal/LazilyParsedNumber.java,field,"com.google.gson.internal.LazilyParsedNumber#value",ok,compiles,1,3.5,ok,compiles,1,3.6
gson-0108,gson,com/google/gson/internal/bind/NumberTypeAdapter.java,method,"com.google.gson.internal.bind.NumberTypeAdapter#NumberTypeAdapter(ToNumberStrategy)",ok,compiles,3,3.8,ok,compiles,3,4.0
gson-0109,gson,com/google/gson/JsonPrimitive.java,method,"com.google.gson.JsonPrimitive#hashCode()",ok,compiles,2,3.7,ok,compiles,2,3.4
gson-0110,gson,com/google/gson/internal/reflect/ReflectionHelper.java,method,"com.google.gson.internal.reflect.ReflectionHelper#appendExecutableParameters(AccessibleObject,StringBuilder)",ok,compiles,1,3.9,ok,compiles,1,4.1
gson-0111,gson,com/google/gson/internal/sql/SqlDateTypeAdapter.java,method,"com.google.gson.internal.sql.SqlDateTypeAdapter#SqlDateTypeAdapter()",ok,compiles,2,3.8,ok,compiles,2,4.2
gson-0112,gson,com/google/gson/internal/bind/TypeAdapters.java,method,"com.google.gson.internal.bind.TypeAdapters.FloatAdapter#FloatAdapter(boolean)",ok,compiles,2,4.1,ok,compiles,2,4.6
gson-0113,gson,com/google/gson/internal/bind/ArrayTypeAdapter.java,method,"com.google.gson.internal.bind.ArrayTypeAdapter#ArrayTypeAdapter(Gson,TypeAdapter<E>,Class<E>)",ok,compiles,4,4.6,ok,compiles,4,4.5
gson-0114,gson,com/google/gson/internal/reflect/ReflectionHelper.java,method,"com.google.gson.internal.reflect.ReflectionHelper#constructorToString(Constructor<?>)",ok,compiles,1,3.8,ok,compiles,1,3.9
gson-0115,gson,com/google/gson/internal/LazilyParsedNumber.java,method,"com.google.gson.internal.LazilyParsedNumber#readObject(ObjectInputStream)",ok,compiles,1,3.9,ok,compiles,1,3.8
gson-0116,gson,com/google/gson/JsonDeserializer.java,method,"com.google.gson.JsonDeserializer#deserialize(JsonElement,Type,JsonDeserializationContext)",ok,compiles,4,3.6,ok,compiles,4,3.6
gson-0117,gson,com/google/gson/internal/bind/TypeAdapters.java,method,"com.google.gson.internal.bind.TypeAdapters#newFactory(Class<TT>,Class<TT>,TypeAdapter<?superTT>)",ok,compiles,5,4.8,ok,compiles,5,4.3
gson-0118,gson,com/google/gson/internal/NonNullElementWrapperList.java,method,"com.google.gson.internal.NonNullElementWrapperList#equals(Object)",ok,compiles,1,4.3,ok,compiles,1,4.0
gson-0119,gson,com/google/gson/Gson.java,field,"com.google.gson.Gson#typeTokenCache",ok,compiles,3,3.2,ok,compiles,3,3.0
gson-0120,gson,com/google/gson/JsonStreamParser.java,field,"com.google.gson.JsonStreamParser#parser",ok,compiles,4,3.9,ok,compiles,4,3.9
gson-0121,gson,com/google/gson/internal/bind/NumberTypeAdapter.java,field,"com.google.gson.internal.bind.NumberTypeAdapter#toNumberStrategy",ok,compiles,3,4.3,ok,compiles,3,4.1
gson-0122,gson,com/google/gson/Gson.java,method,"com.google.gson.Gson.FutureTypeAdapter#delegate()",ok,compiles,3,3.6,ok,compiles,3,3.7
gson-0123,gson,com/google/gson/GsonBuilder.java,field,"com.google.gson.GsonBuilder#DEFAULT_SPECIALIZE_FLOAT_VALUES",ok,compiles,1,3.0,ok,compiles,1,3.1
gson-0124,gson,com/google/gson/reflect/TypeToken.java,method,"com.google.gson.reflect.TypeToken#isAssignableFrom(TypeToken<?>)",ok,compiles,1,3.7,ok,compiles,1,3.5
gson-0125,gson,com/google/gson/internal/reflect/ReflectionHelper.java,method,"com.google.gson.internal.reflect.ReflectionHelper.RecordSupportedHelper#getRecordComponentNames(Class<?>)",ok,compiles,1,3.8,ok,compiles,1,3.3
gson-0126,gson,com/google/gson/JsonElement.java,method,"com.google.gson.JsonElement#getAsLong()",ok,compiles,1,3.3,ok,compiles,1,2.5
gson-0127,gson,com/google/gson/internal/bind/TypeAdapters.java,field,"com.google.gson.internal.bind.TypeAdapters#INET_ADDRESS_FACTORY",ok,compiles,3,4.3,ok,compiles,3,3.5
gson-0128,gson,com/google/gson/internal/bind/JsonTreeWriter.java,method,"com.google.gson.internal.bind.JsonTreeWriter#put(JsonElement)",ok,compiles,5,4.7,ok,compiles,5,4.0
gson-0129,gson,com/google/gson/stream/JsonWriter.java,method,"com.google.gson.stream.JsonWriter#setHtmlSafe(boolean)",ok,compiles,1,3.4,ok,compiles,1,3.4
gson-0130,gson,com/google/gson/internal/bind/TypeAdapters.java,method,"com.google.gson.internal.bind.TypeAdapters.IntegerFieldsTypeAdapter#IntegerFieldsTypeAdapter(String)",ok,compiles,2,3.4,ok,compiles,2,3.7
gson-0131,gson,com/google/gson/internal/GsonTypes.java,method,"com.google.gson.internal.GsonTypes.ParameterizedTypeImpl#hashCode()",ok,compiles,1,3.6,ok,compiles,1,3.6
gson-0132,gson,com/google/gson/Gson.java,method,"com.google.gson.Gson#fromJson(Reader,TypeToken<T>)",ok,compiles,6,3.3,ok,compiles,6,3.2
gson-0133,gson,com/google/gson/internal/bind/TypeAdapters.java,field,"com.google.gson.internal.bind.TypeAdapters#FLOAT",ok,compiles,2,3.7,ok,compiles,2,3.2
gson-0134,gson,com/google/gson/stream/JsonReader.java,field,"com.google.gson.stream.JsonReader#lineStart",ok,compiles,1,3.1,ok,compiles,1,2.8
gson-0135,gson,com/google/gson/internal/bind/ArrayTypeAdapter.java,method,"com.google.gson.internal.bind.ArrayTypeAdapter#write(JsonWriter,Object)",ok,compiles,4,4.0,ok,compiles,4,4.1
gson-0136,gson,com/google/gson/reflect/TypeToken.java,method,"com.google.gson.reflect.TypeToken#isCapturingTypeVariablesForbidden()",ok,compiles,1,2.9,ok,compiles,1,3.2
gson-0137,gson,com/google/gson/internal/LinkedTreeMap.java,method,"com.google.gson.internal.LinkedTreeMap#put(K,V)",ok,compiles,2,3.6,ok,compiles,2,4.2
gson-0138,gson,com/google/gson/GsonBuilder.java,method,"com.google.gson.GsonBuilder#GsonBuilder()",ok,compiles,1,2.7,ok,compiles,1,3.5
gson-0139,gson,com/google/gson/internal/bind/JsonTreeReader.java,method,"com.google.gson.internal.bind.JsonTreeReader#beginObject()",ok,compiles,5,3.7,ok,compiles,5,3.5
gson-0140,gson,com/google/gson/internal/GsonTypes.java,method,"com.google.gson.internal.GsonTypes.WildcardTypeImpl#toString()",ok,compiles,1,3.2,ok,compiles,1,3.0
gson-0141,gson,com/google/gson/internal/reflect/ReflectionHelper.java,method,"com.google.gson.internal.reflect.ReflectionHelper#createExceptionForUnexpectedIllegalAccess(IllegalAccessException)",ok,compiles,3,4.0,ok,compiles,3,3.2
gson-0142,gson,com/google/gson/internal/bind/TypeAdapters.java,field,"com.google.gson.internal.bind.TypeAdapters#LONG_AS_STRING",ok,compiles,6,4.8,ok,compiles,6,3.7
gson-0143,gson,com/google/gson/ExclusionStrategy.java,method,"com.google.gson.ExclusionStrategy#shouldSkipField(FieldAttributes)",ok,compiles,2,2.7,ok,compiles,2,2.4
gson-0144,gson,com/google/gson/Gson.java,method,"com.google.gson.Gson#newJsonWriter(Writer)",ok,compiles,4,3.3,ok,compiles,4,3.0
gson-0145,gson,com/google/gson/JsonParser.java,method,"com.google.gson.JsonParser#parse(JsonReader)",ok,compiles,7,3.1,ok,compiles,7,3.4
gson-0146,gson,com/google/gson/JsonPrimitive.java,method,"com.google.gson.JsonPrimitive#JsonPrimitive(Number)",ok,compiles,2,2.6,ok,compiles,2,3.1
gson-0147,gson,com/google/gson/JsonObject.java,method,"com.google.gson.JsonObject#entrySet()",ok,compiles,3,2.9,ok,compiles,3,2.7
gson-0148,gson,com/google/gson/JsonArray.java,method,"com.google.gson.JsonArray#deepCopy()",ok,compiles,2,3.3,ok,compiles,2,3.1
gson-0149,gson,com/google/gson/internal/GsonTypes.java,method,"com.google.gson.internal.GsonTypes#equals(Type,Type)",ok,compiles,1,3.5,ok,compiles,1,3.5
gson-0150,gson,com/google/gson/internal/bind/TypeAdapters.java,field,"com.google.gson.internal.bind.TypeAdapters#UUID_FACTORY",ok,compiles,3,3.4,ok,compiles,3,3.3
jsoup-0001,jsoup,org/jsoup/nodes/Element.java,method,"org.jsoup.nodes.Element#Element(Tag,String,Attributes)",ok,compiles,8,6.3,ok,compiles,8,7.8
jsoup-0002,jsoup,org/jsoup/nodes/Range.java,method,"org.jsoup.nodes.Range#ofEnd(Element)",ok,compiles,4,4.6,ok,compiles,4,5.1
jsoup-0003,jsoup,org/jsoup/parser/Tokeniser.java,field,"org.jsoup.parser.Tokeniser#replacementChar",ok,compiles,1,3.4,ok,compiles,1,4.1
jsoup-0004,jsoup,org/jsoup/nodes/Attributes.java,field,"org.jsoup.nodes.Attributes#GrowthFactor",ok,compiles,3,4.0,ok,compiles,3,4.8
jsoup-0005,jsoup,org/jsoup/parser/ParseError.java,method,"org.jsoup.parser.ParseError#getPosition()",ok,compiles,1,3.4,ok,compiles,1,4.1
jsoup-0006,jsoup,org/jsoup/Connection.java,method,"org.jsoup.Connection#response(Response)",ok,compiles,1,4.4,ok,compiles,1,3.6
jsoup-0007,jsoup,org/jsoup/nodes/Element.java,field,"org.jsoup.nodes.Element#EmptyChildren",ok,compiles,2,4.7,ok,compiles,2,5.1
jsoup-0008,jsoup,org/jsoup/helper/HttpConnection.java,method,"org.jsoup.helper.HttpConnection.Base#Base(Base<T>)",ok,compiles,2,4.7,ok,compiles,2,4.6
jsoup-0009,jsoup,org/jsoup/nodes/Element.java,method,"org.jsoup.nodes.Element.NodeList#NodeList(int)",ok,compiles,2,5.8,ok,compiles,2,5.8
jsoup-0010,jsoup,org/jsoup/nodes/Node.java,method,"org.jsoup.nodes.Node#firstSibling()",ok,compiles,3,4.9,ok,compiles,3,4.9
jsoup-0011,jsoup,org/jsoup/nodes/Attributes.java,method,"org.jsoup.nodes.Attributes#internalKey(String)",ok,compiles,3,4.8,ok,compiles,3,4.9
jsoup-0012,jsoup,org/jsoup/nodes/Printer.java,method,"org.jsoup.nodes.Printer.Pretty#shouldIndent(Node)",ok,compiles,8,5.4,ok,compiles,8,5.7
jsoup-0013,jsoup,org/jsoup/parser/Tokeniser.java,method,"org.jsoup.parser.Tokeniser#createTagPending(boolean)",ok,compiles,2,5.3,ok,compiles,2,5.1
jsoup-0014,jsoup,org/jsoup/select/Evaluator.java,method,"org.jsoup.select.Evaluator.MatchesOwn#MatchesOwn(Pattern)",ok,compiles,2,4.2,ok,compiles,2,4.5
jsoup-0015,jsoup,org/jsoup/select/NodeEvaluator.java,method,"org.jsoup.select.NodeEvaluator.ContainsValue#cost()",ok,compiles,2,4.2,ok,compiles,2,4.0
jsoup-0016,jsoup,org/jsoup/parser/Token.java,method,"org.jsoup.parser.Token.Tag#finaliseTag()",ok,compiles,2,4.6,ok,compiles,2,4.1
jsoup-0017,jsoup,org/jsoup/nodes/Document.java,method,"org.jsoup.nodes.Document.OutputSettings#charset()",ok,compiles,3,5.6,ok,compiles,3,5.1
jsoup-0018,jsoup,org/jsoup/nodes/LeafNode.java,method,"org.jsoup.nodes.LeafNode#coreValue(String)",ok,compiles,5,4.7,ok,compiles,5,4.8
jsoup-0019,jsoup,org/jsoup/parser/TagSet.java,method,"org.jsoup.parser.TagSet#TagSet()",ok,compiles,3,4.7,ok,compiles,3,4.9
jsoup-0020,jsoup,org/jsoup/nodes/NodeIterator.java,method,"org.jsoup.nodes.NodeIterator#next()",ok,compiles,3,4.7,ok,compiles,3,4.9
jsoup-0021,jsoup,org/jsoup/Connection.java,method,"org.jsoup.Connection.Base#headers(String)",ok,compiles,1,4.2,ok,compiles,1,4.4
jsoup-0022,jsoup,org/jsoup/select/Evaluator.java,method,"org.jsoup.select.Evaluator.Tag#toString()",ok,compiles,1,4.6,ok,compiles,1,4.3
jsoup-0023,jsoup,org/jsoup/parser/Token.java,field,"org.jsoup.parser.Token.Tag#normalName",ok,compiles,2,5.0,ok,compiles,2,4.6
jsoup-0024,jsoup,org/jsoup/parser/TokeniserState.java,method,"org.jsoup.parser.TokeniserState#isCustomEndTagNameChar(char)",ok,compiles,2,4.1,ok,compiles,2,4.3
jsoup-0025,jsoup,org/jsoup/parser/Tokeniser.java,field,"org.jsoup.parser.Tokeniser#multipointHolder",ok,compiles,1,4.2,ok,compiles,1,4.0
jsoup-0026,jsoup,org/jsoup/internal/QuietAppendable.java,method,"org.jsoup.internal.QuietAppendable.BaseAppendable#BaseAppendable(Appendable)",ok,compiles,1,4.5,ok,compiles,1,4.0
jsoup-0027,jsoup,org/jsoup/parser/TreeBuilder.java,method,"org.jsoup.parser.TreeBuilder#enforceStackDepthLimit()",ok,compiles,4,6.1,ok,compiles,4,5.1
jsoup-0028,jsoup,org/jsoup/select/StructuralEvaluator.java,field,"org.jsoup.select.StructuralEvaluator#threadMemo",ok,compiles,3,5.0,ok,compiles,3,4.9
jsoup-0029,jsoup,org/jsoup/parser/Token.java,method,"org.jsoup.parser.Token.Tag#ensureAttributeRangeCapacity(int)",ok,compiles,2,4.9,ok,compiles,2,4.3
jsoup-0030,jsoup,org/jsoup/Connection.java,method,"org.jsoup.Connection.Request#maxBodySize()",ok,compiles,1,3.7,ok,compiles,1,3.1
jsoup-0031,jsoup,org/jsoup/nodes/Element.java,method,"org.jsoup.nodes.Element#id(String)",ok,compiles,4,4.8,ok,compiles,4,6.4
jsoup-0032,jsoup,org/jsoup/helper/CookieUtil.java,method,"org.jsoup.helper.CookieUtil#storeCookies(HttpConnection.Request,HttpConnection.Response,URL,Map<String,List<String>>)",ok,compiles,4,4.2,ok,compiles,4,5.9
jsoup-0033,jsoup,org/jsoup/select/Evaluator.java,method,"org.jsoup.select.Evaluator.TagStartsWith#TagStartsWith(String)",ok,compiles,1,3.8,ok,compiles,1,3.8
jsoup-0034,jsoup,org/jsoup/select/Elements.java,method,"org.jsoup.select.Elements#attr(String,String)",ok,compiles,4,7.6,ok,compiles,4,7.9
jsoup-0035,jsoup,org/jsoup/nodes/Range.java,method,"org.jsoup.nodes.Range.Position#hashCode()",ok,compiles,1,5.1,ok,compiles,1,4.8
jsoup-0036,jsoup,org/jsoup/nodes/Attributes.java,method,"org.jsoup.nodes.Attributes#hasKey(String)",ok,compiles,3,5.7,ok,compiles,3,5.9
jsoup-0037,jsoup,org/jsoup/select/StructuralEvaluator.java,method,"org.jsoup.select.StructuralEvaluator.ImmediatePreviousSibling#ImmediatePreviousSibling(Evaluator)",ok,compiles,2,4.8,ok,compiles,2,4.1
jsoup-0038,jsoup,org/jsoup/Connection.java,method,"org.jsoup.Connection.Request#sslContext()",ok,compiles,2,5.2,ok,compiles,2,4.3
jsoup-0039,jsoup,org/jsoup/parser/TokenQueue.java,method,"org.jsoup.parser.TokenQueue#consumeToAny(String...)",ok,compiles,3,5.4,ok,compiles,3,4.7
jsoup-0040,jsoup,org/jsoup/nodes/DocumentType.java,field,"org.jsoup.nodes.DocumentType#PublicId",ok,compiles,3,4.5,ok,compiles,3,4.7
jsoup-0041,jsoup,org/jsoup/select/Evaluator.java,method,"org.jsoup.select.Evaluator.AttributeKeyPair#AttributeKeyPair(String,String,boolean)",ok,compiles,1,4.6,ok,compiles,1,5.1
jsoup-0042,jsoup,org/jsoup/Connection.java,method,"org.jsoup.Connection.Base#addHeader(String,String)",ok,compiles,1,3.9,ok,compiles,1,4.3
jsoup-0043,jsoup,org/jsoup/nodes/NodeInternals.java,method,"org.jsoup.nodes.NodeInternals#endSourceRange(Element,LineMap,int,int)",ok,compiles,7,5.1,ok,compiles,7,5.4
jsoup-0044,jsoup,org/jsoup/parser/Token.java,method,"org.jsoup.parser.Token.Tag#appendTagName(char)",ok,compiles,1,5.2,ok,compiles,1,5.2
jsoup-0045,jsoup,org/jsoup/parser/Token.java,field,"org.jsoup.parser.Token.Character#data",ok,compiles,2,4.0,ok,compiles,2,3.8
jsoup-0046,jsoup,org/jsoup/Connection.java,method,"org.jsoup.Connection.Request#requestBody(String)",ok,compiles,2,4.0,ok,compiles,2,3.6
jsoup-0047,jsoup,org/jsoup/nodes/Element.java,method,"org.jsoup.nodes.Element#outerHtmlHead(QuietAppendable,Document.OutputSettings)",ok,compiles,9,7.6,ok,compiles,9,7.9
jsoup-0048,jsoup,org/jsoup/select/Evaluator.java,method,"org.jsoup.select.Evaluator.IndexEquals#matches(Element,Element)",ok,compiles,3,5.2,ok,compiles,3,5.7
jsoup-0049,jsoup,org/jsoup/nodes/LeafNode.java,method,"org.jsoup.nodes.LeafNode#absUrl(String)",ok,compiles,2,4.5,ok,compiles,2,4.5
jsoup-0050,jsoup,org/jsoup/parser/Tokeniser.java,method,"org.jsoup.parser.Tokeniser#advanceTransition(TokeniserState)",ok,compiles,3,5.2,ok,compiles,3,4.8
jsoup-0051,jsoup,org/jsoup/parser/StreamParser.java,field,"org.jsoup.parser.StreamParser.ElementIterator#tail",ok,compiles,5,5.9,ok,compiles,5,5.5
jsoup-0052,jsoup,org/jsoup/nodes/Comment.java,method,"org.jsoup.nodes.Comment#isXmlDeclarationData(String)",ok,compiles,3,4.4,ok,compiles,3,4.3
jsoup-0053,jsoup,org/jsoup/nodes/Document.java,field,"org.jsoup.nodes.Document#parser",ok,compiles,4,5.5,ok,compiles,4,6.5
jsoup-0054,jsoup,org/jsoup/parser/CharacterReader.java,method,"org.jsoup.parser.CharacterReader#consumeTo(char)",ok,compiles,1,4.4,ok,compiles,1,4.6
jsoup-0055,jsoup,org/jsoup/select/Nodes.java,method,"org.jsoup.select.Nodes#after(String)",ok,compiles,2,5.8,ok,compiles,2,6.1
jsoup-0056,jsoup,org/jsoup/nodes/Node.java,method,"org.jsoup.nodes.Node#outerHtml(T)",ok,compiles,2,5.7,ok,compiles,2,4.9
jsoup-0057,jsoup,org/jsoup/select/Evaluator.java,method,"org.jsoup.select.Evaluator.ContainsOwnText#toString()",ok,compiles,1,5.6,ok,compiles,1,5.5
jsoup-0058,jsoup,org/jsoup/parser/TokeniserState.java,method,"org.jsoup.parser.TokeniserState#handleDataDoubleEscapeTag(Tokeniser,CharacterReader,TokeniserState,TokeniserState)",ok,compiles,4,5.8,ok,compiles,4,5.9
jsoup-0059,jsoup,org/jsoup/parser/Tokeniser.java,field,"org.jsoup.parser.Tokeniser#win1252Extensions",ok,compiles,1,5.0,ok,compiles,1,4.3
jsoup-0060,jsoup,org/jsoup/parser/HtmlTreeBuilderState.java,field,"org.jsoup.parser.HtmlTreeBuilderState.Constants#InCellNames",ok,compiles,1,4.7,ok,compiles,1,3.9
jsoup-0061,jsoup,org/jsoup/helper/Regex.java,method,"org.jsoup.helper.Regex#Regex(Pattern)",ok,compiles,1,3.6,ok,compiles,1,3.7
jsoup-0062,jsoup,org/jsoup/helper/Validate.java,method,"org.jsoup.helper.Validate#noNullElements(Object[])",ok,compiles,1,4.5,ok,compiles,1,4.3
jsoup-0063,jsoup,org/jsoup/parser/Tokeniser.java,method,"org.jsoup.parser.Tokeniser#createXmlDeclPending(boolean)",ok,compiles,2,4.9,ok,compiles,2,4.9
jsoup-0064,jsoup,org/jsoup/nodes/Entities.java,method,"org.jsoup.nodes.Entities#escapeString(String,EscapeMode,Charset)",ok,compiles,3,4.3,ok,compiles,3,4.4
jsoup-0065,jsoup,org/jsoup/parser/HtmlTreeBuilder.java,method,"org.jsoup.parser.HtmlTreeBuilder#templateModeSize()",ok,compiles,3,5.2,ok,compiles,3,4.9
jsoup-0066,jsoup,org/jsoup/internal/ControllableInputStream.java,method,"org.jsoup.internal.ControllableInputStream.ProgressState#emit(int,int,float)",ok,compiles,2,4.2,ok,compiles,2,4.4
jsoup-0067,jsoup,org/jsoup/helper/AuthenticationHandler.java,field,"org.jsoup.helper.AuthenticationHandler#MaxAttempts",ok,compiles,1,3.6,ok,compiles,1,3.9
jsoup-0068,jsoup,org/jsoup/parser/Token.java,field,"org.jsoup.parser.Token.Doctype#internalSubset",ok,compiles,2,3.6,ok,compiles,2,3.6
jsoup-0069,jsoup,org/jsoup/select/StructuralEvaluator.java,method,"org.jsoup.select.StructuralEvaluator.ImmediateParentRun#toString()",ok,compiles,3,4.8,ok,compiles,3,5.0
jsoup-0070,jsoup,org/jsoup/select/NodeEvaluator.java,field,"org.jsoup.select.NodeEvaluator.InstanceType#type",ok,compiles,3,4.5,ok,compiles,3,4.8
jsoup-0071,jsoup,org/jsoup/parser/Token.java,method,"org.jsoup.parser.Token.StartTag#nameAttr(String,Attributes)",ok,compiles,6,5.4,ok,compiles,6,6.0
jsoup-0072,jsoup,org/jsoup/select/Evaluator.java,method,"org.jsoup.select.Evaluator.AttributeWithValue#cost()",ok,compiles,1,4.8,ok,compiles,1,4.9
jsoup-0073,jsoup,org/jsoup/select/Elements.java,method,"org.jsoup.select.Elements#first()",ok,compiles,5,6.7,ok,compiles,5,6.6
jsoup-0074,jsoup,org/jsoup/select/Collector.java,method,"org.jsoup.select.Collector#collectNodes(Evaluator,Element,Class<T>)",ok,compiles,5,5.7,ok,compiles,5,6.6
jsoup-0075,jsoup,org/jsoup/nodes/Attributes.java,method,"org.jsoup.nodes.Attributes#put(String,String)",ok,compiles,4,5.4,ok,compiles,4,288.2
jsoup-0076,jsoup,org/jsoup/internal/NamespaceBindings.java,field,"org.jsoup.internal.NamespaceBindings#bindings",ok,compiles,1,4.4,ok,compiles,1,286.9
jsoup-0077,jsoup,org/jsoup/parser/TokenQueue.java,method,"org.jsoup.parser.TokenQueue#TokenQueue(String)",ok,compiles,2,287.7,ok,compiles,2,3.4
jsoup-0078,jsoup,org/jsoup/parser/HtmlTagOptions.java,field,"org.jsoup.parser.HtmlTagOptions#SpecialTags",ok,compiles,1,287.5,ok,compiles,1,3.4
jsoup-0079,jsoup,org/jsoup/parser/HtmlTreeBuilder.java,method,"org.jsoup.parser.HtmlTreeBuilder#clearStackToTableBodyContext()",ok,compiles,2,3.1,ok,compiles,2,2.5
jsoup-0080,jsoup,org/jsoup/nodes/Node.java,method,"org.jsoup.nodes.Node#attr(String)",ok,compiles,5,3.8,ok,compiles,5,4.2
jsoup-0081,jsoup,org/jsoup/select/Elements.java,method,"org.jsoup.select.Elements#append(String)",ok,compiles,4,4.5,ok,compiles,4,4.0
jsoup-0082,jsoup,org/jsoup/nodes/TextNode.java,method,"org.jsoup.nodes.TextNode#text()",ok,compiles,4,3.1,ok,compiles,4,3.8
jsoup-0083,jsoup,org/jsoup/parser/StreamParser.java,method,"org.jsoup.parser.StreamParser#iterator()",ok,compiles,4,4.2,ok,compiles,4,4.1
jsoup-0084,jsoup,org/jsoup/select/CombiningEvaluator.java,method,"org.jsoup.select.CombiningEvaluator.And#matches(Element,Element)",ok,compiles,4,4.2,ok,compiles,4,4.5
jsoup-0085,jsoup,org/jsoup/nodes/Range.java,field,"org.jsoup.nodes.Range.Spans#AttrRangeWidth",ok,compiles,1,2.5,ok,compiles,1,3.4
jsoup-0086,jsoup,org/jsoup/internal/SharedConstants.java,field,"org.jsoup.internal.SharedConstants#UserDataKey",ok,compiles,1,3.3,ok,compiles,1,4.0
jsoup-0087,jsoup,org/jsoup/parser/StreamParser.java,method,"org.jsoup.parser.StreamParser#document()",ok,compiles,7,5.2,ok,compiles,7,15.0
jsoup-0088,jsoup,org/jsoup/nodes/Node.java,field,"org.jsoup.nodes.Node#parentNode",ok,compiles,3,3.7,ok,compiles,3,12.8
jsoup-0089,jsoup,org/jsoup/select/NodeTraversor.java,field,"org.jsoup.select.NodeTraversor#VisitHead",ok,compiles,1,4.3,ok,compiles,1,9.5
jsoup-0090,jsoup,org/jsoup/parser/Parser.java,method,"org.jsoup.parser.Parser#settings(ParseSettings)",ok,compiles,2,9.0,ok,compiles,2,6.4
jsoup-0091,jsoup,org/jsoup/parser/HtmlTreeBuilder.java,method,"org.jsoup.parser.HtmlTreeBuilder#inSelectScope(String)",ok,compiles,6,14.0,ok,compiles,6,8.0
jsoup-0092,jsoup,org/jsoup/Connection.java,method,"org.jsoup.Connection.KeyVal#value()",ok,compiles,1,10.1,ok,compiles,1,6.0
jsoup-0093,jsoup,org/jsoup/nodes/Printer.java,method,"org.jsoup.nodes.Printer.Pretty#addText(TextNode,int,int)",ok,compiles,8,7.1,ok,compiles,8,5.5
jsoup-0094,jsoup,org/jsoup/parser/HtmlTreeBuilderState.java,field,"org.jsoup.parser.HtmlTreeBuilderState.Constants#AfterHeadBody",ok,compiles,1,6.6,ok,compiles,1,5.4
jsoup-0095,jsoup,org/jsoup/parser/Tag.java,field,"org.jsoup.parser.Tag#InlineContainer",ok,compiles,1,6.5,ok,compiles,1,5.2
jsoup-0096,jsoup,org/jsoup/nodes/Element.java,method,"org.jsoup.nodes.Element#ownText()",ok,compiles,3,4.4,ok,compiles,3,3.4
jsoup-0097,jsoup,org/jsoup/parser/StreamParser.java,method,"org.jsoup.parser.StreamParser#selectNext(String)",ok,compiles,6,6.3,ok,compiles,6,4.7
jsoup-0098,jsoup,org/jsoup/helper/AuthenticationHandler.java,method,"org.jsoup.helper.AuthenticationHandler#AuthenticationHandler()",ok,compiles,1,4.5,ok,compiles,1,3.0
jsoup-0099,jsoup,org/jsoup/select/Evaluator.java,field,"org.jsoup.select.Evaluator.AttributeStarting#keyPrefix",ok,compiles,1,4.1,ok,compiles,1,3.7
jsoup-0100,jsoup,org/jsoup/nodes/Element.java,method,"org.jsoup.nodes.Element#prependChildren(Collection<?extendsNode>)",ok,compiles,2,4.7,ok,compiles,2,4.4
jsoup-0101,jsoup,org/jsoup/parser/HtmlTagOptions.java,method,"org.jsoup.parser.HtmlTagOptions#HtmlTagOptions()",ok,compiles,1,3.9,ok,compiles,1,3.1
jsoup-0102,jsoup,org/jsoup/parser/CharacterReader.java,method,"org.jsoup.parser.CharacterReader.CharPredicate#test(char)",ok,compiles,1,3.2,ok,compiles,1,3.9
jsoup-0103,jsoup,org/jsoup/parser/Token.java,method,"org.jsoup.parser.Token#isComment()",ok,compiles,1,2.4,ok,compiles,1,3.0
jsoup-0104,jsoup,org/jsoup/internal/StringUtil.java,field,"org.jsoup.internal.StringUtil#extraDotSegmentsPattern",ok,compiles,1,3.6,ok,compiles,1,3.9
jsoup-0105,jsoup,org/jsoup/select/Evaluator.java,method,"org.jsoup.select.Evaluator.ContainsWholeText#ContainsWholeText(String)",ok,compiles,1,3.8,ok,compiles,1,5.0
jsoup-0106,jsoup,org/jsoup/parser/Tag.java,method,"org.jsoup.parser.Tag#Tag(String,String)",ok,compiles,2,4.5,ok,compiles,2,5.5
jsoup-0107,jsoup,org/jsoup/nodes/Document.java,method,"org.jsoup.nodes.Document#expectForm(String)",ok,compiles,7,7.1,ok,compiles,7,7.1
jsoup-0108,jsoup,org/jsoup/select/Evaluator.java,method,"org.jsoup.select.Evaluator.IsNthLastOfType#IsNthLastOfType(int,int)",ok,compiles,1,4.0,ok,compiles,1,4.1
jsoup-0109,jsoup,org/jsoup/nodes/TextNode.java,method,"org.jsoup.nodes.TextNode#nodeName()",ok,compiles,3,4.9,ok,compiles,3,4.7
jsoup-0110,jsoup,org/jsoup/parser/Token.java,method,"org.jsoup.parser.Token.Doctype#reset()",ok,compiles,3,5.0,ok,compiles,3,4.5
jsoup-0111,jsoup,org/jsoup/select/StructuralEvaluator.java,method,"org.jsoup.select.StructuralEvaluator.Not#toString()",ok,compiles,2,4.7,ok,compiles,2,3.8
jsoup-0112,jsoup,org/jsoup/parser/Tag.java,method,"org.jsoup.parser.Tag#name(String)",ok,compiles,2,4.9,ok,compiles,2,5.2
jsoup-0113,jsoup,org/jsoup/select/QueryParser.java,method,"org.jsoup.select.QueryParser#byClass()",ok,compiles,5,5.2,ok,compiles,5,5.2
jsoup-0114,jsoup,org/jsoup/parser/XmlTreeBuilder.java,method,"org.jsoup.parser.XmlTreeBuilder#resolveNamespace(String)",ok,compiles,4,4.2,ok,compiles,4,3.9
jsoup-0115,jsoup,org/jsoup/safety/Cleaner.java,method,"org.jsoup.safety.Cleaner.CleaningVisitor#tail(Node,int)",ok,fails,6,5.6,ok,fails,6,5.8
jsoup-0116,jsoup,org/jsoup/Connection.java,method,"org.jsoup.Connection#data(String...)",ok,compiles,1,4.4,ok,compiles,1,4.2
jsoup-0117,jsoup,org/jsoup/nodes/Range.java,field,"org.jsoup.nodes.Range.AttributeRange#valueEndPos",ok,compiles,1,3.1,ok,compiles,1,4.1
jsoup-0118,jsoup,org/jsoup/parser/Parser.java,method,"org.jsoup.parser.Parser#parseFragment(String,Element,String,ParseErrorList)",ok,compiles,8,7.0,ok,compiles,8,223.4
jsoup-0119,jsoup,org/jsoup/helper/CookieUtil.java,method,"org.jsoup.helper.CookieUtil#asUri(URL)",ok,compiles,1,5.0,ok,compiles,1,4.8
jsoup-0120,jsoup,org/jsoup/helper/DataUtil.java,field,"org.jsoup.helper.DataUtil#mimeBoundaryChars",ok,compiles,1,3.6,ok,compiles,1,220.4
jsoup-0121,jsoup,org/jsoup/select/Evaluator.java,method,"org.jsoup.select.Evaluator.Matches#cost()",ok,compiles,1,2.9,ok,compiles,1,219.8
jsoup-0122,jsoup,org/jsoup/select/NodeTraversor.java,method,"org.jsoup.select.NodeTraversor#traverse(NodeVisitor,Elements)",ok,compiles,8,223.3,ok,compiles,8,6.6
jsoup-0123,jsoup,org/jsoup/nodes/Attributes.java,method,"org.jsoup.nodes.Attributes#sourceRange(String,Range.AttributeRange)",ok,compiles,6,6.4,ok,compiles,6,5.3
jsoup-0124,jsoup,org/jsoup/parser/TokenQueue.java,field,"org.jsoup.parser.TokenQueue#Unicode_Null",ok,compiles,1,4.2,ok,compiles,1,3.5
jsoup-0125,jsoup,org/jsoup/parser/Tag.java,field,"org.jsoup.parser.Tag#options",ok,compiles,1,5.1,ok,compiles,1,3.8
jsoup-0126,jsoup,org/jsoup/nodes/Attribute.java,method,"org.jsoup.nodes.Attribute#prefix()",ok,compiles,2,4.7,ok,compiles,2,3.9
jsoup-0127,jsoup,org/jsoup/Jsoup.java,method,"org.jsoup.Jsoup#Jsoup()",ok,compiles,1,4.1,ok,compiles,1,3.3
jsoup-0128,jsoup,org/jsoup/select/Elements.java,method,"org.jsoup.select.Elements#prev()",ok,compiles,5,5.8,ok,compiles,5,6.0
jsoup-0129,jsoup,org/jsoup/HttpStatusException.java,method,"org.jsoup.HttpStatusException#getUrl()",ok,compiles,1,2.9,ok,compiles,1,3.3
jsoup-0130,jsoup,org/jsoup/examples/HtmlToPlainText.java,method,"org.jsoup.examples.HtmlToPlainText#trimParents(Elements)",ok,compiles,6,5.4,ok,compiles,6,7.2
jsoup-0131,jsoup,org/jsoup/nodes/Element.java,field,"org.jsoup.nodes.Element.NodeList#validChildren",ok,compiles,2,4.2,ok,compiles,2,5.8
jsoup-0132,jsoup,org/jsoup/parser/Token.java,method,"org.jsoup.parser.Token#asComment()",ok,compiles,1,2.7,ok,compiles,1,3.2
jsoup-0133,jsoup,org/jsoup/parser/CharacterReader.java,method,"org.jsoup.parser.CharacterReader#matchConsumeIgnoreCase(String)",ok,compiles,1,4.1,ok,compiles,1,4.8
jsoup-0134,jsoup,org/jsoup/nodes/Range.java,method,"org.jsoup.nodes.Range.Spans#sourceRange(LineMap,int,int)",ok,compiles,2,4.5,ok,compiles,2,3.0
jsoup-0135,jsoup,org/jsoup/select/Evaluator.java,method,"org.jsoup.select.Evaluator.AllElements#matches(Element,Element)",ok,compiles,3,4.3,ok,compiles,3,3.2
jsoup-0136,jsoup,org/jsoup/helper/RequestAuthenticator.java,method,"org.jsoup.helper.RequestAuthenticator.Context#credentials(String,String)",ok,compiles,1,3.9,ok,compiles,1,3.1
jsoup-0137,jsoup,org/jsoup/helper/RequestAuthenticator.java,field,"org.jsoup.helper.RequestAuthenticator.Context#url",ok,compiles,1,3.2,ok,compiles,1,3.2
jsoup-0138,jsoup,org/jsoup/parser/Token.java,method,"org.jsoup.parser.Token.Comment#append(char)",ok,compiles,2,3.5,ok,compiles,2,3.9
jsoup-0139,jsoup,org/jsoup/select/Evaluator.java,method,"org.jsoup.select.Evaluator.MatchesOwn#MatchesOwn(Regex)",ok,compiles,2,2.7,ok,compiles,2,3.7
jsoup-0140,jsoup,org/jsoup/helper/HttpConnection.java,method,"org.jsoup.helper.HttpConnection.Response#streamParser()",ok,compiles,10,5.8,ok,compiles,10,5.9
jsoup-0141,jsoup,org/jsoup/Connection.java,method,"org.jsoup.Connection.Base#multiHeaders()",ok,compiles,1,3.2,ok,compiles,1,3.2
jsoup-0142,jsoup,org/jsoup/helper/HttpConnection.java,field,"org.jsoup.helper.HttpConnection.Request#parserDefined",ok,compiles,2,3.2,ok,compiles,2,3.9
jsoup-0143,jsoup,org/jsoup/nodes/Element.java,method,"org.jsoup.nodes.Element#dataset()",ok,compiles,5,4.1,ok,compiles,5,3.8
jsoup-0144,jsoup,org/jsoup/nodes/Attribute.java,method,"org.jsoup.nodes.Attribute#html()",ok,compiles,7,4.0,ok,compiles,7,3.9
jsoup-0145,jsoup,org/jsoup/select/CombiningEvaluator.java,field,"org.jsoup.select.CombiningEvaluator#cost",ok,compiles,2,3.1,ok,compiles,2,3.2
jsoup-0146,jsoup,org/jsoup/nodes/DocumentType.java,method,"org.jsoup.nodes.DocumentType#has(String)",ok,compiles,5,3.5,ok,compiles,5,3.4
jsoup-0147,jsoup,org/jsoup/examples/HtmlToPlainText.java,method,"org.jsoup.examples.HtmlToPlainText.FormattingVisitor#head(Node,int)",ok,compiles,6,4.2,ok,compiles,6,3.6
jsoup-0148,jsoup,org/jsoup/helper/HttpConnection.java,method,"org.jsoup.helper.HttpConnection.Base#url()",ok,compiles,2,3.8,ok,compiles,2,3.3
jsoup-0149,jsoup,org/jsoup/nodes/Node.java,method,"org.jsoup.nodes.Node#traverse(NodeVisitor)",ok,fails,4,4.1,ok,fails,4,3.8
jsoup-0150,jsoup,org/jsoup/select/Elements.java,method,"org.jsoup.select.Elements#childNodesOfType(Class<T>)",ok,compiles,4,5.6,ok,compiles,4,7.1
junit4-0001,junit4,org/junit/internal/matchers/ThrowableCauseMatcher.java,method,"org.junit.internal.matchers.ThrowableCauseMatcher#describeTo(Description)",ok,fails,7,3.3,ok,fails,7,3.9
junit4-0002,junit4,org/junit/internal/runners/rules/RuleMemberValidator.java,field,"org.junit.internal.runners.rules.RuleMemberValidator#methods",ok,compiles,1,2.5,ok,compiles,1,3.4
junit4-0003,junit4,org/junit/runners/model/InvalidTestClassError.java,method,"org.junit.runners.model.InvalidTestClassError#createMessage(Class<?>,List<Throwable>)",ok,compiles,2,3.5,ok,compiles,2,4.3
junit4-0004,junit4,org/junit/experimental/categories/Categories.java,method,"org.junit.experimental.categories.Categories.CategoryFilter#include(boolean,Class<?>...)",ok,compiles,9,4.2,ok,compiles,9,5.1
junit4-0005,junit4,org/junit/rules/Stopwatch.java,field,"org.junit.rules.Stopwatch#startNanos",ok,compiles,2,3.6,ok,compiles,2,4.1
junit4-0006,junit4,org/junit/experimental/categories/Categories.java,method,"org.junit.experimental.categories.Categories.CategoryFilter#directCategories(Description)",ok,compiles,14,4.4,ok,compiles,14,4.2
junit4-0007,junit4,org/junit/experimental/max/MaxHistory.java,field,"org.junit.experimental.max.MaxHistory#fDurations",ok,compiles,1,4.4,ok,compiles,1,4.1
junit4-0008,junit4,junit/textui/TestRunner.java,method,"junit.textui.TestRunner#pause(boolean)",ok,compiles,4,4.8,ok,compiles,4,4.3
junit4-0009,junit4,org/junit/Assert.java,method,"org.junit.Assert#assertArrayEquals(char[],char[])",ok,compiles,2,3.8,ok,compiles,2,3.9
junit4-0010,junit4,junit/textui/TestRunner.java,method,"junit.textui.TestRunner#setPrinter(ResultPrinter)",ok,compiles,4,4.3,ok,compiles,4,4.3
junit4-0011,junit4,org/junit/internal/ArrayComparisonFailure.java,method,"org.junit.internal.ArrayComparisonFailure#ArrayComparisonFailure(String,AssertionError,int)",ok,compiles,1,4.2,ok,compiles,1,4.3
junit4-0012,junit4,org/junit/experimental/max/CouldNotReadCoreException.java,method,"org.junit.experimental.max.CouldNotReadCoreException#CouldNotReadCoreException(Throwable)",ok,compiles,1,2.8,ok,compiles,1,3.3
junit4-0013,junit4,org/junit/experimental/theories/Theories.java,method,"org.junit.experimental.theories.Theories.TheoryAnchor#nullsOk()",ok,compiles,13,4.9,ok,compiles,13,4.3
junit4-0014,junit4,org/junit/internal/management/ReflectiveRuntimeMXBean.java,method,"org.junit.internal.management.ReflectiveRuntimeMXBean#getInputArguments()",ok,compiles,2,4.4,ok,compiles,2,3.7
junit4-0015,junit4,org/junit/runner/Description.java,method,"org.junit.runner.Description#Description(Class<?>,String,Annotation)",ok,compiles,1,3.4,ok,compiles,1,3.2
junit4-0016,junit4,junit/framework/TestListener.java,method,"junit.framework.TestListener#endTest(Test)",ok,compiles,2,3.5,ok,compiles,2,3.1
junit4-0017,junit4,org/junit/runners/model/FrameworkMethod.java,method,"org.junit.runners.model.FrameworkMethod#getAnnotations()",ok,compiles,3,4.1,ok,compiles,3,4.0
junit4-0018,junit4,junit/textui/TestRunner.java,method,"junit.textui.TestRunner#doRun(Test,boolean)",ok,compiles,6,3.9,ok,compiles,6,3.8
junit4-0019,junit4,org/junit/runners/model/TestClass.java,method,"org.junit.runners.model.TestClass#getSortedDeclaredFields(Class<?>)",ok,compiles,2,3.9,ok,compiles,2,4.1
junit4-0020,junit4,org/junit/ComparisonFailure.java,method,"org.junit.ComparisonFailure#getActual()",ok,compiles,1,3.4,ok,compiles,1,3.9
junit4-0021,junit4,org/junit/internal/runners/MethodRoadie.java,field,"org.junit.internal.runners.MethodRoadie#notifier",ok,compiles,2,3.4,ok,compiles,2,3.3
junit4-0022,junit4,junit/runner/BaseTestRunner.java,method,"junit.runner.BaseTestRunner#testFailed(int,Test,Throwable)",ok,compiles,3,3.1,ok,compiles,3,3.2
junit4-0023,junit4,junit/textui/TestRunner.java,method,"junit.textui.TestRunner#TestRunner()",ok,compiles,3,3.6,ok,compiles,3,3.8
junit4-0024,junit4,org/junit/rules/TestRule.java,method,"org.junit.rules.TestRule#apply(Statement,Description)",ok,compiles,3,3.8,ok,compiles,3,3.6
junit4-0025,junit4,org/junit/runners/ParentRunner.java,method,"org.junit.runners.ParentRunner#collectInitializationErrors(List<Throwable>)",ok,compiles,8,4.2,ok,compiles,8,4.2
junit4-0026,junit4,org/junit/experimental/theories/ParameterSignature.java,method,"org.junit.experimental.theories.ParameterSignature#canAcceptType(Class<?>)",ok,compiles,1,3.6,ok,compiles,1,3.8
junit4-0027,junit4,junit/framework/TestResult.java,field,"junit.framework.TestResult#fRunTests",ok,compiles,1,2.9,ok,compiles,1,3.2
junit4-0028,junit4,org/junit/runner/notification/Failure.java,method,"org.junit.runner.notification.Failure#getTestHeader()",ok,compiles,2,2.9,ok,compiles,2,3.1
junit4-0029,junit4,org/junit/runners/model/TestClass.java,method,"org.junit.runners.model.TestClass#getAnnotatedFieldValues(Object,Class<?extendsAnnotation>,Class<T>)",ok,compiles,4,3.4,ok,compiles,4,3.6
junit4-0030,junit4,org/junit/rules/TestWatcher.java,method,"org.junit.rules.TestWatcher#finishedQuietly(Description,List<Throwable>)",ok,compiles,3,3.6,ok,compiles,3,3.7
junit4-0031,junit4,org/junit/internal/runners/MethodRoadie.java,method,"org.junit.internal.runners.MethodRoadie#runTest()",ok,compiles,1,3.8,ok,compiles,1,3.7
junit4-0032,junit4,org/junit/runners/model/FrameworkField.java,method,"org.junit.runners.model.FrameworkField#getType()",ok,compiles,3,3.7,ok,compiles,3,3.8
junit4-0033,junit4,org/junit/runners/parameterized/TestWithParameters.java,field,"org.junit.runners.parameterized.TestWithParameters#testClass",ok,compiles,3,3.6,ok,compiles,3,3.7
junit4-0034,junit4,org/junit/experimental/theories/internal/Assignments.java,method,"org.junit.experimental.theories.internal.Assignments#getConstructorArguments()",ok,compiles,2,3.2,ok,compiles,2,3.2
junit4-0035,junit4,junit/framework/ComparisonCompactor.java,method,"junit.framework.ComparisonCompactor#computeCommonPrefix()",ok,compiles,1,3.7,ok,compiles,1,3.3
junit4-0036,junit4,org/junit/internal/runners/statements/ExpectException.java,method,"org.junit.internal.runners.statements.ExpectException#ExpectException(Statement,Class<?extendsThrowable>)",ok,compiles,2,3.8,ok,compiles,2,3.3
junit4-0037,junit4,org/junit/runners/BlockJUnit4ClassRunner.java,field,"org.junit.runners.BlockJUnit4ClassRunner#methodDescriptions",ok,compiles,11,4.1,ok,compiles,11,3.4
junit4-0038,junit4,org/junit/validator/AnnotationsValidator.java,method,"org.junit.validator.AnnotationsValidator.MethodValidator#validateAnnotatable(AnnotationValidator,FrameworkMethod)",ok,compiles,6,4.1,ok,compiles,6,3.4
junit4-0039,junit4,junit/runner/BaseTestRunner.java,method,"junit.runner.BaseTestRunner#extractClassName(String)",ok,compiles,2,3.8,ok,compiles,2,3.2
junit4-0040,junit4,org/junit/runner/notification/RunNotifier.java,method,"org.junit.runner.notification.RunNotifier.SafeNotifier#SafeNotifier()",ok,compiles,2,3.1,ok,compiles,2,2.9
junit4-0041,junit4,org/junit/rules/Stopwatch.java,method,"org.junit.rules.Stopwatch#finished(long,Description)",ok,compiles,3,3.4,ok,compiles,3,2.7
junit4-0042,junit4,org/junit/experimental/theories/internal/AllMembersSupplier.java,field,"org.junit.experimental.theories.internal.AllMembersSupplier.MethodParameterValue#method",ok,compiles,6,3.9,ok,compiles,6,3.3
junit4-0043,junit4,junit/framework/TestCase.java,method,"junit.framework.TestCase#assertEquals(String,boolean,boolean)",ok,compiles,3,3.7,ok,compiles,3,3.9
junit4-0044,junit4,org/junit/internal/matchers/ThrowableMessageMatcher.java,method,"org.junit.internal.matchers.ThrowableMessageMatcher#describeTo(Description)",ok,fails,7,3.9,ok,fails,7,3.9
junit4-0045,junit4,org/junit/runners/model/TestClass.java,method,"org.junit.runners.model.TestClass#equals(Object)",ok,compiles,2,3.9,ok,compiles,2,4.0
junit4-0046,junit4,org/junit/runner/notification/RunNotifier.java,method,"org.junit.runner.notification.RunNotifier#fireTestSuiteStarted(Description)",ok,compiles,3,3.8,ok,compiles,3,4.0
junit4-0047,junit4,junit/textui/TestRunner.java,method,"junit.textui.TestRunner#runFailed(String)",ok,compiles,3,2.7,ok,compiles,3,3.4
junit4-0048,junit4,org/junit/runners/model/TestTimedOutException.java,field,"org.junit.runners.model.TestTimedOutException#timeout",ok,compiles,1,3.2,ok,compiles,1,2.9
junit4-0049,junit4,org/junit/rules/TemporaryFolder.java,method,"org.junit.rules.TemporaryFolder#recursiveDelete(File)",ok,compiles,3,3.9,ok,compiles,3,3.5
junit4-0050,junit4,org/junit/runners/parameterized/BlockJUnit4ClassRunnerWithParameters.java,method,"org.junit.runners.parameterized.BlockJUnit4ClassRunnerWithParameters#validateConstructor(List<Throwable>)",ok,compiles,11,4.7,ok,compiles,11,4.8
junit4-0051,junit4,org/junit/runner/Result.java,method,"org.junit.runner.Result#getRunTime()",ok,compiles,1,4.0,ok,compiles,1,3.8
junit4-0052,junit4,junit/framework/Assert.java,method,"junit.framework.Assert#assertEquals(short,short)",ok,compiles,1,4.2,ok,compiles,1,4.2
junit4-0053,junit4,org/junit/rules/Timeout.java,method,"org.junit.rules.Timeout.Builder#getTimeUnit()",ok,compiles,2,3.0,ok,compiles,2,4.0
junit4-0054,junit4,org/junit/internal/requests/MemoizingRequest.java,field,"org.junit.internal.requests.MemoizingRequest#runnerLock",ok,compiles,2,2.5,ok,compiles,2,3.1
junit4-0055,junit4,org/junit/Assert.java,method,"org.junit.Assert#assertArrayEquals(String,boolean[],boolean[])",ok,compiles,2,3.4,ok,compiles,2,3.0
junit4-0056,junit4,org/junit/internal/runners/TestMethod.java,method,"org.junit.internal.runners.TestMethod#getExpectedException()",ok,compiles,2,3.9,ok,compiles,2,4.1
junit4-0057,junit4,org/junit/runners/ParentRunner.java,method,"org.junit.runners.ParentRunner.ClassRuleCollector#accept(FrameworkMember<?>,TestRule)",ok,fails,13,4.6,ok,fails,13,5.0
junit4-0058,junit4,org/junit/Assume.java,method,"org.junit.Assume#assumeNotNull(Object...)",ok,fails,4,4.0,ok,fails,4,4.6
junit4-0059,junit4,junit/textui/TestRunner.java,field,"junit.textui.TestRunner#fPrinter",ok,compiles,4,3.6,ok,compiles,4,4.5
junit4-0060,junit4,org/junit/internal/management/ManagementFactory.java,method,"org.junit.internal.management.ManagementFactory#getThreadMXBean()",ok,compiles,2,3.3,ok,compiles,2,4.2
junit4-0061,junit4,org/junit/runners/model/MultipleFailureException.java,method,"org.junit.runners.model.MultipleFailureException#getFailures()",ok,compiles,1,2.7,ok,compiles,1,3.2
junit4-0062,junit4,org/junit/runner/JUnitCore.java,method,"org.junit.runner.JUnitCore#defaultComputer()",ok,compiles,2,3.3,ok,compiles,2,2.8
junit4-0063,junit4,org/junit/internal/matchers/ThrowableMessageMatcher.java,method,"org.junit.internal.matchers.ThrowableMessageMatcher#describeMismatchSafely(T,Description)",ok,fails,7,4.6,ok,fails,7,4.2
junit4-0064,junit4,junit/framework/TestCase.java,method,"junit.framework.TestCase#runBare()",ok,compiles,3,4.4,ok,compiles,3,4.2
junit4-0065,junit4,org/junit/runner/Result.java,method,"org.junit.runner.Result.Listener#testRunStarted(Description)",ok,compiles,3,4.5,ok,compiles,3,4.4
junit4-0066,junit4,org/junit/runners/Parameterized.java,field,"org.junit.runners.Parameterized.RunnersFactory#runnerOverride",ok,compiles,8,4.6,ok,compiles,8,4.2
junit4-0067,junit4,junit/framework/TestSuite.java,method,"junit.framework.TestSuite#addTestMethod(Method,List<String>,Class<?>)",ok,compiles,2,3.5,ok,compiles,2,3.6
junit4-0068,junit4,org/junit/internal/Classes.java,method,"org.junit.internal.Classes#Classes()",ok,compiles,1,2.8,ok,compiles,1,3.3
junit4-0069,junit4,junit/framework/Assert.java,method,"junit.framework.Assert#assertTrue(boolean)",ok,compiles,1,3.8,ok,compiles,1,3.3
junit4-0070,junit4,junit/framework/JUnit4TestAdapterCache.java,field,"junit.framework.JUnit4TestAdapterCache#serialVersionUID",ok,compiles,3,4.2,ok,compiles,3,4.3
junit4-0071,junit4,junit/framework/TestCase.java,method,"junit.framework.TestCase#assertEquals(boolean,boolean)",ok,compiles,3,4.3,ok,compiles,3,4.3
junit4-0072,junit4,org/junit/runner/Description.java,method,"org.junit.runner.Description#createTestDescription(Class<?>,String)",ok,compiles,1,4.3,ok,compiles,1,4.3
junit4-0073,junit4,org/junit/experimental/theories/internal/Assignments.java,method,"org.junit.experimental.theories.internal.Assignments#getSupplier(ParameterSignature)",ok,compiles,7,4.0,ok,compiles,7,3.9
junit4-0074,junit4,org/junit/rules/ErrorCollector.java,method,"org.junit.rules.ErrorCollector#verify()",ok,compiles,4,3.8,ok,compiles,4,3.9
junit4-0075,junit4,junit/runner/BaseTestRunner.java,method,"junit.runner.BaseTestRunner#filterLine(String)",ok,compiles,2,3.6,ok,compiles,2,3.6
junit4-0076,junit4,org/junit/rules/ExpectedExceptionMatcherBuilder.java,method,"org.junit.rules.ExpectedExceptionMatcherBuilder#build()",ok,fails,2,4.0,ok,fails,2,3.9
junit4-0077,junit4,org/junit/internal/runners/statements/RunAfters.java,field,"org.junit.internal.runners.statements.RunAfters#target",ok,compiles,2,4.1,ok,compiles,2,3.9
junit4-0078,junit4,junit/extensions/ActiveTestSuite.java,method,"junit.extensions.ActiveTestSuite#runTest(Test,TestResult)",ok,compiles,4,4.2,ok,compiles,4,4.1
junit4-0079,junit4,junit/framework/TestResult.java,method,"junit.framework.TestResult#TestResult()",ok,compiles,3,3.2,ok,compiles,3,3.4
junit4-0080,junit4,junit/textui/ResultPrinter.java,method,"junit.textui.ResultPrinter#print(TestResult,long)",ok,compiles,3,3.2,ok,compiles,3,3.7
junit4-0081,junit4,junit/framework/TestResult.java,method,"junit.framework.TestResult#shouldStop()",ok,compiles,1,3.0,ok,compiles,1,3.1
junit4-0082,junit4,junit/runner/BaseTestRunner.java,method,"junit.runner.BaseTestRunner#testStarted(String)",ok,compiles,2,3.6,ok,compiles,2,3.4
junit4-0083,junit4,org/junit/rules/TemporaryFolder.java,method,"org.junit.rules.TemporaryFolder#TemporaryFolder()",ok,compiles,3,3.6,ok,compiles,3,3.3
junit4-0084,junit4,org/junit/runners/Parameterized.java,method,"org.junit.runners.Parameterized#validatePublicStaticVoidMethods(Class<?extendsAnnotation>,Integer,List<Throwable>)",ok,compiles,12,4.5,ok,compiles,12,5.1
junit4-0085,junit4,org/junit/rules/TemporaryFolder.java,method,"org.junit.rules.TemporaryFolder#newFile()",ok,compiles,3,4.4,ok,compiles,3,4.2
junit4-0086,junit4,org/junit/Assert.java,method,"org.junit.Assert#assertSame(String,Object,Object)",ok,compiles,1,4.5,ok,compiles,1,4.4
junit4-0087,junit4,org/junit/rules/Timeout.java,method,"org.junit.rules.Timeout#millis(long)",ok,compiles,2,4.2,ok,compiles,2,4.5
junit4-0088,junit4,junit/framework/TestCase.java,method,"junit.framework.TestCase#createResult()",ok,compiles,4,4.0,ok,compiles,4,4.2
junit4-0089,junit4,org/junit/experimental/theories/internal/SpecificDataPointsSupplier.java,method,"org.junit.experimental.theories.internal.SpecificDataPointsSupplier#SpecificDataPointsSupplier(TestClass)",ok,compiles,5,4.0,ok,compiles,5,4.4
junit4-0090,junit4,org/junit/rules/DisableOnDebug.java,field,"org.junit.rules.DisableOnDebug#debugging",ok,compiles,2,4.6,ok,compiles,2,4.6
junit4-0091,junit4,org/junit/runner/JUnitCore.java,method,"org.junit.runner.JUnitCore#runClasses(Class<?>...)",ok,compiles,3,4.1,ok,compiles,3,3.3
junit4-0092,junit4,org/junit/internal/runners/JUnit4ClassRunner.java,method,"org.junit.internal.runners.JUnit4ClassRunner#run(RunNotifier)",ok,compiles,9,5.4,ok,compiles,9,4.8
junit4-0093,junit4,org/junit/runner/Request.java,method,"org.junit.runner.Request#classes(Computer,Class<?>...)",ok,compiles,8,5.3,ok,compiles,8,4.7
junit4-0094,junit4,org/junit/runners/model/TestClass.java,method,"org.junit.runners.model.TestClass#addToAnnotationLists(T,Map<Class<?extendsAnnotation>,List<T>>)",ok,compiles,3,4.0,ok,compiles,3,3.9
junit4-0095,junit4,org/junit/experimental/theories/internal/ParameterizedAssertionError.java,method,"org.junit.experimental.theories.internal.ParameterizedAssertionError#join(String,Collection<Object>)",ok,compiles,1,4.0,ok,compiles,1,3.7
junit4-0096,junit4,org/junit/Assert.java,method,"org.junit.Assert#failNotNull(String,Object)",ok,compiles,1,3.7,ok,compiles,1,3.6
junit4-0097,junit4,junit/framework/JUnit4TestAdapter.java,method,"junit.framework.JUnit4TestAdapter#getDescription()",ok,compiles,8,3.1,ok,compiles,8,3.2
junit4-0098,junit4,junit/framework/JUnit4TestAdapter.java,method,"junit.framework.JUnit4TestAdapter#removeIgnored(Description)",ok,compiles,7,3.9,ok,compiles,7,4.2
junit4-0099,junit4,org/junit/internal/runners/MethodRoadie.java,method,"org.junit.internal.runners.MethodRoadie#runBeforesThenTestThenAfters(Runnable)",ok,compiles,2,3.8,ok,compiles,2,4.3
junit4-0100,junit4,org/junit/internal/TextListener.java,method,"org.junit.internal.TextListener#testStarted(Description)",ok,compiles,3,3.6,ok,compiles,3,3.7
junit4-0101,junit4,org/junit/runners/model/MultipleFailureException.java,field,"org.junit.runners.model.MultipleFailureException#fErrors",ok,compiles,1,3.5,ok,compiles,1,3.7
junit4-0102,junit4,org/junit/runners/model/TestTimedOutException.java,method,"org.junit.runners.model.TestTimedOutException#getTimeUnit()",ok,compiles,1,3.8,ok,compiles,1,3.2
junit4-0103,junit4,junit/framework/TestResult.java,field,"junit.framework.TestResult#fStop",ok,compiles,1,2.6,ok,compiles,1,3.4
junit4-0104,junit4,org/junit/internal/runners/JUnit38ClassRunner.java,method,"org.junit.internal.runners.JUnit38ClassRunner#getAnnotations(TestCase)",ok,compiles,9,4.8,ok,compiles,9,4.9
junit4-0105,junit4,org/junit/runner/manipulation/Orderer.java,method,"org.junit.runner.manipulation.Orderer#order(Collection<Description>)",ok,compiles,4,4.4,ok,compiles,4,4.5
junit4-0106,junit4,org/junit/internal/TextListener.java,method,"org.junit.internal.TextListener#testFailure(Failure)",ok,compiles,3,4.3,ok,compiles,3,4.6
junit4-0107,junit4,org/junit/runners/model/FrameworkField.java,method,"org.junit.runners.model.FrameworkField#toString()",ok,compiles,3,4.4,ok,compiles,3,4.6
junit4-0108,junit4,org/junit/runners/model/RunnerBuilder.java,method,"org.junit.runners.model.RunnerBuilder#runnerForClass(Class<?>)",ok,compiles,3,2.9,ok,compiles,3,2.8
junit4-0109,junit4,org/junit/rules/TemporaryFolder.java,method,"org.junit.rules.TemporaryFolder#createTemporaryFolderWithFileApi(File)",ok,compiles,3,4.5,ok,compiles,3,5.0
junit4-0110,junit4,org/junit/experimental/max/MaxCore.java,method,"org.junit.experimental.max.MaxCore#sortRequest(Request)",ok,compiles,5,4.5,ok,compiles,5,4.4
junit4-0111,junit4,org/junit/internal/requests/FilterRequest.java,method,"org.junit.internal.requests.FilterRequest#getRunner()",ok,compiles,7,5.3,ok,compiles,7,4.3
junit4-0112,junit4,org/junit/internal/TextListener.java,method,"org.junit.internal.TextListener#elapsedTimeAsString(long)",ok,compiles,2,4.8,ok,compiles,2,4.2
junit4-0113,junit4,org/junit/runners/model/TestClass.java,method,"org.junit.runners.model.TestClass#getAnnotatedMethods(Class<?extendsAnnotation>)",crash,na,0,4.2,crash,na,0,3.0
junit4-0114,junit4,org/junit/Assert.java,method,"org.junit.Assert#assertNull(String,Object)",ok,compiles,1,3.5,ok,compiles,1,3.2
junit4-0115,junit4,org/junit/runners/model/FrameworkMethod.java,method,"org.junit.runners.model.FrameworkMethod#getParameterTypes()",ok,compiles,3,4.1,ok,compiles,3,3.3
junit4-0116,junit4,org/junit/internal/runners/MethodRoadie.java,method,"org.junit.internal.runners.MethodRoadie#run()",ok,compiles,6,4.1,ok,compiles,6,3.5
junit4-0117,junit4,org/junit/rules/ExpectedException.java,method,"org.junit.rules.ExpectedException.ExpectedExceptionStatement#evaluate()",ok,compiles,3,3.9,ok,compiles,3,3.8
junit4-0118,junit4,org/junit/internal/runners/TestClass.java,method,"org.junit.internal.runners.TestClass#getSuperClasses(Class<?>)",ok,compiles,1,3.7,ok,compiles,1,3.5
junit4-0119,junit4,org/junit/runners/parameterized/BlockJUnit4ClassRunnerWithParameters.java,method,"org.junit.runners.parameterized.BlockJUnit4ClassRunnerWithParameters#fieldsAreAnnotated()",ok,compiles,12,3.7,ok,compiles,12,3.6
junit4-0120,junit4,junit/framework/TestFailure.java,field,"junit.framework.TestFailure#fFailedTest",ok,compiles,2,3.0,ok,compiles,2,3.4
junit4-0121,junit4,org/junit/experimental/results/PrintableResult.java,method,"org.junit.experimental.results.PrintableResult#failures()",ok,compiles,3,2.7,ok,compiles,3,2.8
junit4-0122,junit4,junit/runner/BaseTestRunner.java,method,"junit.runner.BaseTestRunner#endTest(Test)",ok,compiles,3,2.9,ok,compiles,3,3.0
junit4-0123,junit4,junit/textui/ResultPrinter.java,method,"junit.textui.ResultPrinter#printDefectTrace(TestFailure)",ok,compiles,4,3.2,ok,compiles,4,4.5
junit4-0124,junit4,org/junit/runner/manipulation/Orderer.java,method,"org.junit.runner.manipulation.Orderer#Orderer(Ordering)",ok,compiles,2,2.9,ok,compiles,2,3.5
junit4-0125,junit4,org/junit/runners/ParentRunner.java,field,"org.junit.runners.ParentRunner#scheduler",ok,compiles,7,3.4,ok,compiles,7,4.6
junit4-0126,junit4,org/junit/experimental/results/PrintableResult.java,method,"org.junit.experimental.results.PrintableResult#PrintableResult(Result)",ok,compiles,2,2.7,ok,compiles,2,3.8
junit4-0127,junit4,org/junit/internal/runners/MethodRoadie.java,method,"org.junit.internal.runners.MethodRoadie#MethodRoadie(Object,TestMethod,RunNotifier,Description)",ok,compiles,4,2.9,ok,compiles,4,3.1
junit4-0128,junit4,org/junit/rules/Stopwatch.java,method,"org.junit.rules.Stopwatch.InternalWatcher#succeeded(Description)",ok,compiles,4,4.0,ok,compiles,4,4.3
junit4-0129,junit4,org/junit/runner/Result.java,method,"org.junit.runner.Result.Listener#testRunFinished(Result)",ok,compiles,2,3.3,ok,compiles,2,3.3
junit4-0130,junit4,org/junit/internal/matchers/ThrowableMessageMatcher.java,method,"org.junit.internal.matchers.ThrowableMessageMatcher#hasMessage(Matcher<String>)",ok,fails,5,4.2,ok,fails,5,3.9
junit4-0131,junit4,junit/runner/BaseTestRunner.java,method,"junit.runner.BaseTestRunner#getTest(String)",ok,compiles,4,4.5,ok,compiles,4,4.5
junit4-0132,junit4,junit/textui/TestRunner.java,method,"junit.textui.TestRunner#TestRunner(PrintStream)",ok,compiles,4,4.4,ok,compiles,4,4.3
junit4-0133,junit4,org/junit/rules/TestName.java,method,"org.junit.rules.TestName#starting(Description)",ok,compiles,4,3.4,ok,compiles,4,3.7
junit4-0134,junit4,org/junit/experimental/ParallelComputer.java,method,"org.junit.experimental.ParallelComputer#getRunner(RunnerBuilder,Class<?>)",ok,compiles,5,4.5,ok,compiles,5,4.3
junit4-0135,junit4,org/junit/runner/JUnitCommandLineParseResult.java,field,"org.junit.runner.JUnitCommandLineParseResult#parserErrors",ok,compiles,1,3.0,ok,compiles,1,3.0
junit4-0136,junit4,org/junit/experimental/theories/Theories.java,method,"org.junit.experimental.theories.Theories.TheoryAnchor#handleDataPointSuccess()",ok,compiles,12,4.1,ok,compiles,12,4.0
junit4-0137,junit4,org/junit/experimental/max/MaxHistory.java,field,"org.junit.experimental.max.MaxHistory.RememberingListener#starts",ok,compiles,3,3.9,ok,compiles,3,3.8
junit4-0138,junit4,junit/framework/TestCase.java,method,"junit.framework.TestCase#failSame(String)",ok,compiles,3,4.2,ok,compiles,3,4.1
junit4-0139,junit4,org/junit/internal/AssumptionViolatedException.java,method,"org.junit.internal.AssumptionViolatedException#writeObject(ObjectOutputStream)",ok,compiles,6,4.1,ok,compiles,6,4.0
junit4-0140,junit4,org/junit/rules/Timeout.java,method,"org.junit.rules.Timeout.Builder#Builder()",ok,compiles,2,3.9,ok,compiles,2,3.7
junit4-0141,junit4,org/junit/Assert.java,method,"org.junit.Assert#floatIsDifferent(float,float,float)",ok,compiles,1,3.5,ok,compiles,1,3.4
junit4-0142,junit4,org/junit/rules/Timeout.java,method,"org.junit.rules.Timeout#Timeout(long,TimeUnit)",ok,compiles,2,3.4,ok,compiles,2,3.3
junit4-0143,junit4,org/junit/runner/Computer.java,method,"org.junit.runner.Computer#serial()",ok,compiles,1,3.5,ok,compiles,1,3.2
junit4-0144,junit4,org/junit/experimental/results/PrintableResult.java,method,"org.junit.experimental.results.PrintableResult#toString()",ok,compiles,4,4.1,ok,compiles,4,4.0
junit4-0145,junit4,org/junit/runners/model/FrameworkField.java,method,"org.junit.runners.model.FrameworkField#getModifiers()",ok,compiles,3,3.5,ok,compiles,3,3.8
junit4-0146,junit4,org/junit/internal/runners/InitializationError.java,method,"org.junit.internal.runners.InitializationError#getCauses()",ok,compiles,1,3.6,ok,compiles,1,3.6
junit4-0147,junit4,junit/framework/AssertionFailedError.java,method,"junit.framework.AssertionFailedError#defaultString(String)",ok,compiles,1,3.4,ok,compiles,1,3.7
junit4-0148,junit4,junit/framework/Assert.java,method,"junit.framework.Assert#assertEquals(byte,byte)",ok,compiles,1,3.4,ok,compiles,1,3.7
junit4-0149,junit4,org/junit/runners/model/TestClass.java,method,"org.junit.runners.model.TestClass#collectAnnotatedFieldValues(Object,Class<?extendsAnnotation>,Class<T>,MemberValueConsumer<T>)",ok,compiles,5,3.9,ok,compiles,5,4.2
junit4-0150,junit4,org/junit/experimental/theories/internal/Assignments.java,method,"org.junit.experimental.theories.internal.Assignments#Assignments(List<PotentialAssignment>,List<ParameterSignature>,TestClass)",ok,compiles,5,4.0,ok,compiles,5,4.4
retrofit-0001,retrofit,retrofit2/RequestFactory.java,method,"retrofit2.RequestFactory.Builder#Builder(Retrofit,Class<?>,Method)",ok,compiles,2,4.9,ok,compiles,2,4.6
retrofit-0002,retrofit,retrofit2/ParameterHandler.java,field,"retrofit2.ParameterHandler.Query#valueConverter",ok,compiles,2,4.4,ok,compiles,2,4.2
retrofit-0003,retrofit,retrofit2/Utils.java,method,"retrofit2.Utils.WildcardTypeImpl#WildcardTypeImpl(Type[],Type[])",ok,compiles,2,4.7,ok,compiles,2,4.2
retrofit-0004,retrofit,retrofit2/Retrofit.java,method,"retrofit2.Retrofit#nextCallAdapter(CallAdapter.Factory,Type,Annotation[])",ok,compiles,3,5.5,ok,compiles,3,5.7
retrofit-0005,retrofit,retrofit2/BuiltInConverters.java,method,"retrofit2.BuiltInConverters.BufferingResponseBodyConverter#convert(ResponseBody)",ok,fails,5,4.4,ok,fails,5,4.9
retrofit-0006,retrofit,retrofit2/HttpServiceMethod.java,method,"retrofit2.HttpServiceMethod#createResponseConverter(Retrofit,Method,Type)",ok,fails,6,4.7,ok,fails,6,4.8
retrofit-0007,retrofit,retrofit2/RequestBuilder.java,method,"retrofit2.RequestBuilder#canonicalizeForPath(Buffer,String,int,int,boolean)",ok,compiles,5,5.8,ok,compiles,5,5.6
retrofit-0008,retrofit,retrofit2/RequestBuilder.java,method,"retrofit2.RequestBuilder#RequestBuilder(String,HttpUrl,String,Headers,MediaType,boolean,boolean,boolean)",ok,fails,9,5.6,ok,compiles,9,5.1
retrofit-0009,retrofit,retrofit2/ParameterHandler.java,method,"retrofit2.ParameterHandler.Tag#apply(RequestBuilder,T)",ok,compiles,3,4.3,ok,compiles,3,4.1
retrofit-0010,retrofit,retrofit2/Reflection.java,method,"retrofit2.Reflection.Java8#describeMethodParameter(Method,int)",ok,compiles,2,4.7,ok,compiles,2,4.6
retrofit-0011,retrofit,retrofit2/CompletableFutureCallAdapterFactory.java,method,"retrofit2.CompletableFutureCallAdapterFactory.ResponseCallAdapter.ResponseCallback#onFailure(Call<R>,Throwable)",ok,compiles,7,4.7,ok,compiles,7,4.9
retrofit-0012,retrofit,retrofit2/RequestFactory.java,field,"retrofit2.RequestFactory.Builder#isFormEncoded",ok,compiles,1,2.9,ok,compiles,1,3.2
retrofit-0013,retrofit,retrofit2/DefaultCallAdapterFactory.java,method,"retrofit2.DefaultCallAdapterFactory.ExecutorCallbackCall#request()",ok,compiles,4,4.2,ok,compiles,4,3.7
retrofit-0014,retrofit,retrofit2/OkHttpCall.java,method,"retrofit2.OkHttpCall#createRawCall()",ok,compiles,6,5.3,ok,compiles,6,5.9
retrofit-0015,retrofit,retrofit2/Call.java,method,"retrofit2.Call#request()",ok,compiles,2,4.3,ok,compiles,2,4.9
retrofit-0016,retrofit,retrofit2/OptionalConverterFactory.java,method,"retrofit2.OptionalConverterFactory.OptionalConverter#convert(ResponseBody)",ok,fails,6,5.1,ok,fails,6,5.3
retrofit-0017,retrofit,retrofit2/BuiltInFactories.java,method,"retrofit2.BuiltInFactories.Java8#createDefaultCallAdapterFactories(Executor)",ok,compiles,7,4.9,ok,compiles,7,5.5
retrofit-0018,retrofit,retrofit2/HttpException.java,method,"retrofit2.HttpException#HttpException(Response<?>)",ok,compiles,2,4.7,ok,compiles,2,5.5
retrofit-0019,retrofit,retrofit2/Call.java,method,"retrofit2.Call#isExecuted()",ok,compiles,1,3.3,ok,compiles,1,4.1
retrofit-0020,retrofit,retrofit2/CompletableFutureCallAdapterFactory.java,method,"retrofit2.CompletableFutureCallAdapterFactory.ResponseCallAdapter#ResponseCallAdapter(Type)",ok,compiles,5,5.1,ok,compiles,5,5.1
retrofit-0021,retrofit,retrofit2/Utils.java,method,"retrofit2.Utils#methodError(Method,String,Object...)",ok,compiles,2,5.3,ok,compiles,2,5.4
retrofit-0022,retrofit,retrofit2/RequestFactory.java,field,"retrofit2.RequestFactory.Builder#gotBody",ok,compiles,1,3.8,ok,compiles,1,3.0
retrofit-0023,retrofit,retrofit2/ParameterHandler.java,method,"retrofit2.ParameterHandler.QueryMap#apply(RequestBuilder,Map<String,T>)",ok,compiles,5,6.3,ok,compiles,5,6.2
retrofit-0024,retrofit,retrofit2/Utils.java,method,"retrofit2.Utils.WildcardTypeImpl#toString()",ok,compiles,2,5.4,ok,compiles,2,5.6
retrofit-0025,retrofit,retrofit2/HttpServiceMethod.java,field,"retrofit2.HttpServiceMethod.SuspendForResponse#callAdapter",ok,compiles,4,5.0,ok,compiles,4,5.4
retrofit-0026,retrofit,retrofit2/HttpServiceMethod.java,method,"retrofit2.HttpServiceMethod#parseAnnotations(Retrofit,Method,RequestFactory)",crash,na,0,4.7,crash,na,0,5.3
retrofit-0027,retrofit,retrofit2/OptionalConverterFactory.java,method,"retrofit2.OptionalConverterFactory.OptionalConverter#OptionalConverter(Converter<ResponseBody,T>)",ok,compiles,5,4.8,ok,compiles,5,4.5
retrofit-0028,retrofit,retrofit2/Utils.java,method,"retrofit2.Utils#getSupertype(Type,Class<?>,Class<?>)",ok,compiles,1,4.7,ok,compiles,1,4.6
retrofit-0029,retrofit,retrofit2/Converter.java,method,"retrofit2.Converter.Factory#getRawType(Type)",ok,compiles,2,4.5,ok,compiles,2,4.4
retrofit-0030,retrofit,retrofit2/ParameterHandler.java,field,"retrofit2.ParameterHandler.Part#headers",ok,compiles,2,4.4,ok,compiles,2,4.7
retrofit-0031,retrofit,retrofit2/Retrofit.java,field,"retrofit2.Retrofit#callFactory",ok,compiles,2,4.7,ok,compiles,2,4.5
retrofit-0032,retrofit,retrofit2/BuiltInConverters.java,method,"retrofit2.BuiltInConverters.ToStringConverter#convert(Object)",ok,compiles,3,4.8,ok,compiles,3,4.5
retrofit-0033,retrofit,retrofit2/RequestFactory.java,field,"retrofit2.RequestFactory.Builder#isKotlinSuspendFunction",ok,compiles,1,3.6,ok,compiles,1,3.3
retrofit-0034,retrofit,retrofit2/CompletableFutureCallAdapterFactory.java,method,"retrofit2.CompletableFutureCallAdapterFactory.BodyCallAdapter#BodyCallAdapter(Type)",ok,compiles,4,4.5,ok,compiles,4,4.6
retrofit-0035,retrofit,retrofit2/ParameterHandler.java,method,"retrofit2.ParameterHandler.Path#apply(RequestBuilder,T)",ok,compiles,5,5.2,ok,compiles,5,5.3
retrofit-0036,retrofit,retrofit2/Utils.java,method,"retrofit2.Utils.WildcardTypeImpl#getUpperBounds()",ok,compiles,1,4.8,ok,compiles,1,3.9
retrofit-0037,retrofit,retrofit2/ParameterHandler.java,field,"retrofit2.ParameterHandler.Header#name",ok,compiles,1,4.7,ok,compiles,1,4.9
retrofit-0038,retrofit,retrofit2/BuiltInConverters.java,field,"retrofit2.BuiltInConverters.VoidResponseBodyConverter#INSTANCE",ok,compiles,3,4.8,ok,compiles,3,4.9
retrofit-0039,retrofit,retrofit2/Utils.java,field,"retrofit2.Utils#EMPTY_TYPE_ARRAY",ok,compiles,1,3.7,ok,compiles,1,3.9
retrofit-0040,retrofit,retrofit2/CompletableFutureCallAdapterFactory.java,method,"retrofit2.CompletableFutureCallAdapterFactory.BodyCallAdapter.BodyCallback#onFailure(Call<R>,Throwable)",ok,compiles,6,4.7,ok,compiles,6,4.1
retrofit-0041,retrofit,retrofit2/Utils.java,method,"retrofit2.Utils#getParameterUpperBound(int,ParameterizedType)",ok,compiles,1,4.5,ok,compiles,1,4.9
retrofit-0042,retrofit,retrofit2/Utils.java,field,"retrofit2.Utils#checkForKotlinUnit",ok,compiles,1,4.2,ok,compiles,1,3.7
retrofit-0043,retrofit,retrofit2/OkHttpCall.java,method,"retrofit2.OkHttpCall#isExecuted()",ok,compiles,3,5.3,ok,compiles,3,5.2
retrofit-0044,retrofit,retrofit2/OkHttpCall.java,field,"retrofit2.OkHttpCall.ExceptionCatchingResponseBody#delegateSource",ok,compiles,4,5.0,ok,compiles,4,4.7
retrofit-0045,retrofit,retrofit2/RequestFactory.java,field,"retrofit2.RequestFactory.Builder#parameterAnnotationsArray",ok,compiles,1,4.2,ok,compiles,1,4.2
retrofit-0046,retrofit,retrofit2/HttpServiceMethod.java,method,"retrofit2.HttpServiceMethod.SuspendForBody#SuspendForBody(RequestFactory,okhttp3.Call.Factory,Converter<ResponseBody,ResponseT>,CallAdapter<ResponseT,Call<ResponseT>>,boolean,boolean)",ok,fails,7,4.6,ok,fails,7,4.4
retrofit-0047,retrofit,retrofit2/RequestBuilder.java,method,"retrofit2.RequestBuilder#addPart(Headers,RequestBody)",ok,compiles,5,5.0,ok,compiles,5,5.0
retrofit-0048,retrofit,retrofit2/Utils.java,method,"retrofit2.Utils#hasUnresolvableType(Type)",ok,compiles,2,5.4,ok,compiles,2,5.1
retrofit-0049,retrofit,retrofit2/ParameterHandler.java,method,"retrofit2.ParameterHandler.FieldMap#apply(RequestBuilder,Map<String,T>)",ok,compiles,5,6.0,ok,compiles,5,5.5
retrofit-0050,retrofit,retrofit2/Retrofit.java,method,"retrofit2.Retrofit.Builder#validateEagerly(boolean)",ok,compiles,1,4.4,ok,compiles,1,4.0
retrofit-0051,retrofit,retrofit2/Utils.java,method,"retrofit2.Utils.GenericArrayTypeImpl#getGenericComponentType()",ok,compiles,1,4.8,ok,compiles,1,4.9
retrofit-0052,retrofit,retrofit2/RequestBuilder.java,method,"retrofit2.RequestBuilder.ContentTypeOverridingRequestBody#ContentTypeOverridingRequestBody(RequestBody,MediaType)",ok,compiles,3,4.4,ok,compiles,3,4.6
retrofit-0053,retrofit,retrofit2/Utils.java,method,"retrofit2.Utils.WildcardTypeImpl#equals(Object)",ok,compiles,1,4.6,ok,compiles,1,4.8
retrofit-0054,retrofit,retrofit2/OkHttpCall.java,method,"retrofit2.OkHttpCall#execute()",ok,compiles,7,5.5,ok,compiles,7,5.7
retrofit-0055,retrofit,retrofit2/Retrofit.java,method,"retrofit2.Retrofit#converterFactories()",ok,compiles,2,3.9,ok,compiles,2,4.2
retrofit-0056,retrofit,retrofit2/Utils.java,method,"retrofit2.Utils.ParameterizedTypeImpl#equals(Object)",ok,compiles,2,5.1,ok,compiles,2,4.8
retrofit-0057,retrofit,retrofit2/ParameterHandler.java,field,"retrofit2.ParameterHandler.Path#valueConverter",ok,compiles,2,4.3,ok,compiles,2,4.4
retrofit-0058,retrofit,retrofit2/Invocation.java,method,"retrofit2.Invocation#arguments()",ok,compiles,1,3.4,ok,compiles,1,4.1
retrofit-0059,retrofit,retrofit2/ParameterHandler.java,field,"retrofit2.ParameterHandler.FieldMap#p",ok,compiles,1,4.3,ok,compiles,1,4.3
retrofit-0060,retrofit,retrofit2/RequestFactory.java,field,"retrofit2.RequestFactory.Builder#isMultipart",ok,compiles,1,3.6,ok,compiles,1,3.5
retrofit-0061,retrofit,retrofit2/RequestBuilder.java,field,"retrofit2.RequestBuilder#multipartBuilder",ok,compiles,3,4.9,ok,compiles,3,4.5
retrofit-0062,retrofit,retrofit2/HttpServiceMethod.java,field,"retrofit2.HttpServiceMethod.SuspendForBody#callAdapter",ok,compiles,4,4.9,ok,compiles,4,5.0
retrofit-0063,retrofit,retrofit2/ParameterHandler.java,method,"retrofit2.ParameterHandler.Headers#apply(RequestBuilder,okhttp3.Headers)",ok,compiles,5,5.1,ok,compiles,5,5.2
retrofit-0064,retrofit,retrofit2/Utils.java,method,"retrofit2.Utils.ParameterizedTypeImpl#hashCode()",ok,compiles,2,5.2,ok,compiles,2,5.0
retrofit-0065,retrofit,retrofit2/DefaultCallAdapterFactory.java,method,"retrofit2.DefaultCallAdapterFactory.ExecutorCallbackCall#cancel()",ok,compiles,3,4.3,ok,compiles,3,4.7
retrofit-0066,retrofit,retrofit2/Invocation.java,method,"retrofit2.Invocation#instance()",ok,compiles,2,4.4,ok,compiles,2,4.1
retrofit-0067,retrofit,retrofit2/OkHttpCall.java,method,"retrofit2.OkHttpCall.ExceptionCatchingResponseBody#contentLength()",ok,compiles,3,5.0,ok,compiles,3,4.7
retrofit-0068,retrofit,retrofit2/ParameterHandler.java,field,"retrofit2.ParameterHandler.Field#name",ok,compiles,1,4.9,ok,compiles,1,4.7
retrofit-0069,retrofit,retrofit2/Retrofit.java,field,"retrofit2.Retrofit#serviceMethodCache",ok,compiles,1,4.8,ok,compiles,1,4.7
retrofit-0070,retrofit,retrofit2/DefaultMethodSupport.java,field,"retrofit2.DefaultMethodSupport#lookupConstructor",ok,compiles,2,4.7,ok,compiles,2,4.6
retrofit-0071,retrofit,retrofit2/RequestFactory.java,method,"retrofit2.RequestFactory.Builder#parseMethodAnnotation(Annotation)",ok,compiles,15,6.1,ok,compiles,15,5.9
retrofit-0072,retrofit,retrofit2/SkipCallbackExecutorImpl.java,field,"retrofit2.SkipCallbackExecutorImpl#INSTANCE",crash,na,0,3.0,crash,na,0,2.8
retrofit-0073,retrofit,retrofit2/HttpServiceMethod.java,field,"retrofit2.HttpServiceMethod.SuspendForBody#isNullable",ok,compiles,2,4.5,ok,compiles,2,4.7
retrofit-0074,retrofit,retrofit2/Invocation.java,method,"retrofit2.Invocation#method()",ok,compiles,1,4.0,ok,compiles,1,4.1
retrofit-0075,retrofit,retrofit2/Converter.java,method,"retrofit2.Converter.Factory#requestBodyConverter(Type,Annotation[],Annotation[],Retrofit)",ok,compiles,4,4.8,ok,compiles,4,4.9
retrofit-0076,retrofit,retrofit2/RequestFactory.java,field,"retrofit2.RequestFactory#headers",ok,compiles,3,4.8,ok,compiles,3,4.6
retrofit-0077,retrofit,retrofit2/Utils.java,method,"retrofit2.Utils.ParameterizedTypeImpl#ParameterizedTypeImpl(Type,Type,Type)",ok,compiles,2,4.9,ok,compiles,2,4.6
retrofit-0078,retrofit,retrofit2/SkipCallbackExecutorImpl.java,method,"retrofit2.SkipCallbackExecutorImpl#hashCode()",crash,na,0,2.6,crash,na,0,3.2
retrofit-0079,retrofit,retrofit2/CallAdapter.java,method,"retrofit2.CallAdapter.Factory#get(Type,Annotation[],Retrofit)",ok,compiles,3,4.3,ok,compiles,3,4.3
retrofit-0080,retrofit,retrofit2/Response.java,method,"retrofit2.Response#raw()",ok,compiles,2,4.6,ok,compiles,2,4.4
retrofit-0081,retrofit,retrofit2/Response.java,method,"retrofit2.Response#errorBody()",ok,compiles,3,4.8,ok,compiles,3,4.4
retrofit-0082,retrofit,retrofit2/Utils.java,field,"retrofit2.Utils.ParameterizedTypeImpl#typeArguments",ok,compiles,2,4.9,ok,compiles,2,4.9
retrofit-0083,retrofit,retrofit2/Utils.java,method,"retrofit2.Utils#resolve(Type,Class<?>,Type)",ok,compiles,2,5.1,ok,compiles,2,5.0
retrofit-0084,retrofit,retrofit2/OkHttpCall.java,method,"retrofit2.OkHttpCall#OkHttpCall(RequestFactory,Object,Object[],okhttp3.Call.Factory,Converter<ResponseBody,T>)",ok,fails,5,5.0,ok,fails,5,3.2
retrofit-0085,retrofit,retrofit2/RequestBuilder.java,method,"retrofit2.RequestBuilder#setRelativeUrl(Object)",ok,compiles,2,4.0,ok,compiles,2,3.2
retrofit-0086,retrofit,retrofit2/ParameterHandler.java,field,"retrofit2.ParameterHandler.Path#encoded",ok,compiles,1,3.6,ok,compiles,1,3.3
retrofit-0087,retrofit,retrofit2/Invocation.java,field,"retrofit2.Invocation#arguments",ok,compiles,1,3.0,ok,compiles,1,2.6
retrofit-0088,retrofit,retrofit2/ParameterHandler.java,method,"retrofit2.ParameterHandler.RawPart#RawPart()",ok,compiles,2,3.4,ok,compiles,2,2.8
retrofit-0089,retrofit,retrofit2/OkHttpCall.java,method,"retrofit2.OkHttpCall.ExceptionCatchingResponseBody#contentType()",ok,compiles,4,3.5,ok,compiles,4,3.3
retrofit-0090,retrofit,retrofit2/OkHttpCall.java,method,"retrofit2.OkHttpCall.ExceptionCatchingResponseBody#close()",ok,compiles,3,3.1,ok,compiles,3,3.2
retrofit-0091,retrofit,retrofit2/Retrofit.java,method,"retrofit2.Retrofit.Builder#client(OkHttpClient)",ok,fails,3,3.6,ok,fails,3,3.7
retrofit-0092,retrofit,retrofit2/RequestBuilder.java,field,"retrofit2.RequestBuilder#formBuilder",ok,compiles,3,3.0,ok,compiles,3,3.2
retrofit-0093,retrofit,retrofit2/OkHttpCall.java,method,"retrofit2.OkHttpCall#cancel()",ok,compiles,6,3.6,ok,compiles,6,3.6
retrofit-0094,retrofit,retrofit2/Retrofit.java,field,"retrofit2.Retrofit#converterFactories",ok,compiles,2,2.4,ok,compiles,2,2.9
retrofit-0095,retrofit,retrofit2/CompletableFutureCallAdapterFactory.java,method,"retrofit2.CompletableFutureCallAdapterFactory.CallCancelCompletableFuture#cancel(boolean)",ok,compiles,5,3.9,ok,compiles,5,3.3
retrofit-0096,retrofit,retrofit2/DefaultCallAdapterFactory.java,method,"retrofit2.DefaultCallAdapterFactory.ExecutorCallbackCall#isCanceled()",ok,compiles,3,2.6,ok,compiles,3,2.1
retrofit-0097,retrofit,retrofit2/Retrofit.java,method,"retrofit2.Retrofit.Builder#baseUrl(URL)",ok,fails,2,3.3,ok,fails,2,4.0
retrofit-0098,retrofit,retrofit2/Utils.java,method,"retrofit2.Utils.ParameterizedTypeImpl#getActualTypeArguments()",ok,compiles,2,3.1,ok,compiles,2,3.8
retrofit-0099,retrofit,retrofit2/Utils.java,method,"retrofit2.Utils#methodError(Method,Throwable,String,Object...)",ok,compiles,2,3.1,ok,compiles,2,3.8
retrofit-0100,retrofit,retrofit2/CallAdapter.java,method,"retrofit2.CallAdapter.Factory#getRawType(Type)",ok,compiles,2,2.5,ok,compiles,2,3.7
retrofit-0101,retrofit,retrofit2/Retrofit.java,method,"retrofit2.Retrofit.Builder#callAdapterFactories()",ok,compiles,2,2.6,ok,compiles,2,2.5
retrofit-0102,retrofit,retrofit2/CompletableFutureCallAdapterFactory.java,method,"retrofit2.CompletableFutureCallAdapterFactory.ResponseCallAdapter.ResponseCallback#ResponseCallback(CompletableFuture<Response<R>>)",ok,compiles,6,2.7,ok,compiles,6,2.6
retrofit-0103,retrofit,retrofit2/ParameterHandler.java,field,"retrofit2.ParameterHandler.Header#allowUnsafeNonAsciiValues",ok,compiles,1,3.1,ok,compiles,1,2.4
retrofit-0104,retrofit,retrofit2/RequestFactory.java,method,"retrofit2.RequestFactory.Builder#validateResolvableType(int,Type)",ok,compiles,3,3.6,ok,compiles,3,2.6
retrofit-0105,retrofit,retrofit2/OkHttpCall.java,method,"retrofit2.OkHttpCall#timeout()",ok,compiles,5,3.7,ok,compiles,5,2.6
retrofit-0106,retrofit,retrofit2/RequestFactory.java,method,"retrofit2.RequestFactory#parseAnnotations(Retrofit,Class<?>,Method)",ok,compiles,2,3.3,ok,compiles,2,2.4
retrofit-0107,retrofit,retrofit2/DefaultCallAdapterFactory.java,method,"retrofit2.DefaultCallAdapterFactory.ExecutorCallbackCall#ExecutorCallbackCall(Executor,Call<T>)",ok,compiles,3,2.4,ok,compiles,3,2.3
retrofit-0108,retrofit,retrofit2/Response.java,method,"retrofit2.Response#error(int,ResponseBody)",ok,fails,10,5.9,ok,compiles,10,6.7
retrofit-0109,retrofit,retrofit2/ParameterHandler.java,method,"retrofit2.ParameterHandler.Body#Body(Method,int,Converter<T,RequestBody>)",ok,fails,2,2.2,ok,fails,2,2.2
retrofit-0110,retrofit,retrofit2/CompletableFutureCallAdapterFactory.java,method,"retrofit2.CompletableFutureCallAdapterFactory.BodyCallAdapter#adapt(Call<R>)",ok,compiles,6,3.8,ok,compiles,6,3.7
retrofit-0111,retrofit,retrofit2/ParameterHandler.java,field,"retrofit2.ParameterHandler.Path#p",ok,compiles,1,2.5,ok,compiles,1,3.0
retrofit-0112,retrofit,retrofit2/RequestFactory.java,field,"retrofit2.RequestFactory#method",ok,compiles,1,2.1,ok,compiles,1,2.7
retrofit-0113,retrofit,retrofit2/ParameterHandler.java,field,"retrofit2.ParameterHandler.QueryMap#valueConverter",ok,compiles,2,3.0,ok,compiles,2,2.5
retrofit-0114,retrofit,retrofit2/DefaultMethodSupport.java,method,"retrofit2.DefaultMethodSupport#DefaultMethodSupport()",ok,compiles,1,1.9,ok,compiles,1,1.7
retrofit-0115,retrofit,retrofit2/OkHttpCall.java,method,"retrofit2.OkHttpCall.NoContentResponseBody#source()",ok,compiles,4,2.6,ok,compiles,4,2.7
retrofit-0116,retrofit,retrofit2/OkHttpCall.java,field,"retrofit2.OkHttpCall#args",ok,compiles,2,2.5,ok,compiles,2,2.7
retrofit-0117,retrofit,retrofit2/Utils.java,method,"retrofit2.Utils.GenericArrayTypeImpl#equals(Object)",ok,compiles,1,2.5,ok,compiles,1,2.3
retrofit-0118,retrofit,retrofit2/Utils.java,method,"retrofit2.Utils#typeToString(Type)",ok,compiles,1,2.5,ok,compiles,1,2.6
retrofit-0119,retrofit,retrofit2/DefaultCallAdapterFactory.java,field,"retrofit2.DefaultCallAdapterFactory.ExecutorCallbackCall#callbackExecutor",ok,compiles,3,2.5,ok,compiles,3,2.5
retrofit-0120,retrofit,retrofit2/RequestFactory.java,field,"retrofit2.RequestFactory.Builder#PARAM_NAME_REGEX",ok,compiles,1,2.1,ok,compiles,1,2.0
retrofit-0121,retrofit,retrofit2/RequestFactory.java,field,"retrofit2.RequestFactory.Builder#retrofit",ok,compiles,2,2.3,ok,compiles,2,2.4
retrofit-0122,retrofit,retrofit2/RequestBuilder.java,field,"retrofit2.RequestBuilder.ContentTypeOverridingRequestBody#contentType",ok,compiles,3,2.6,ok,compiles,3,2.6
retrofit-0123,retrofit,retrofit2/HttpServiceMethod.java,field,"retrofit2.HttpServiceMethod.SuspendForBody#isUnit",ok,compiles,2,2.1,ok,compiles,2,2.3
retrofit-0124,retrofit,retrofit2/ParameterHandler.java,method,"retrofit2.ParameterHandler#iterable()",ok,compiles,3,2.9,ok,compiles,3,3.0
retrofit-0125,retrofit,retrofit2/Retrofit.java,method,"retrofit2.Retrofit.Builder#Builder()",ok,compiles,1,2.2,ok,compiles,1,2.3
retrofit-0126,retrofit,retrofit2/Response.java,method,"retrofit2.Response#headers()",ok,compiles,3,2.1,ok,compiles,3,2.4
retrofit-0127,retrofit,retrofit2/AndroidMainExecutor.java,field,"retrofit2.AndroidMainExecutor#handler",ok,compiles,4,2.6,ok,compiles,4,2.8
retrofit-0128,retrofit,retrofit2/ParameterHandler.java,method,"retrofit2.ParameterHandler.PartMap#apply(RequestBuilder,Map<String,T>)",ok,compiles,7,3.7,ok,compiles,7,3.3
retrofit-0129,retrofit,retrofit2/HttpException.java,field,"retrofit2.HttpException#code",ok,compiles,1,2.2,ok,compiles,1,2.3
retrofit-0130,retrofit,retrofit2/Call.java,method,"retrofit2.Call#clone()",ok,compiles,1,2.6,ok,compiles,1,2.5
retrofit-0131,retrofit,retrofit2/Converter.java,method,"retrofit2.Converter.Factory#responseBodyConverter(Type,Annotation[],Retrofit)",ok,compiles,4,2.6,ok,compiles,4,2.5
retrofit-0132,retrofit,retrofit2/RequestBuilder.java,field,"retrofit2.RequestBuilder.ContentTypeOverridingRequestBody#delegate",ok,compiles,2,2.4,ok,compiles,2,2.9
retrofit-0133,retrofit,retrofit2/Retrofit.java,method,"retrofit2.Retrofit#create(Class<T>)",crash,na,0,2.4,crash,na,0,2.6
retrofit-0134,retrofit,retrofit2/Platform.java,field,"retrofit2.Platform#reflection",ok,compiles,2,2.4,ok,compiles,2,2.1
retrofit-0135,retrofit,retrofit2/BuiltInFactories.java,method,"retrofit2.BuiltInFactories#createDefaultCallAdapterFactories(Executor)",ok,compiles,4,2.7,ok,compiles,4,2.9
retrofit-0136,retrofit,retrofit2/BuiltInFactories.java,method,"retrofit2.BuiltInFactories#createDefaultConverterFactories()",ok,compiles,2,2.0,ok,compiles,2,2.5
retrofit-0137,retrofit,retrofit2/ParameterHandler.java,field,"retrofit2.ParameterHandler.Tag#cls",ok,compiles,1,2.0,ok,compiles,1,2.4
retrofit-0138,retrofit,retrofit2/Retrofit.java,field,"retrofit2.Retrofit.Builder#callFactory",ok,compiles,3,1.9,ok,compiles,3,2.2
retrofit-0139,retrofit,retrofit2/ServiceMethod.java,method,"retrofit2.ServiceMethod#parseAnnotations(Retrofit,Class<?>,Method)",ok,compiles,6,3.2,ok,compiles,6,3.4
retrofit-0140,retrofit,retrofit2/ParameterHandler.java,method,"retrofit2.ParameterHandler.Field#apply(RequestBuilder,T)",ok,compiles,4,2.6,ok,compiles,4,2.4
retrofit-0141,retrofit,retrofit2/Retrofit.java,method,"retrofit2.Retrofit.Builder#callFactory(okhttp3.Call.Factory)",ok,compiles,3,3.1,ok,compiles,3,3.1
retrofit-0142,retrofit,retrofit2/OptionalConverterFactory.java,method,"retrofit2.OptionalConverterFactory#responseBodyConverter(Type,Annotation[],Retrofit)",ok,compiles,7,3.5,ok,compiles,7,3.2
retrofit-0143,retrofit,retrofit2/ParameterHandler.java,method,"retrofit2.ParameterHandler.Header#apply(RequestBuilder,T)",ok,compiles,4,3.2,ok,compiles,4,3.2
retrofit-0144,retrofit,retrofit2/Utils.java,method,"retrofit2.Utils.WildcardTypeImpl#getLowerBounds()",ok,compiles,2,2.4,ok,compiles,2,2.5
retrofit-0145,retrofit,retrofit2/Response.java,method,"retrofit2.Response#success(T,okhttp3.Response)",ok,fails,5,3.0,ok,fails,5,3.2
retrofit-0146,retrofit,retrofit2/ParameterHandler.java,field,"retrofit2.ParameterHandler.Body#p",ok,compiles,1,2.1,ok,compiles,1,2.0
retrofit-0147,retrofit,retrofit2/Utils.java,field,"retrofit2.Utils.ParameterizedTypeImpl#ownerType",ok,compiles,2,2.9,ok,compiles,2,2.7
retrofit-0148,retrofit,retrofit2/DefaultMethodSupport.java,method,"retrofit2.DefaultMethodSupport#invoke(Method,Class<?>,Object,Object[])",ok,compiles,3,3.1,ok,compiles,3,3.0
retrofit-0149,retrofit,retrofit2/RequestFactory.java,method,"retrofit2.RequestFactory.Builder#boxIfPrimitive(Class<?>)",ok,compiles,1,2.6,ok,compiles,1,2.9
retrofit-0150,retrofit,retrofit2/RequestBuilder.java,field,"retrofit2.RequestBuilder#PATH_TRAVERSAL",ok,compiles,1,2.1,ok,compiles,1,2.5
